PLAYER_ID,PLAYER_NAME,NICKNAME,TEAM_ID,TEAM_ABBREVIATION,AGE,GP,W,L,W_PCT,MIN,FGM,FGA,FG_PCT,FG3M,FG3A,FG3_PCT,FTM,FTA,FT_PCT,OREB,DREB,REB,AST,TOV,STL,BLK,BLKA,PF,PFD,PTS,PLUS_MINUS,NBA_FANTASY_PTS,DD2,TD3,WNBA_FANTASY_PTS,GP_RANK,W_RANK,L_RANK,W_PCT_RANK,MIN_RANK,FGM_RANK,FGA_RANK,FG_PCT_RANK,FG3M_RANK,FG3A_RANK,FG3_PCT_RANK,FTM_RANK,FTA_RANK,FT_PCT_RANK,OREB_RANK,DREB_RANK,REB_RANK,AST_RANK,TOV_RANK,STL_RANK,BLK_RANK,BLKA_RANK,PF_RANK,PFD_RANK,PTS_RANK,PLUS_MINUS_RANK,NBA_FANTASY_PTS_RANK,DD2_RANK,TD3_RANK,WNBA_FANTASY_PTS_RANK,TEAM_COUNT,OFF_RATING,DEF_RATING,NET_RATING,TS_PCT,EFG_PCT,USG_PCT,AST_PCT,REB_PCT,PIE,PACE,SEASON
1630639,A.J. Lawson,A.J.,1610612761,TOR,24.0,26,14,12,0.538,18.7,3.1,7.3,0.421,1.3,3.9,0.327,1.7,2.4,0.683,0.8,2.5,3.3,1.2,0.6,0.5,0.2,0.5,1.7,1.5,9.1,-0.7,16.5,2,0,16.3,424,364,414,239,305,248,228,388,196,181,319,147,129,419,272,258,271,343,394,355,330,201,247,207,219,300,292,159,44,281,1,109.7,111.1,-1.4,0.542,0.508,0.189,0.093,0.08,0.082,103.71,2024-25
1631260,AJ Green,AJ,1610612749,MIL,25.0,73,44,29,0.603,22.7,2.5,5.8,0.429,2.1,5.0,0.427,0.3,0.4,0.815,0.2,2.1,2.4,1.5,0.5,0.5,0.1,0.0,2.2,0.7,7.4,3.1,13.8,0,0,14.6,86,62,188,164,220,310,298,353,77,112,37,470,486,180,497,326,374,291,408,352,467,520,136,394,278,83,342,281,44,318,1,114.0,107.6,6.4,0.621,0.612,0.123,0.086,0.051,0.058,100.84,2024-25
1642358,AJ Johnson,AJ,1610612764,WAS,20.0,29,8,21,0.276,22.0,2.8,7.3,0.385,0.8,3.1,0.267,1.1,1.3,0.865,0.3,1.8,2.0,2.6,1.2,0.4,0.1,0.6,1.7,0.9,7.6,-5.2,14.3,0,0,14.1,412,445,297,473,232,275,227,472,298,243,425,239,266,87,483,372,407,148,198,402,449,120,239,321,273,522,332,281,44,328,2,104.1,115.6,-11.5,0.48,0.441,0.173,0.178,0.042,0.053,100.83,2024-25
203932,Aaron Gordon,Aaron,1610612743,DEN,29.0,51,33,18,0.647,28.4,5.2,9.7,0.531,1.5,3.4,0.436,2.8,3.5,0.81,1.6,3.3,4.8,3.2,1.4,0.5,0.3,0.7,1.6,2.7,14.7,5.9,26.0,3,0,25.6,275,166,345,101,120,113,139,79,171,219,24,73,76,196,91,163,136,118,147,382,290,84,277,89,98,26,127,134,44,124,1,122.5,113.0,9.5,0.65,0.607,0.186,0.143,0.086,0.104,101.64,2024-25
1628988,Aaron Holiday,Aaron,1610612745,HOU,28.0,62,39,23,0.629,12.8,1.9,4.3,0.437,1.2,2.9,0.398,0.5,0.7,0.829,0.2,1.0,1.3,1.3,0.6,0.3,0.2,0.2,1.0,0.8,5.5,1.4,9.9,0,0,10.2,192,100,280,124,403,381,374,325,220,258,91,392,412,142,510,456,485,320,382,453,385,415,413,350,363,142,422,281,44,403,1,110.3,103.6,6.7,0.594,0.571,0.162,0.142,0.044,0.082,103.09,2024-25
1630174,Aaron Nesmith,Aaron,1610612754,IND,25.0,45,29,16,0.644,24.9,4.3,8.4,0.507,1.9,4.3,0.431,1.6,1.8,0.913,0.8,3.1,4.0,1.2,0.8,0.8,0.4,0.5,2.5,1.7,12.0,4.4,21.2,0,0,21.4,318,212,369,102,182,153,173,116,104,151,34,151,194,33,256,179,195,342,306,210,231,182,52,169,147,53,193,281,44,180,1,120.1,111.5,8.5,0.653,0.617,0.171,0.063,0.078,0.087,101.64,2024-25
1630598,Aaron Wiggins,Aaron,1610612760,OKC,26.0,76,62,14,0.816,22.9,4.7,9.6,0.488,1.7,4.5,0.383,1.0,1.2,0.831,1.1,2.8,3.9,1.8,0.9,0.8,0.2,0.5,1.3,0.9,12.0,6.8,21.5,2,0,21.4,51,4,392,25,216,137,142,156,136,144,125,262,282,140,171,218,203,246,274,205,327,170,349,326,146,14,187,159,44,177,1,120.7,106.6,14.2,0.596,0.577,0.2,0.102,0.081,0.105,101.91,2024-25
1641745,Adam Flagler,Adam,1610612760,OKC,25.0,37,34,3,0.919,5.5,0.7,2.6,0.26,0.4,1.9,0.194,0.0,0.1,0.5,0.2,0.5,0.7,0.3,0.1,0.2,0.1,0.1,0.4,0.0,1.8,0.2,3.9,0,0,3.8,361,157,521,11,519,511,469,544,401,343,479,543,546,506,522,531,534,523,546,492,478,514,521,555,514,222,527,281,44,523,1,99.1,96.7,2.3,0.335,0.333,0.207,0.094,0.057,0.025,100.16,2024-25
1641766,Adama Sanogo,Adama,1610612741,CHI,23.0,4,2,2,0.5,5.4,1.0,1.8,0.571,0.0,0.0,0.0,0.0,0.0,0.0,1.3,0.3,1.5,0.3,0.3,0.0,0.0,0.3,0.3,0.3,2.0,-1.3,3.9,0,0,3.8,541,525,532,266,520,476,509,56,499,542,499,544,548,544,134,559,453,534,507,541,519,348,540,521,503,367,526,281,44,524,1,104.2,122.2,-18.1,0.571,0.571,0.145,0.067,0.143,0.078,103.82,2024-25
1641737,Adem Bona,Adem,1610612755,PHI,22.0,58,12,46,0.207,15.6,2.3,3.3,0.703,0.0,0.0,0.0,1.2,1.7,0.67,1.6,2.6,4.2,0.5,1.1,0.4,1.2,0.2,2.2,1.6,5.8,-1.9,15.4,3,0,13.8,223,393,32,518,357,337,424,7,499,540,499,220,205,435,89,245,175,495,235,383,30,373,134,192,355,404,312,134,44,334,1,107.4,114.0,-6.6,0.714,0.703,0.135,0.043,0.13,0.093,100.51,2024-25
1642349,Ajay Mitchell,Ajay,1610612760,OKC,23.0,36,31,5,0.861,16.6,2.5,5.1,0.495,0.6,1.7,0.383,0.8,1.0,0.829,0.5,1.4,1.9,1.8,0.8,0.7,0.1,0.3,1.9,1.5,6.5,3.5,13.0,1,0,12.4,370,186,495,15,339,305,324,147,340,368,128,300,330,145,378,418,417,243,309,248,443,299,199,197,322,75,355,198,44,358,1,110.0,100.2,9.7,0.587,0.557,0.159,0.153,0.053,0.082,100.63,2024-25
201143,Al Horford,Al,1610612738,BOS,39.0,60,44,16,0.733,27.6,3.3,7.7,0.423,1.9,5.2,0.363,0.6,0.6,0.895,1.3,4.8,6.2,2.1,0.8,0.6,0.9,0.1,1.4,0.6,9.0,6.6,23.1,7,0,22.1,206,62,369,61,134,228,207,378,101,100,201,385,420,45,123,66,72,197,320,303,67,451,346,419,228,16,164,87,44,164,1,119.6,108.1,11.5,0.563,0.547,0.136,0.102,0.106,0.091,97.75,2024-25
202692,Alec Burks,Alec,1610612748,MIA,33.0,49,26,23,0.531,17.6,2.3,5.5,0.424,1.8,4.2,0.425,0.8,1.0,0.776,0.3,2.2,2.5,1.1,0.6,0.6,0.1,0.2,0.8,0.9,7.3,2.2,13.5,0,0,14.1,293,240,280,247,320,334,307,373,117,159,39,312,314,262,470,313,359,359,384,319,420,414,467,329,282,114,347,281,44,327,1,113.5,107.6,5.9,0.608,0.587,0.16,0.09,0.07,0.088,98.03,2024-25
1627936,Alex Caruso,Alex,1610612760,OKC,31.0,54,44,10,0.815,19.3,2.6,5.8,0.446,1.1,3.1,0.353,0.8,0.9,0.824,0.7,2.2,2.9,2.5,0.7,1.6,0.6,0.3,1.9,1.1,7.1,5.9,20.2,0,0,18.0,258,62,443,26,288,297,297,291,230,238,235,311,339,156,289,310,314,157,351,15,127,339,199,273,294,25,213,281,44,242,1,117.5,102.5,15.0,0.568,0.541,0.147,0.171,0.072,0.101,102.7,2024-25
1642505,Alex Ducas,Alex,1610612760,OKC,24.0,21,20,1,0.952,6.0,0.6,1.4,0.4,0.5,1.0,0.476,0.1,0.1,1.0,0.4,0.8,1.2,0.2,0.2,0.2,0.0,0.0,0.6,0.0,1.7,-1.0,4.1,0,0,4.1,445,296,548,10,514,524,528,445,377,419,14,536,544,1,417,499,487,541,529,481,519,516,499,554,518,343,521,281,44,519,1,99.6,106.3,-6.7,0.583,0.567,0.115,0.058,0.088,0.065,102.63,2024-25
203458,Alex Len,Alex,1610612747,LAL,32.0,46,21,25,0.457,8.3,0.7,1.4,0.508,0.0,0.2,0.222,0.2,0.4,0.471,0.8,1.2,2.1,0.8,0.4,0.2,0.5,0.2,1.2,0.4,1.6,-3.3,6.8,0,0,5.8,307,280,256,333,477,509,531,112,490,513,463,508,487,530,253,436,404,426,446,498,181,441,376,472,522,470,476,281,44,488,2,101.4,118.9,-17.5,0.525,0.524,0.101,0.143,0.118,0.057,101.55,2024-25
1642024,Alex Reese,Alex,1610612755,PHI,26.0,15,4,11,0.267,14.4,1.7,3.6,0.481,1.0,2.7,0.366,0.6,0.8,0.75,0.6,2.5,3.1,0.3,0.4,0.7,0.7,0.1,1.4,0.7,5.1,1.3,12.8,0,0,12.1,476,493,425,480,380,395,408,175,257,276,186,369,375,310,335,261,289,533,454,259,96,505,334,399,378,152,363,281,44,366,2,117.3,111.8,5.5,0.641,0.62,0.123,0.023,0.103,0.079,104.64,2024-25
1642259,Alex Sarr,Alex,1610612764,WAS,20.0,67,13,54,0.194,27.1,4.9,12.4,0.394,1.6,5.1,0.308,1.7,2.5,0.679,1.9,4.6,6.5,2.4,1.7,0.7,1.5,0.6,2.2,1.8,13.0,-8.1,29.2,10,0,27.8,147,382,8,527,144,125,87,455,159,107,365,141,125,427,65,75,66,164,111,270,14,137,127,152,125,559,105,62,44,106,1,102.7,116.4,-13.7,0.482,0.457,0.23,0.139,0.108,0.084,104.3,2024-25
1631214,Alondes Williams,Alondes,1610612746,LAC,26.0,1,0,1,0.0,3.7,2.0,2.0,1.0,1.0,1.0,1.0,0.0,0.0,0.0,0.0,0.0,0.0,1.0,0.0,0.0,0.0,0.0,0.0,0.0,5.0,6.0,6.5,0,0,7.0,562,557,548,557,549,364,492,1,257,419,1,544,548,544,548,564,565,384,551,541,519,522,554,556,380,23,481,281,44,467,1,171.4,85.7,85.7,1.25,1.25,0.286,0.333,0.0,0.4,90.4,2024-25
1630578,Alperen Sengun,Alperen,1610612745,HOU,22.0,76,52,24,0.684,31.5,7.5,15.0,0.496,0.3,1.2,0.233,3.9,5.6,0.692,3.4,6.9,10.3,4.9,2.6,1.1,0.8,1.1,2.8,5.3,19.1,5.4,42.0,45,4,38.4,51,19,271,77,80,43,55,143,427,399,455,35,22,403,10,21,12,54,45,76,73,18,31,12,56,32,23,7,9,34,1,114.9,107.4,7.6,0.545,0.505,0.259,0.238,0.153,0.153,99.47,2024-25
1641708,Amen Thompson,Amen,1610612745,HOU,22.0,69,43,26,0.623,32.3,5.6,10.1,0.557,0.4,1.3,0.275,2.4,3.6,0.684,2.8,5.4,8.2,3.8,2.0,1.4,1.3,0.7,2.4,2.5,14.1,3.9,35.7,21,3,31.8,129,75,237,134,63,89,126,65,402,390,417,92,74,416,25,43,32,91,78,33,23,108,73,100,111,70,58,28,11,76,1,114.2,107.9,6.3,0.602,0.575,0.172,0.167,0.118,0.129,100.0,2024-25
1629599,Amir Coffey,Amir,1610612746,LAC,28.0,72,41,31,0.569,24.3,3.3,7.1,0.471,1.4,3.4,0.409,1.6,1.8,0.891,0.4,1.8,2.2,1.1,0.6,0.6,0.1,0.4,1.7,1.3,9.7,-0.9,15.3,0,0,15.7,95,83,158,214,200,217,239,208,179,214,61,158,190,52,413,363,386,371,372,325,465,242,258,239,200,324,317,281,44,290,1,109.1,110.6,-1.4,0.614,0.57,0.15,0.065,0.046,0.072,99.23,2024-25
203083,Andre Drummond,Andre,1610612755,PHI,31.0,40,12,28,0.3,18.8,2.9,5.9,0.5,0.1,0.5,0.15,1.4,2.3,0.622,2.7,5.0,7.8,0.9,1.4,1.0,0.5,0.7,2.4,1.7,7.3,-6.1,20.8,5,0,18.9,342,393,209,456,302,267,295,125,481,483,491,182,141,476,26,57,41,423,158,117,187,85,85,166,279,538,204,106,44,224,1,103.4,118.9,-15.5,0.535,0.506,0.183,0.07,0.205,0.109,98.83,2024-25
1641748,Andre Jackson Jr.,Andre,1610612749,MIL,23.0,67,39,28,0.582,14.6,1.4,2.9,0.477,0.4,1.1,0.395,0.2,0.4,0.5,1.0,1.7,2.7,1.2,0.9,0.5,0.2,0.1,1.7,0.4,3.4,-0.5,9.8,0,0,9.3,147,100,209,201,378,430,454,186,382,407,102,506,491,506,199,375,339,335,292,349,358,478,244,471,454,282,423,281,44,421,1,110.6,112.1,-1.5,0.554,0.553,0.115,0.109,0.091,0.051,101.48,2024-25
1629614,Andrew Nembhard,Andrew,1610612754,IND,25.0,65,44,21,0.677,28.9,3.8,8.3,0.458,0.8,2.7,0.291,1.7,2.1,0.794,0.5,2.8,3.3,5.0,1.7,1.2,0.2,0.5,2.3,2.0,10.0,3.1,24.0,2,0,21.9,162,62,297,83,114,179,180,249,307,280,395,146,156,229,373,221,267,50,108,54,397,201,98,132,190,82,155,159,44,168,1,115.5,110.2,5.3,0.545,0.506,0.163,0.225,0.057,0.081,101.31,2024-25
203952,Andrew Wiggins,Andrew,1610612748,MIA,30.0,60,27,33,0.45,30.7,6.3,14.0,0.448,2.2,5.8,0.374,3.3,4.3,0.763,1.5,3.0,4.5,2.6,1.7,1.0,0.8,1.1,1.7,2.9,18.0,-1.7,31.1,3,0,30.9,206,232,130,346,88,76,63,282,69,77,159,60,44,286,103,196,160,147,115,101,69,25,250,76,70,392,89,134,44,84,2,109.4,111.7,-2.3,0.566,0.526,0.238,0.137,0.069,0.105,99.96,2024-25
1629014,Anfernee Simons,Anfernee,1610612757,POR,26.0,70,28,42,0.4,32.7,6.8,16.1,0.426,3.1,8.5,0.363,2.5,2.8,0.902,0.4,2.3,2.7,4.8,2.0,0.9,0.1,0.9,1.7,2.0,19.3,-3.1,30.5,2,0,31.7,118,220,47,389,52,61,45,368,17,16,203,87,110,41,447,292,342,55,75,173,490,38,257,132,53,465,94,159,44,79,1,108.8,113.4,-4.6,0.557,0.521,0.241,0.241,0.039,0.106,99.72,2024-25
1641710,Anthony Black,Anthony,1610612753,ORL,21.0,78,39,39,0.5,24.2,3.4,7.9,0.423,0.8,2.5,0.318,1.9,2.5,0.761,0.7,2.3,2.9,3.1,1.8,1.1,0.6,0.7,2.1,2.3,9.4,-0.5,21.0,1,0,19.7,35,100,68,266,201,215,192,381,306,293,344,126,119,293,309,304,313,126,96,78,113,100,143,114,206,285,199,198,44,206,1,106.2,107.1,-0.9,0.521,0.473,0.19,0.201,0.061,0.084,97.83,2024-25
203076,Anthony Davis,Anthony,1610612742,DAL,32.0,51,30,21,0.588,33.4,9.2,17.8,0.516,0.7,2.4,0.282,5.6,7.2,0.775,2.6,8.9,11.6,3.5,2.2,1.2,2.2,0.8,1.9,5.4,24.7,0.5,51.7,36,1,47.2,275,196,297,186,43,9,27,97,329,305,407,12,9,263,30,6,7,102,62,65,4,72,187,11,15,194,6,14,20,7,2,113.3,112.9,0.5,0.588,0.536,0.301,0.182,0.173,0.179,98.83,2024-25
1630162,Anthony Edwards,Anthony,1610612750,MIN,23.0,79,48,31,0.608,36.3,9.1,20.4,0.447,4.1,10.3,0.395,5.3,6.3,0.837,0.8,4.9,5.7,4.5,3.2,1.2,0.6,0.7,1.9,4.3,27.6,3.7,43.4,7,0,45.4,23,30,158,160,9,12,6,288,2,4,104,16,16,126,271,63,94,62,14,66,103,97,196,26,5,73,16,87,44,11,1,116.2,111.4,4.8,0.595,0.547,0.307,0.209,0.077,0.14,98.27,2024-25
1630264,Anthony Gill,Anthony,1610612764,WAS,32.0,51,7,44,0.137,7.8,0.8,1.7,0.489,0.2,0.6,0.323,0.6,1.0,0.66,0.4,0.9,1.3,0.3,0.2,0.2,0.0,0.1,0.6,0.7,2.5,-1.4,5.0,0,0,4.8,275,460,42,543,486,491,512,154,453,476,336,352,327,452,448,478,481,526,528,502,515,464,494,381,483,380,509,281,44,506,1,101.9,109.7,-7.8,0.586,0.545,0.124,0.059,0.077,0.071,101.23,2024-25
1641817,Anton Watson,Anton,1610612752,NYK,24.0,9,5,4,0.556,2.5,0.4,1.0,0.444,0.0,0.1,0.0,0.0,0.0,0.0,0.1,0.2,0.3,0.2,0.2,0.1,0.0,0.1,0.3,0.0,0.9,-1.0,1.7,0,0,1.7,509,485,507,223,560,539,549,293,499,519,499,544,548,544,540,562,560,543,517,525,519,467,531,556,547,334,560,281,44,560,1,103.9,119.2,-15.3,0.444,0.444,0.193,0.125,0.081,0.033,111.52,2024-25
1641810,Antonio Reeves,Antonio,1610612740,NOP,24.0,44,6,38,0.136,15.0,2.6,5.6,0.456,1.2,2.9,0.395,0.6,0.8,0.8,0.4,1.0,1.4,0.9,0.7,0.5,0.1,0.3,0.9,0.5,6.9,-3.4,11.0,0,0,11.5,322,473,85,544,368,299,304,259,221,257,101,357,378,213,424,459,466,414,352,368,471,291,440,442,302,475,392,281,44,375,1,107.3,117.5,-10.2,0.579,0.558,0.183,0.089,0.047,0.072,101.12,2024-25
1630574,Ariel Hukporti,Ariel,1610612752,NYK,23.0,25,17,8,0.68,8.7,0.8,1.2,0.677,0.0,0.0,0.0,0.2,0.5,0.462,0.6,1.5,2.0,0.4,0.8,0.0,0.6,0.1,1.3,0.5,1.9,-2.5,6.1,0,0,5.7,427,323,459,80,471,492,542,14,499,542,499,493,446,533,351,406,406,500,302,540,119,494,359,439,507,442,488,281,44,489,1,97.6,110.1,-12.4,0.654,0.677,0.113,0.075,0.112,0.048,102.57,2024-25
1642422,Armel Traore,Armel,1610612747,LAL,22.0,9,5,4,0.556,7.4,0.7,2.1,0.316,0.0,0.8,0.0,0.2,0.8,0.286,0.2,1.4,1.7,0.1,0.3,0.4,0.2,0.1,0.7,0.6,1.6,-5.4,5.4,0,0,4.7,509,485,507,223,493,513,489,529,499,459,499,496,384,541,506,410,434,555,479,388,334,467,483,428,525,528,499,281,44,508,1,81.9,119.3,-37.3,0.317,0.316,0.153,0.026,0.111,0.027,102.24,2024-25
1641709,Ausar Thompson,Ausar,1610612765,DET,22.0,59,34,25,0.576,22.5,4.2,7.8,0.535,0.2,0.8,0.224,1.5,2.4,0.641,1.9,3.3,5.1,2.3,1.4,1.7,0.7,0.7,2.8,2.2,10.1,1.1,25.3,3,0,22.3,218,157,256,206,224,158,202,76,458,452,462,166,131,460,64,165,116,178,165,14,93,89,27,123,189,161,137,134,44,160,1,113.1,109.2,4.0,0.568,0.547,0.185,0.139,0.11,0.104,102.76,2024-25
1630559,Austin Reaves,Austin,1610612747,LAL,27.0,73,46,27,0.63,34.9,6.5,14.2,0.46,2.7,7.3,0.377,4.4,5.0,0.877,0.8,3.7,4.5,5.8,2.4,1.1,0.3,0.6,2.1,4.4,20.2,2.7,36.1,9,1,36.0,86,45,222,121,26,69,62,243,32,30,144,25,32,74,248,120,156,31,54,75,272,112,159,25,50,99,54,71,20,51,1,117.1,113.3,3.8,0.616,0.556,0.23,0.241,0.065,0.118,99.86,2024-25
1630245,Ayo Dosunmu,Ayo,1610612741,CHI,25.0,46,17,29,0.37,30.3,4.8,9.8,0.492,1.3,4.1,0.328,1.3,1.7,0.785,0.6,2.9,3.5,4.5,1.5,0.9,0.4,0.7,2.3,1.4,12.3,-5.1,25.8,1,1,24.3,307,323,188,412,94,130,138,149,187,168,315,196,206,242,348,204,244,64,138,134,224,81,102,230,138,518,130,198,20,138,1,110.1,117.8,-7.7,0.585,0.561,0.163,0.21,0.054,0.084,104.63,2024-25
1628389,Bam Adebayo,Bam,1610612748,MIA,27.0,78,36,42,0.462,34.3,6.9,14.3,0.485,1.0,2.8,0.357,3.2,4.2,0.765,2.4,7.2,9.6,4.3,2.1,1.3,0.7,0.6,2.1,4.0,18.1,0.3,39.8,38,1,36.9,35,136,47,327,32,58,60,164,256,267,217,62,50,282,37,15,18,76,72,47,92,133,157,37,68,208,34,11,20,44,1,110.9,110.8,0.1,0.561,0.521,0.232,0.204,0.141,0.137,97.02,2024-25
1631248,Baylor Scheierman,Baylor,1610612738,BOS,24.0,31,27,4,0.871,12.4,1.3,3.5,0.355,0.8,2.6,0.317,0.3,0.4,0.75,0.6,1.5,2.1,1.1,0.4,0.5,0.1,0.1,0.7,0.6,3.6,0.9,9.2,0,0,8.9,402,232,507,14,415,454,411,505,296,284,346,474,480,310,332,404,403,372,460,335,496,485,476,420,445,173,432,281,44,430,1,109.9,105.8,4.1,0.49,0.473,0.143,0.12,0.083,0.074,95.28,2024-25
1641767,Ben Sheppard,Ben,1610612754,IND,23.0,63,40,23,0.635,19.5,1.9,4.6,0.418,1.1,3.2,0.342,0.4,0.4,0.889,0.7,2.1,2.8,1.3,0.3,0.6,0.2,0.2,2.0,0.6,5.3,-0.9,12.8,0,0,12.2,185,89,280,111,284,375,364,400,244,236,272,443,467,54,293,330,329,319,473,301,334,389,174,428,371,327,364,281,44,365,1,111.2,113.4,-2.2,0.555,0.537,0.108,0.087,0.07,0.055,102.92,2024-25
1627732,Ben Simmons,Ben,1610612746,LAC,28.0,51,26,25,0.51,22.0,2.3,4.4,0.52,0.0,0.0,0.0,0.5,0.6,0.727,0.9,3.8,4.7,5.6,2.0,0.7,0.5,0.2,2.1,1.1,5.0,-1.1,20.7,1,0,17.7,275,240,256,262,234,342,369,92,499,542,499,415,415,349,223,112,144,34,78,228,186,406,153,277,379,351,207,198,44,252,2,111.7,113.5,-1.8,0.539,0.52,0.133,0.358,0.113,0.103,98.17,2024-25
1631097,Bennedict Mathurin,Bennedict,1610612754,IND,23.0,72,43,29,0.597,29.9,5.4,11.8,0.458,1.4,4.0,0.34,3.8,4.6,0.831,1.2,4.1,5.3,1.9,1.9,0.7,0.3,0.9,2.3,3.4,16.1,1.3,26.4,8,0,26.6,95,75,188,175,105,100,99,246,185,174,278,37,39,141,142,95,110,230,91,272,248,36,110,54,88,148,124,77,44,114,1,113.8,112.2,1.6,0.579,0.516,0.222,0.09,0.088,0.092,101.52,2024-25
1641731,Bilal Coulibaly,Bilal,1610612764,WAS,20.0,59,13,46,0.22,33.0,4.5,10.6,0.421,1.1,3.8,0.281,2.3,3.1,0.746,1.5,3.4,5.0,3.4,2.1,1.3,0.7,0.8,2.4,2.4,12.3,-9.9,27.3,3,1,25.8,218,382,32,513,48,144,118,387,247,185,408,98,87,330,95,142,129,111,66,39,88,66,83,106,137,566,115,134,20,123,1,104.5,118.3,-13.8,0.515,0.472,0.175,0.15,0.07,0.07,103.22,2024-25
202687,Bismack Biyombo,Bismack,1610612759,SAS,32.0,28,10,18,0.357,18.8,2.4,4.1,0.588,0.0,0.0,0.0,0.4,0.9,0.4,1.5,4.1,5.6,1.1,1.0,0.6,0.8,0.4,1.9,1.0,5.1,-3.6,16.8,3,0,14.7,416,419,345,425,297,328,382,46,499,542,499,451,355,537,96,96,97,364,262,319,71,228,203,300,375,482,285,134,44,314,1,108.7,117.9,-9.2,0.576,0.588,0.124,0.079,0.144,0.08,100.23,2024-25
1631104,Blake Wesley,Blake,1610612759,SAS,22.0,58,23,35,0.397,11.8,1.4,3.2,0.435,0.3,1.0,0.293,0.7,1.1,0.623,0.3,0.8,1.1,2.0,0.9,0.6,0.1,0.2,0.8,1.0,3.7,-0.2,9.2,0,0,8.5,223,265,116,394,427,433,437,329,422,419,394,351,303,472,477,504,504,221,271,283,449,373,462,312,439,248,431,281,44,438,1,110.2,109.7,0.5,0.51,0.481,0.165,0.225,0.044,0.066,101.92,2024-25
1626171,Bobby Portis Jr.,Bobby,1610612749,MIL,30.0,49,30,19,0.612,25.4,5.7,12.1,0.466,1.3,3.6,0.365,1.2,1.5,0.836,1.8,6.6,8.4,2.1,1.2,0.7,0.5,0.6,1.9,1.5,13.9,1.9,29.7,11,0,28.2,293,196,329,150,174,87,93,224,191,192,190,208,235,129,67,24,26,198,208,237,136,116,188,205,115,124,98,55,44,104,1,114.1,110.8,3.4,0.542,0.52,0.234,0.126,0.156,0.131,101.2,2024-25
1641752,Bobi Klintman,Bobi,1610612765,DET,22.0,8,4,4,0.5,5.3,0.8,1.3,0.6,0.3,0.6,0.4,0.1,0.3,0.5,0.1,0.8,0.9,0.9,0.1,0.3,0.1,0.0,1.0,0.3,1.9,0.0,5.2,0,0,4.6,516,493,507,266,522,503,540,40,432,470,78,528,517,506,537,505,523,418,544,471,433,522,416,521,509,236,504,281,44,509,1,121.4,117.2,4.2,0.689,0.7,0.121,0.212,0.095,0.095,96.83,2024-25
203992,Bogdan Bogdanović,Bogdan,1610612746,LAC,32.0,54,33,21,0.611,25.0,3.9,9.1,0.427,1.9,5.4,0.363,1.1,1.2,0.879,0.4,2.5,2.9,2.7,1.4,0.8,0.2,0.2,2.4,1.4,10.8,2.0,19.9,1,0,20.3,258,166,297,153,180,173,153,366,94,95,198,245,274,70,413,269,314,144,160,218,361,376,84,234,165,122,218,198,44,194,2,112.7,110.0,2.7,0.559,0.534,0.183,0.152,0.057,0.074,101.35,2024-25
1629626,Bol Bol,Bol,1610612756,PHX,25.0,36,10,26,0.278,12.5,2.7,5.1,0.525,0.9,2.6,0.344,0.6,0.7,0.769,0.6,2.3,2.9,0.6,0.6,0.3,0.7,0.0,0.6,0.5,6.8,-1.0,13.4,1,0,13.1,370,419,237,470,411,289,326,89,289,289,262,389,398,273,354,294,319,468,404,471,89,522,502,442,308,341,350,198,44,343,1,112.1,115.9,-3.9,0.627,0.612,0.204,0.071,0.113,0.114,102.75,2024-25
1630538,Bones Hyland,Bones,1610612750,MIN,24.0,24,11,13,0.458,9.9,2.0,4.9,0.398,1.3,3.4,0.39,1.0,1.1,0.885,0.2,0.8,1.0,1.3,1.0,0.8,0.2,0.2,1.2,0.7,6.2,-1.3,11.2,0,0,11.8,432,407,403,329,459,370,337,450,188,215,113,265,298,59,511,493,505,322,238,219,398,388,377,387,336,370,388,281,44,370,2,102.0,108.1,-6.1,0.576,0.534,0.274,0.246,0.051,0.108,98.61,2024-25
203078,Bradley Beal,Bradley,1610612756,PHX,32.0,53,22,31,0.415,32.1,6.5,13.1,0.497,1.9,5.0,0.386,2.1,2.6,0.803,0.6,2.7,3.3,3.7,1.9,1.1,0.5,0.4,2.6,2.2,17.0,-5.2,29.5,1,0,29.2,263,274,158,377,67,71,79,138,96,111,119,109,116,210,324,235,264,97,92,79,138,226,46,125,77,519,100,198,44,97,1,110.6,118.6,-8.0,0.598,0.571,0.219,0.177,0.054,0.093,100.02,2024-25
1642382,Branden Carlson,Branden,1610612760,OKC,26.0,32,29,3,0.906,7.7,1.3,3.0,0.443,0.7,2.1,0.333,0.4,0.6,0.778,0.5,1.2,1.7,0.4,0.2,0.2,0.7,0.1,0.7,0.4,3.8,1.3,8.7,1,0,8.3,397,212,521,12,488,442,447,300,328,330,297,426,438,252,368,447,432,502,520,507,102,458,481,470,438,150,449,198,44,446,1,115.1,105.8,9.4,0.581,0.557,0.185,0.077,0.099,0.101,103.83,2024-25
1641764,Brandin Podziemski,Brandin,1610612744,GSW,22.0,64,38,26,0.594,26.8,4.4,9.8,0.445,1.8,4.8,0.372,1.1,1.5,0.758,1.0,4.1,5.1,3.4,1.2,1.1,0.2,0.4,1.5,1.9,11.7,4.1,25.6,2,0,24.5,170,110,237,182,153,146,135,292,115,122,166,230,236,298,180,100,119,107,204,82,362,221,317,146,150,62,132,159,44,136,1,111.6,105.1,6.6,0.557,0.537,0.177,0.194,0.089,0.114,100.36,2024-25
1630527,Brandon Boston Jr.,Brandon,1610612740,NOP,23.0,42,8,34,0.19,23.6,4.0,9.1,0.436,1.2,3.3,0.35,1.6,2.0,0.788,0.7,2.5,3.2,2.2,1.2,1.3,0.2,0.6,1.7,1.6,10.7,-3.3,21.0,0,0,20.2,330,445,124,531,210,169,155,328,219,220,244,159,163,237,309,266,281,191,188,46,349,141,236,187,168,471,198,281,44,195,1,108.6,114.8,-6.2,0.535,0.5,0.199,0.14,0.065,0.085,99.87,2024-25
1629634,Brandon Clarke,Brandon,1610612763,MEM,28.0,64,40,24,0.625,18.9,3.7,5.9,0.621,0.0,0.3,0.059,1.0,1.4,0.701,2.0,3.1,5.1,1.0,0.6,0.8,0.6,0.3,2.3,1.2,8.3,2.8,19.5,2,0,17.2,170,89,271,127,295,189,290,32,498,505,497,266,256,392,57,182,118,381,366,193,125,264,106,252,254,93,231,159,44,263,1,116.5,108.2,8.2,0.638,0.622,0.15,0.072,0.126,0.108,105.54,2024-25
1627742,Brandon Ingram,Brandon,1610612761,TOR,27.0,18,5,13,0.278,33.1,8.6,18.5,0.465,2.4,6.4,0.374,2.6,3.1,0.855,0.9,4.6,5.6,5.2,3.8,0.9,0.6,1.2,2.5,3.7,22.2,-7.1,37.3,0,0,38.3,462,485,403,470,47,22,17,225,49,46,157,79,95,102,212,77,105,44,4,158,115,12,57,45,32,551,47,281,44,36,1,107.0,117.7,-10.7,0.56,0.53,0.305,0.28,0.083,0.122,97.49,2024-25
1641706,Brandon Miller,Brandon,1610612766,CHA,22.0,27,8,19,0.296,34.2,7.3,18.2,0.403,3.9,10.9,0.355,2.5,2.9,0.861,0.9,3.9,4.9,3.6,2.8,1.1,0.7,0.8,2.7,2.7,21.0,-4.6,34.9,2,0,37.0,421,445,329,461,34,49,19,437,4,3,226,85,100,92,220,109,135,100,32,84,78,67,34,91,43,509,64,159,44,42,1,106.9,113.8,-6.8,0.54,0.509,0.27,0.182,0.068,0.1,98.77,2024-25
1630314,Brandon Williams,Brandon,1610612742,DAL,25.0,33,15,18,0.455,14.8,3.0,5.7,0.521,0.7,1.8,0.4,1.7,2.0,0.833,0.4,1.4,1.8,2.3,1.2,0.7,0.2,0.6,1.0,1.7,8.3,0.3,15.4,0,0,14.9,390,349,345,339,373,261,302,90,317,356,78,142,165,131,442,417,426,176,203,232,412,125,416,165,256,214,315,281,44,308,1,109.5,108.8,0.7,0.634,0.585,0.218,0.228,0.059,0.119,104.74,2024-25
1630296,Braxton Key,Braxton,1610612744,GSW,28.0,3,3,0,1.0,3.6,0.0,1.3,0.0,0.0,0.3,0.0,1.0,2.0,0.5,0.3,0.3,0.7,0.0,0.3,0.7,0.0,0.3,0.0,1.0,1.0,-2.7,3.5,0,0,3.0,549,508,561,1,550,558,535,558,499,495,499,255,165,506,456,553,536,558,479,259,519,270,554,300,541,444,534,281,44,537,1,90.0,120.7,-30.7,0.226,0.0,0.222,0.0,0.105,-0.026,130.81,2024-25
1641729,Brice Sensabaugh,Brice,1610612762,UTA,21.0,71,14,57,0.197,20.2,3.9,8.4,0.459,2.2,5.2,0.422,0.9,1.0,0.89,0.6,2.4,3.0,1.5,1.5,0.6,0.1,0.4,1.6,0.8,10.9,-4.0,17.5,0,0,19.1,108,364,4,524,268,175,171,245,63,99,42,279,310,53,338,288,312,281,137,280,442,239,291,362,164,497,270,281,44,218,1,109.9,119.5,-9.6,0.612,0.59,0.208,0.117,0.069,0.087,103.21,2024-25
1642355,Bronny James,Bronny,1610612747,LAL,20.0,27,17,10,0.63,6.7,0.8,2.5,0.313,0.3,1.2,0.281,0.4,0.5,0.786,0.1,0.5,0.7,0.8,0.5,0.3,0.1,0.2,0.5,0.4,2.3,-2.6,5.2,0,0,5.0,421,323,443,123,505,497,475,531,408,398,408,434,447,239,534,533,536,431,425,434,443,412,513,481,492,443,506,281,44,501,1,95.5,114.1,-18.6,0.424,0.381,0.199,0.191,0.048,0.05,99.45,2024-25
201572,Brook Lopez,Brook,1610612749,MIL,37.0,80,47,33,0.588,31.8,4.9,9.7,0.509,1.7,4.7,0.373,1.4,1.7,0.826,1.4,3.6,5.0,1.8,1.1,0.6,1.9,0.3,2.1,1.7,13.0,1.7,28.1,4,0,26.5,16,36,130,191,73,122,140,107,127,131,162,179,204,150,108,126,124,242,236,288,6,348,141,176,124,133,111,116,44,115,1,114.8,112.7,2.2,0.624,0.599,0.157,0.078,0.078,0.087,100.24,2024-25
1628971,Bruce Brown,Bruce,1610612740,NOP,28.0,41,15,26,0.366,22.5,3.2,7.5,0.421,0.7,2.0,0.333,1.3,1.6,0.815,1.0,3.0,4.0,2.0,1.0,0.8,0.2,0.5,1.7,1.2,8.3,-5.5,18.4,0,0,17.1,336,349,237,416,225,238,218,391,337,341,297,200,222,179,197,195,191,203,265,184,319,155,238,268,258,529,256,281,44,264,2,104.8,116.8,-11.9,0.504,0.464,0.169,0.133,0.085,0.078,100.19,2024-25
1628981,Bruno Fernando,Bruno,1610612761,TOR,26.0,17,2,15,0.118,8.6,1.5,2.9,0.531,0.0,0.0,0.0,0.4,0.5,0.75,1.2,1.8,3.0,1.1,0.8,0.2,0.5,0.4,1.6,0.6,3.4,-1.3,10.1,0,0,9.0,464,525,382,549,472,421,455,81,499,542,499,453,459,310,138,370,300,376,304,484,137,220,282,418,455,371,415,281,44,425,1,103.9,110.1,-6.1,0.552,0.531,0.182,0.194,0.165,0.1,100.37,2024-25
1631121,Bryce McGowens,Bryce,1610612757,POR,22.0,13,8,5,0.615,2.5,0.3,1.1,0.286,0.0,0.3,0.0,0.4,0.5,0.833,0.2,0.1,0.2,0.2,0.3,0.1,0.0,0.1,0.2,0.4,1.0,-0.3,1.4,0,0,1.5,489,445,495,144,561,549,548,539,499,503,499,441,461,131,532,563,564,551,492,537,519,495,545,475,541,259,562,281,44,561,1,89.9,97.1,-7.2,0.391,0.286,0.244,0.105,0.046,0.0,102.7,2024-25
1642267,Bub Carrington,Bub,1610612764,WAS,19.0,82,18,64,0.22,30.0,3.7,9.1,0.401,1.7,5.0,0.339,0.8,1.0,0.812,0.4,3.8,4.2,4.4,1.7,0.7,0.3,0.3,2.3,1.4,9.8,-9.7,22.5,5,0,22.0,1,312,1,514,102,192,152,444,142,113,281,286,308,192,425,114,181,71,109,269,306,324,94,233,198,564,177,106,44,167,1,102.8,118.0,-15.2,0.514,0.493,0.154,0.213,0.064,0.071,103.06,2024-25
1627741,Buddy Hield,Buddy,1610612744,GSW,32.0,82,48,34,0.585,22.7,4.0,9.6,0.417,2.5,6.7,0.37,0.6,0.8,0.828,0.6,2.6,3.2,1.6,1.1,0.8,0.3,0.4,1.6,0.6,11.1,1.7,19.7,0,0,20.7,1,30,124,195,221,167,141,402,42,41,174,353,383,146,329,247,279,266,222,178,285,241,275,426,157,132,226,281,44,188,1,112.3,110.1,2.2,0.56,0.546,0.196,0.106,0.066,0.085,100.82,2024-25
203468,CJ McCollum,CJ,1610612740,NOP,33.0,56,17,39,0.304,32.7,7.9,17.9,0.444,3.1,8.2,0.373,2.2,3.1,0.717,0.8,3.0,3.8,4.1,1.9,0.8,0.4,0.7,2.2,2.4,21.1,-5.0,33.6,0,0,34.5,246,323,68,454,53,35,26,297,18,20,163,102,92,373,273,193,211,85,87,190,201,96,121,105,41,513,69,281,44,60,1,112.3,119.4,-7.1,0.55,0.53,0.266,0.192,0.056,0.097,101.56,2024-25
1630595,Cade Cunningham,Cade,1610612765,DET,23.0,70,38,32,0.543,35.0,9.8,20.8,0.469,2.1,6.0,0.356,4.5,5.3,0.846,0.8,5.3,6.1,9.1,4.4,1.0,0.8,1.4,2.8,4.0,26.1,2.5,48.0,31,9,47.0,118,110,143,236,23,4,4,212,75,63,219,24,26,115,262,47,78,4,2,99,76,3,26,36,9,105,8,18,5,8,1,115.0,112.2,2.8,0.565,0.521,0.323,0.409,0.086,0.152,101.57,2024-25
1631216,Caleb Houstan,Caleb,1610612753,ORL,22.0,58,29,29,0.5,13.6,1.4,3.3,0.421,1.1,2.8,0.4,0.3,0.3,0.882,0.3,1.0,1.3,0.6,0.2,0.4,0.1,0.1,1.1,0.3,4.1,-1.1,7.8,0,0,8.1,223,212,188,266,394,434,429,388,233,272,78,485,508,62,460,473,482,469,516,418,449,479,404,504,420,355,464,281,44,450,1,104.2,108.2,-4.1,0.605,0.589,0.115,0.066,0.047,0.061,96.82,2024-25
1628997,Caleb Martin,Caleb,1610612742,DAL,29.0,45,17,28,0.378,27.1,2.9,6.8,0.424,0.8,2.3,0.359,1.4,2.2,0.622,1.2,2.8,3.9,2.1,1.2,1.0,0.5,0.3,1.9,1.8,7.9,-3.4,19.2,1,0,17.8,318,323,209,405,147,273,253,374,299,317,212,194,146,474,147,228,197,200,184,97,146,270,185,156,266,477,237,198,44,245,2,106.5,112.8,-6.3,0.513,0.485,0.143,0.116,0.073,0.063,98.64,2024-25
1642353,Cam Christie,Cam,1610612746,LAC,19.0,13,10,3,0.769,4.5,0.5,1.8,0.292,0.2,1.0,0.154,0.2,0.3,0.5,0.2,0.7,0.9,0.5,0.2,0.4,0.1,0.1,0.3,0.2,1.4,-0.8,4.4,0,0,3.8,489,419,521,51,535,530,502,537,463,419,490,516,503,506,502,514,519,496,538,416,483,495,536,525,534,311,516,281,44,520,1,97.6,105.6,-7.9,0.349,0.333,0.192,0.167,0.098,0.07,103.12,2024-25
1629629,Cam Reddish,Cam,1610612747,LAL,25.0,33,15,18,0.455,17.9,1.2,2.8,0.404,0.4,1.4,0.277,0.5,0.8,0.615,0.5,1.5,2.0,0.7,0.4,1.0,0.3,0.2,1.3,0.7,3.2,-2.8,10.1,0,0,8.8,390,349,345,339,317,463,457,436,396,385,415,410,380,478,376,403,410,451,466,101,270,442,357,391,463,447,413,281,44,432,1,107.6,115.9,-8.4,0.498,0.473,0.084,0.049,0.056,0.04,100.53,2024-25
1642285,Cam Spencer,Cam,1610612763,MEM,25.0,25,14,11,0.56,10.1,1.4,3.3,0.415,0.8,2.1,0.365,0.8,0.8,1.0,0.5,0.7,1.2,1.4,0.2,0.4,0.0,0.0,0.9,0.6,4.2,1.6,8.7,0,0,8.4,427,364,425,221,456,437,428,407,309,328,189,317,390,1,396,508,491,315,512,428,513,521,434,427,411,134,451,281,44,443,1,116.4,109.6,6.8,0.587,0.53,0.148,0.182,0.056,0.087,103.04,2024-25
1630560,Cam Thomas,Cam,1610612751,BKN,23.0,25,8,17,0.32,31.2,8.0,18.2,0.438,2.7,7.8,0.349,5.3,6.0,0.881,0.6,2.7,3.3,3.8,2.5,0.6,0.1,1.1,1.8,4.6,24.0,-3.7,33.1,1,0,35.1,427,445,360,446,85,33,20,315,33,24,250,13,18,66,335,232,268,92,49,303,480,16,228,23,24,486,74,198,44,55,1,114.9,120.6,-5.7,0.575,0.513,0.328,0.217,0.054,0.122,96.1,2024-25
1641715,Cam Whitmore,Cam,1610612745,HOU,20.0,51,30,21,0.588,16.2,3.5,7.9,0.444,1.3,3.6,0.355,1.1,1.4,0.75,0.7,2.3,3.0,1.0,0.9,0.6,0.3,0.6,0.9,0.9,9.4,0.0,16.0,2,0,16.3,275,196,297,186,345,203,195,296,195,201,224,248,248,310,288,306,311,402,276,297,307,134,451,325,211,239,299,159,44,283,1,113.4,112.3,1.1,0.549,0.525,0.231,0.09,0.086,0.108,100.93,2024-25
1629661,Cameron Johnson,Cameron,1610612751,BKN,29.0,57,21,36,0.368,31.6,6.2,13.1,0.475,2.8,7.2,0.39,3.5,3.9,0.893,0.9,3.4,4.3,3.4,1.7,0.9,0.4,0.6,1.8,3.0,18.8,-3.5,31.4,2,0,32.0,232,280,106,414,79,78,78,194,31,33,115,44,63,51,209,149,166,109,103,138,197,117,215,71,60,480,87,159,44,75,1,110.9,116.7,-5.8,0.632,0.582,0.224,0.179,0.07,0.124,97.41,2024-25
1626166,Cameron Payne,Cameron,1610612752,NYK,30.0,72,46,26,0.639,15.1,2.5,6.2,0.401,1.3,3.6,0.363,0.7,0.8,0.907,0.2,1.3,1.4,2.8,0.7,0.5,0.2,0.2,1.5,0.8,6.9,2.8,14.5,0,0,14.0,95,45,237,106,364,311,279,441,194,206,199,348,393,36,521,432,465,138,335,337,334,426,303,338,300,92,327,281,44,330,1,116.6,107.5,9.1,0.532,0.506,0.2,0.251,0.047,0.089,100.23,2024-25
1627747,Caris LeVert,Caris,1610612737,ATL,30.0,64,46,18,0.719,24.9,4.4,9.4,0.467,1.7,4.4,0.373,1.7,2.4,0.71,0.6,2.5,3.2,3.4,1.2,0.9,0.5,0.4,1.5,1.7,12.1,4.0,24.0,1,0,23.1,170,45,345,66,181,146,145,220,145,145,160,137,130,386,325,264,284,113,201,156,142,213,302,172,142,66,154,198,44,150,2,120.5,113.4,7.2,0.582,0.556,0.191,0.178,0.062,0.094,103.21,2024-25
1641717,Cason Wallace,Cason,1610612760,OKC,21.0,68,55,13,0.809,27.6,3.4,7.2,0.474,1.1,3.1,0.356,0.4,0.5,0.811,1.0,2.3,3.4,2.5,0.9,1.8,0.5,0.5,2.1,0.6,8.4,5.4,22.2,0,0,19.9,138,11,403,30,135,209,234,197,241,248,222,425,441,193,175,299,260,156,289,8,144,193,142,412,253,30,181,281,44,202,1,117.2,107.1,10.1,0.562,0.55,0.124,0.117,0.057,0.075,101.87,2024-25
1629646,Charles Bassey,Charles,1610612759,SAS,24.0,36,14,22,0.389,10.4,1.9,3.3,0.581,0.0,0.0,0.0,0.6,0.9,0.636,1.6,2.7,4.2,0.5,0.6,0.4,0.8,0.2,1.4,0.7,4.4,-3.6,13.2,2,0,11.5,370,364,288,397,452,379,432,49,499,542,499,376,348,463,93,239,176,493,369,412,69,408,338,382,403,484,353,159,44,376,1,101.6,117.5,-15.9,0.597,0.581,0.164,0.072,0.185,0.113,105.46,2024-25
1631096,Chet Holmgren,Chet,1610612760,OKC,23.0,32,26,6,0.813,27.4,5.2,10.7,0.49,1.4,3.6,0.379,3.2,4.2,0.754,1.5,6.5,8.0,2.0,1.8,0.7,2.2,1.1,2.3,3.0,15.0,9.2,34.6,11,0,32.2,397,240,481,27,138,112,116,151,184,193,138,64,51,305,100,25,35,219,98,236,3,21,110,73,95,2,66,55,44,72,1,121.7,105.6,16.1,0.599,0.554,0.214,0.091,0.136,0.122,103.83,2024-25
1628449,Chris Boucher,Chris,1610612761,TOR,32.0,50,18,32,0.36,17.2,3.6,7.4,0.492,1.4,3.9,0.363,1.4,1.7,0.782,1.4,3.1,4.5,0.7,0.6,0.5,0.5,0.4,1.4,1.4,10.0,0.1,18.8,3,0,18.5,283,312,143,424,328,194,226,150,180,183,202,192,201,246,110,185,161,459,391,367,149,240,344,226,191,229,247,134,44,236,1,113.3,113.5,-0.2,0.615,0.586,0.208,0.057,0.125,0.126,99.28,2024-25
1630537,Chris Duarte,Chris,1610612741,CHI,28.0,17,4,13,0.235,4.4,0.7,1.5,0.462,0.4,0.9,0.4,0.4,0.5,0.75,0.3,0.9,1.2,0.5,0.1,0.0,0.0,0.1,0.4,0.4,2.1,0.7,4.3,0,0,4.2,464,493,403,503,543,507,524,233,404,447,78,453,459,310,475,487,494,484,550,541,519,509,520,484,498,183,518,281,44,518,1,105.2,102.4,2.8,0.61,0.577,0.151,0.173,0.115,0.127,108.61,2024-25
1641753,Chris Livingston,Chris,1610612749,MIL,21.0,21,15,6,0.714,5.0,0.4,1.3,0.333,0.0,0.4,0.0,0.6,0.8,0.75,0.5,1.2,1.7,0.2,0.3,0.2,0.0,0.2,0.4,0.5,1.4,-1.4,4.2,0,0,3.8,445,349,481,68,527,540,538,514,499,492,499,384,389,310,397,442,434,541,499,481,519,363,528,457,533,376,520,281,44,522,1,89.6,102.2,-12.6,0.441,0.333,0.15,0.078,0.148,0.099,104.34,2024-25
101108,Chris Paul,Chris,1610612759,SAS,40.0,82,34,48,0.415,28.0,3.0,7.1,0.427,1.7,4.5,0.377,1.0,1.1,0.924,0.4,3.2,3.6,7.4,1.6,1.3,0.3,0.1,1.8,1.0,8.8,0.0,27.2,12,0,24.6,1,157,23,378,125,252,237,365,137,141,143,251,290,28,425,169,234,8,128,48,298,472,209,296,233,233,116,53,44,135,1,114.2,115.0,-0.8,0.58,0.547,0.137,0.342,0.062,0.102,100.48,2024-25
1631128,Christian Braun,Christian,1610612743,DEN,24.0,79,48,31,0.608,33.9,6.0,10.4,0.58,1.1,2.8,0.397,2.2,2.7,0.827,1.2,3.9,5.2,2.6,1.0,1.1,0.5,0.8,2.2,1.8,15.4,6.1,29.1,6,0,27.4,23,30,158,160,37,81,119,50,228,266,93,100,112,148,137,105,114,153,245,83,173,65,135,155,90,22,106,93,44,108,1,122.7,114.5,8.2,0.665,0.634,0.155,0.096,0.077,0.096,101.04,2024-25
1631132,Christian Koloko,Christian,1610612747,LAL,25.0,37,23,14,0.622,9.2,1.1,1.8,0.606,0.0,0.1,0.0,0.3,0.4,0.714,0.9,1.5,2.5,0.4,0.3,0.2,0.4,0.2,1.2,0.6,2.4,-0.2,7.7,0,0,6.6,361,265,392,136,463,469,507,36,499,520,499,481,484,374,210,401,364,503,488,492,199,382,383,424,488,249,466,281,44,473,1,104.7,106.0,-1.3,0.624,0.606,0.104,0.068,0.129,0.082,101.19,2024-25
1629643,Chuma Okeke,Chuma,1610612739,CLE,26.0,9,2,7,0.222,21.9,2.2,4.4,0.5,1.2,3.1,0.393,0.2,0.3,0.667,2.3,2.9,5.2,1.7,0.3,0.6,0.4,0.1,0.6,0.8,5.9,-3.1,17.3,1,0,16.0,509,525,467,509,236,346,367,125,203,242,109,496,496,438,40,208,113,262,479,325,192,467,502,354,350,462,274,198,44,286,2,115.8,122.1,-6.3,0.641,0.638,0.093,0.101,0.118,0.089,99.08,2024-25
203991,Clint Capela,Clint,1610612737,ATL,31.0,55,27,28,0.491,21.4,4.0,7.1,0.559,0.0,0.0,0.0,0.9,1.8,0.536,3.2,5.4,8.5,1.1,0.9,0.6,1.0,0.7,1.9,1.6,8.9,-1.4,24.7,11,0,21.7,253,232,209,297,244,168,238,62,499,539,499,270,196,501,14,44,25,358,297,292,53,107,186,183,231,382,143,55,44,171,1,108.7,111.5,-2.7,0.564,0.559,0.16,0.073,0.183,0.117,105.23,2024-25
1629632,Coby White,Coby,1610612741,CHI,25.0,74,35,39,0.473,33.1,6.9,15.1,0.453,2.9,7.9,0.37,3.7,4.1,0.902,0.3,3.4,3.7,4.5,2.4,0.9,0.2,1.0,2.1,3.6,20.4,-1.9,32.6,2,0,33.8,71,149,68,311,46,59,53,267,25,22,173,39,52,40,455,153,224,67,56,136,345,26,154,47,47,401,78,159,44,65,1,111.5,113.9,-2.5,0.601,0.55,0.237,0.197,0.053,0.103,105.37,2024-25
1628998,Cody Martin,Cody,1610612756,PHX,29.0,53,16,37,0.302,22.1,2.6,6.1,0.418,0.8,2.8,0.285,0.8,1.2,0.705,1.0,3.2,4.2,2.0,1.0,1.1,0.6,0.3,1.8,1.2,6.8,-2.0,18.8,0,0,17.1,263,340,96,455,230,300,284,399,302,264,405,296,285,389,183,166,174,217,263,86,117,321,222,272,309,407,244,281,44,267,2,108.1,111.3,-3.2,0.509,0.485,0.142,0.128,0.088,0.08,101.2,2024-25
1642262,Cody Williams,Cody,1610612762,UTA,20.0,50,9,41,0.18,21.2,1.7,5.1,0.323,0.7,2.7,0.259,0.6,0.8,0.725,0.5,1.7,2.3,1.2,0.9,0.5,0.3,0.3,1.9,0.6,4.6,-6.8,10.5,0,0,10.3,283,434,54,534,252,405,320,524,324,279,430,379,375,355,363,377,381,346,284,375,260,268,194,411,392,545,405,281,44,398,1,103.0,118.5,-15.5,0.419,0.391,0.122,0.078,0.049,0.021,103.19,2024-25
1641732,Colby Jones,Colby,1610612764,WAS,23.0,39,12,27,0.308,13.2,1.5,3.3,0.457,0.4,1.3,0.327,0.6,0.9,0.657,0.5,1.7,2.2,1.1,0.6,0.7,0.3,0.3,0.9,0.8,4.0,-2.9,10.8,1,0,9.8,353,393,222,450,398,424,426,254,392,395,320,374,352,453,364,384,388,356,385,259,248,344,430,339,427,453,397,198,44,409,2,104.4,114.8,-10.4,0.544,0.519,0.138,0.123,0.08,0.078,99.47,2024-25
1630175,Cole Anthony,Cole,1610612763,MEM,25.0,67,35,32,0.522,18.4,3.4,8.1,0.424,1.1,3.3,0.353,1.4,1.7,0.823,0.7,2.4,3.0,2.9,1.5,0.7,0.5,0.2,2.3,1.6,9.4,-0.2,19.2,0,0,18.7,147,149,143,254,313,206,186,376,223,227,234,185,212,159,302,290,297,134,132,258,169,387,109,191,210,252,235,281,44,228,1,107.7,109.0,-1.2,0.531,0.494,0.238,0.253,0.08,0.105,97.7,2024-25
1631306,Cole Swider,Cole,1610612754,IND,26.0,10,5,5,0.5,17.0,2.2,6.3,0.349,1.5,4.7,0.319,0.0,0.1,0.0,0.5,2.2,2.7,0.3,0.4,0.4,0.2,0.4,1.2,0.3,5.9,5.4,11.0,0,0,11.6,503,485,495,266,334,348,276,509,164,128,342,544,543,544,378,318,342,527,454,407,364,223,378,508,349,31,393,281,44,374,2,114.2,100.5,13.7,0.465,0.468,0.155,0.022,0.072,0.046,104.92,2024-25
1630658,Colin Castleton,Colin,1610612761,TOR,25.0,26,15,11,0.577,16.6,1.8,3.8,0.469,0.1,0.6,0.125,1.1,1.5,0.763,2.0,2.7,4.7,1.1,0.9,0.3,0.4,0.5,2.0,1.2,4.7,-1.2,13.2,0,0,12.0,424,349,425,204,338,393,396,213,480,474,493,236,238,285,53,243,145,368,283,449,226,201,181,265,388,357,352,281,44,367,3,106.1,108.2,-2.1,0.536,0.48,0.125,0.092,0.123,0.074,102.22,2024-25
1631221,Collin Gillespie,Collin,1610612756,PHX,26.0,33,12,21,0.364,14.0,2.1,4.8,0.43,1.2,2.7,0.433,0.6,0.7,0.864,0.7,1.7,2.4,2.4,0.5,0.6,0.2,0.3,0.9,0.8,5.9,-0.9,14.1,1,0,13.4,390,393,297,419,385,360,347,346,213,278,28,380,406,89,309,383,377,170,412,284,412,300,440,365,352,321,336,198,44,342,1,115.6,118.4,-2.8,0.578,0.554,0.17,0.235,0.086,0.105,98.66,2024-25
1629012,Collin Sexton,Collin,1610612762,UTA,26.0,63,14,49,0.222,27.9,6.6,13.8,0.48,1.7,4.3,0.406,3.4,4.0,0.865,1.0,1.8,2.7,4.2,2.5,0.7,0.1,1.2,2.3,3.5,18.4,-4.5,27.9,2,0,28.7,185,364,19,509,126,66,69,178,123,155,67,50,59,88,207,371,340,79,46,227,468,9,100,51,66,508,113,159,44,101,1,110.4,117.9,-7.5,0.593,0.543,0.264,0.246,0.047,0.106,101.38,2024-25
1630557,Corey Kispert,Corey,1610612764,WAS,26.0,61,14,47,0.23,26.3,4.2,9.3,0.451,2.0,5.4,0.364,1.2,1.4,0.852,0.6,2.4,3.0,1.7,1.0,0.4,0.2,0.6,1.6,1.0,11.6,-4.5,18.6,0,0,19.5,201,364,29,507,159,157,147,274,91,94,195,210,243,103,339,285,310,259,237,399,331,148,278,310,152,507,254,281,44,210,1,108.7,117.1,-8.5,0.584,0.558,0.169,0.094,0.053,0.074,102.68,2024-25
202709,Cory Joseph,Cory,1610612753,ORL,33.0,50,26,24,0.52,12.2,1.2,3.1,0.403,0.8,2.1,0.364,0.3,0.4,0.778,0.3,1.1,1.5,1.4,0.4,0.5,0.1,0.1,1.0,0.8,3.5,0.7,8.9,0,0,8.4,283,240,271,256,420,458,444,438,308,324,194,477,488,252,454,452,459,297,468,345,480,483,416,363,450,184,441,281,44,442,1,110.5,106.9,3.6,0.547,0.529,0.126,0.166,0.06,0.075,98.59,2024-25
1641854,Craig Porter Jr.,Craig,1610612739,CLE,25.0,51,40,11,0.784,10.1,1.4,2.7,0.514,0.4,0.9,0.438,0.5,0.6,0.719,0.4,0.9,1.3,1.4,0.7,0.3,0.3,0.4,0.5,0.5,3.7,-0.9,8.5,0,0,8.1,275,89,425,43,457,429,464,103,391,439,21,420,421,366,440,478,479,312,327,434,275,229,512,462,443,322,454,281,44,452,1,108.3,113.5,-5.2,0.61,0.589,0.155,0.191,0.063,0.091,100.91,2024-25
1642385,Cui Cui,Cui,1610612751,BKN,22.0,5,2,3,0.4,2.1,0.2,1.4,0.143,0.0,0.6,0.0,0.2,0.4,0.5,0.0,0.4,0.4,0.0,0.0,0.0,0.0,0.2,0.0,0.2,0.6,0.4,1.1,0,0,1.0,535,525,521,389,565,555,530,553,499,477,499,503,476,506,548,550,559,558,551,541,519,396,554,528,557,200,566,281,44,564,1,80.8,76.0,4.8,0.19,0.143,0.296,0.0,0.095,-0.056,118.62,2024-25
1626156,D'Angelo Russell,D'Angelo,1610612751,BKN,29.0,58,26,32,0.448,25.5,4.3,11.0,0.39,1.9,6.2,0.314,2.1,2.5,0.834,0.3,2.4,2.8,5.1,1.9,1.0,0.4,0.2,2.0,2.4,12.6,0.0,25.9,4,0,25.2,223,240,143,348,172,152,111,468,93,55,353,107,123,130,452,278,333,47,93,122,222,359,175,109,130,236,129,116,44,128,2,110.1,111.6,-1.5,0.522,0.479,0.228,0.302,0.053,0.098,99.59,2024-25
1630618,D.J. Carton,D.J.,1610612761,TOR,24.0,4,1,3,0.25,8.3,0.3,1.8,0.143,0.0,0.8,0.0,0.3,0.3,1.0,0.0,1.0,1.0,0.8,1.0,0.5,0.0,0.5,0.3,0.3,0.8,3.0,3.6,0,0,3.5,541,539,521,489,476,551,509,553,499,461,499,488,517,1,548,460,510,445,250,355,519,172,540,521,552,86,532,281,44,530,1,109.0,96.1,12.9,0.202,0.143,0.122,0.1,0.055,0.007,110.7,2024-25
1629610,DaQuan Jeffries,DaQuan,1610612766,CHA,27.0,47,9,38,0.191,22.8,2.5,6.2,0.405,1.2,3.5,0.335,0.5,0.6,0.8,0.8,2.1,2.9,1.1,0.7,0.6,0.5,0.4,2.1,0.6,6.7,-5.9,14.4,0,0,14.0,298,434,85,529,218,307,280,432,217,210,292,397,418,213,268,332,323,357,328,331,135,253,150,416,310,536,331,281,44,329,1,106.6,118.2,-11.6,0.518,0.5,0.136,0.073,0.06,0.046,98.04,2024-25
1631342,Daeqwon Plowden,Daeqwon,1610612737,ATL,26.0,6,3,3,0.5,11.9,2.7,4.2,0.64,1.5,2.8,0.529,0.3,0.3,1.0,0.7,1.2,1.8,0.3,0.7,0.0,0.0,0.0,1.7,0.2,7.2,4.8,9.2,0,0,10.8,524,508,521,266,424,289,381,27,164,267,6,456,496,1,309,445,419,520,357,541,519,522,258,531,290,39,433,281,44,388,1,104.0,84.2,19.8,0.831,0.82,0.181,0.047,0.076,0.122,101.64,2024-25
1630227,Daishen Nix,Daishen,1610612750,MIN,23.0,3,3,0,1.0,4.4,0.0,0.3,0.0,0.0,0.3,0.0,0.3,0.7,0.5,0.0,1.3,1.3,1.0,1.3,0.0,0.0,0.0,0.3,0.3,0.3,3.0,2.1,0,0,2.7,549,508,561,1,540,558,562,558,499,495,499,456,406,506,548,421,474,384,169,541,519,522,531,490,559,86,555,281,44,542,1,103.2,79.3,23.9,0.266,0.0,0.176,0.231,0.211,0.024,108.82,2024-25
1630625,Dalano Banton,Dalano,1610612757,POR,25.0,67,28,39,0.418,16.7,3.0,7.6,0.391,1.1,3.3,0.324,1.4,1.9,0.728,0.4,1.6,2.0,2.4,1.3,0.6,0.5,0.5,0.9,1.4,8.3,-0.8,16.5,0,0,16.1,147,220,68,374,336,264,213,466,245,223,328,193,185,348,411,397,409,166,179,282,148,163,450,229,255,315,290,281,44,285,1,110.2,111.8,-1.5,0.497,0.462,0.237,0.213,0.056,0.089,101.21,2024-25
1631207,Dalen Terry,Dalen,1610612741,CHI,22.0,73,33,40,0.452,13.5,1.6,3.7,0.448,0.5,1.4,0.356,0.7,0.9,0.71,0.5,1.2,1.7,1.3,0.7,0.6,0.2,0.2,1.6,0.8,4.5,-2.4,10.2,0,0,9.6,86,166,59,345,396,406,401,286,365,384,222,349,338,385,374,443,431,326,332,302,360,367,293,368,398,432,412,281,44,413,1,104.0,111.6,-7.6,0.546,0.517,0.142,0.136,0.057,0.056,106.51,2024-25
1642261,Dalton Knecht,Dalton,1610612747,LAL,24.0,78,47,31,0.603,19.2,3.3,7.1,0.461,1.6,4.4,0.376,0.8,1.1,0.762,0.5,2.3,2.8,0.8,0.5,0.3,0.1,0.3,1.2,0.7,9.1,-0.9,14.4,0,0,15.1,35,36,158,165,290,224,236,235,148,150,145,291,299,288,399,301,334,424,426,449,454,262,381,377,221,326,329,281,44,304,1,112.2,114.9,-2.8,0.594,0.576,0.181,0.067,0.073,0.087,98.26,2024-25
203081,Damian Lillard,Damian,1610612749,MIL,34.0,58,32,26,0.552,36.1,7.7,17.1,0.448,3.4,9.0,0.376,6.2,6.8,0.921,0.5,4.2,4.7,7.1,2.8,1.2,0.2,0.7,1.7,5.2,24.9,0.9,42.5,14,2,42.9,223,179,237,228,12,38,31,287,10,11,147,6,12,30,378,89,146,14,35,56,393,79,255,14,14,174,21,40,15,17,1,115.3,114.6,0.7,0.621,0.547,0.269,0.299,0.063,0.144,100.86,2024-25
1641878,Damion Baugh,Damion,1610612766,CHA,24.0,15,1,14,0.067,24.7,2.8,8.7,0.323,0.8,3.7,0.214,0.9,1.0,0.867,0.9,2.4,3.3,3.7,2.1,1.0,0.1,0.6,1.5,1.2,7.3,-11.3,18.2,0,0,17.4,476,539,392,556,187,277,165,523,304,187,467,283,314,85,216,282,265,93,71,101,429,127,323,259,281,569,258,281,44,257,1,99.5,121.8,-22.3,0.399,0.369,0.186,0.235,0.064,0.051,99.5,2024-25
1627814,Damion Lee,Damion,1610612756,PHX,32.0,25,6,19,0.24,5.8,1.1,3.0,0.365,0.4,1.5,0.243,0.8,0.8,0.952,0.1,0.7,0.8,0.4,0.4,0.2,0.0,0.1,0.2,0.5,3.3,1.0,5.3,0,0,5.4,427,473,329,501,516,470,452,496,403,378,447,302,367,24,539,516,529,500,454,480,519,462,544,456,458,168,503,281,44,495,1,104.7,98.7,6.0,0.499,0.426,0.269,0.121,0.064,0.089,104.99,2024-25
1629655,Daniel Gafford,Daniel,1610612742,DAL,26.0,57,28,29,0.491,21.5,5.0,7.1,0.702,0.0,0.0,0.0,2.4,3.4,0.689,2.7,4.1,6.8,1.4,1.2,0.4,1.8,0.5,2.7,2.7,12.3,0.6,28.0,8,0,24.9,232,220,188,295,241,121,241,8,499,542,499,97,79,410,27,99,59,308,211,406,7,160,36,87,139,189,112,77,44,129,1,114.9,113.4,1.5,0.716,0.702,0.186,0.097,0.149,0.141,101.73,2024-25
1628464,Daniel Theis,Daniel,1610612740,NOP,33.0,38,10,28,0.263,16.3,1.6,3.4,0.473,0.2,1.0,0.243,0.8,1.0,0.838,1.2,3.2,4.3,1.6,0.7,0.5,0.5,0.2,1.8,1.2,4.3,-1.6,14.2,1,0,12.4,357,419,209,483,343,416,418,203,441,435,447,293,329,123,151,175,168,277,363,372,140,413,207,266,408,388,333,198,44,359,1,109.3,115.2,-5.9,0.558,0.508,0.111,0.131,0.122,0.081,102.26,2024-25
1642450,Daniss Jenkins,Daniss,1610612765,DET,23.0,7,3,4,0.429,3.2,0.4,1.4,0.3,0.1,1.0,0.143,0.0,0.3,0.0,0.0,0.3,0.3,0.4,0.1,0.0,0.0,0.0,0.3,0.3,1.0,-1.3,1.8,0,0,1.9,521,508,507,365,556,540,528,533,467,419,492,544,512,544,548,557,563,504,540,541,519,522,539,512,541,369,557,281,44,558,1,102.3,108.2,-5.8,0.322,0.35,0.231,0.2,0.054,0.0,97.06,2024-25
203957,Dante Exum,Dante,1610612742,DAL,29.0,20,7,13,0.35,18.6,3.2,6.7,0.478,1.2,2.7,0.434,1.2,1.6,0.742,0.2,1.5,1.7,2.8,1.1,0.6,0.2,0.7,1.7,1.6,8.7,-2.4,16.0,0,0,15.8,448,460,403,430,309,235,257,182,222,283,26,221,226,332,514,409,438,139,224,303,415,95,245,193,242,437,301,281,44,289,1,109.3,115.2,-6.0,0.589,0.563,0.193,0.22,0.042,0.083,101.4,2024-25
203967,Dario Saric,Dario,1610612743,DEN,31.0,16,7,9,0.438,13.1,1.3,3.6,0.362,0.4,1.6,0.269,0.4,0.6,0.7,0.9,2.3,3.1,1.4,0.9,0.4,0.1,0.5,1.2,0.9,3.5,-3.1,10.0,1,0,9.5,469,460,454,357,399,448,404,499,386,373,424,426,422,393,232,307,290,298,269,397,499,172,384,319,452,460,418,198,44,416,1,97.3,108.7,-11.5,0.449,0.422,0.157,0.17,0.107,0.067,99.59,2024-25
1641727,Dariq Whitehead,Dariq,1610612751,BKN,20.0,20,6,14,0.3,12.3,2.0,4.8,0.406,1.7,3.7,0.446,0.2,0.3,0.6,0.2,1.3,1.5,0.6,0.8,0.3,0.1,0.3,1.1,0.4,5.7,-3.2,8.6,0,0,10.1,448,473,392,456,419,371,344,426,146,188,17,520,517,482,514,432,463,470,323,454,506,302,398,487,359,466,452,281,44,404,1,98.7,109.7,-11.1,0.58,0.578,0.189,0.078,0.056,0.065,103.67,2024-25
1629636,Darius Garland,Darius,1610612739,CLE,25.0,75,60,15,0.8,30.7,7.4,15.7,0.472,2.8,7.1,0.401,3.0,3.4,0.878,0.6,2.2,2.9,6.7,2.5,1.2,0.1,0.6,1.9,3.0,20.6,6.7,35.7,7,0,35.7,59,5,382,32,89,47,49,207,29,36,77,70,80,72,327,312,325,17,48,55,418,139,193,68,45,15,60,87,44,52,1,123.2,113.4,9.9,0.6,0.562,0.265,0.309,0.045,0.126,101.32,2024-25
1630561,David Duke Jr.,David,1610612759,SAS,25.0,6,0,6,0.0,5.6,1.0,2.3,0.429,0.5,1.0,0.5,0.2,0.3,0.5,0.2,0.7,0.8,0.7,0.3,0.2,0.0,0.0,0.2,0.3,2.7,4.7,4.8,0,0,5.0,524,557,481,557,518,476,482,355,366,419,7,509,496,506,526,518,526,451,479,504,519,522,548,490,477,42,512,281,44,501,1,128.4,91.8,36.6,0.538,0.536,0.207,0.133,0.07,0.087,104.64,2024-25
1631223,David Roddy,David,1610612745,HOU,24.0,33,9,24,0.273,12.4,1.7,3.8,0.456,0.6,1.8,0.311,0.6,0.8,0.769,0.4,2.2,2.5,1.1,0.7,0.4,0.3,0.3,0.6,0.6,4.6,-2.3,10.7,0,0,10.2,390,434,271,475,412,396,394,258,351,352,357,368,380,273,432,324,358,375,357,400,293,328,493,415,390,428,401,281,44,402,3,106.4,114.6,-8.2,0.561,0.532,0.159,0.121,0.101,0.089,104.43,2024-25
1630558,Davion Mitchell,Davion,1610612748,MIA,26.0,74,25,49,0.338,27.4,3.0,6.4,0.468,1.1,2.9,0.398,0.8,1.1,0.69,0.5,1.8,2.3,4.9,1.7,1.0,0.2,0.3,2.5,1.8,7.9,0.0,19.9,1,0,18.6,71,252,19,436,137,254,270,217,225,263,90,310,288,407,401,366,382,53,104,119,345,281,57,160,264,243,220,198,44,232,2,111.0,110.7,0.3,0.573,0.557,0.135,0.237,0.041,0.069,98.76,2024-25
1630549,Day'Ron Sharpe,Day'Ron,1610612751,BKN,23.0,50,14,36,0.28,18.1,3.3,6.3,0.521,0.2,0.9,0.244,1.1,1.5,0.757,3.0,3.6,6.6,1.8,1.3,0.8,0.8,0.5,2.3,1.5,7.9,1.3,22.3,4,0,19.9,283,364,106,469,315,221,275,91,445,444,446,234,237,300,18,124,63,236,182,192,68,154,107,208,265,151,179,116,44,203,1,109.2,107.1,2.1,0.568,0.538,0.186,0.158,0.174,0.134,97.35,2024-25
1628368,De'Aaron Fox,De'Aaron,1610612759,SAS,27.0,62,27,35,0.435,36.1,8.7,18.8,0.463,1.9,6.1,0.31,4.2,5.1,0.827,0.9,3.9,4.8,6.3,2.8,1.5,0.4,0.9,2.6,4.2,23.5,-1.1,41.6,9,0,40.3,192,232,116,361,10,20,14,229,99,56,363,26,29,149,234,108,139,20,34,27,216,41,41,30,28,353,25,71,44,26,2,113.7,114.9,-1.2,0.56,0.514,0.274,0.262,0.064,0.119,102.22,2024-25
1629631,De'Andre Hunter,De'Andre,1610612739,CLE,27.0,64,38,26,0.594,27.2,5.6,11.9,0.47,2.5,6.1,0.405,3.4,4.0,0.846,0.7,3.3,4.0,1.4,1.3,0.8,0.2,0.6,2.4,3.3,17.0,1.4,25.7,2,0,26.9,170,110,237,182,142,91,98,210,44,58,74,56,60,112,298,156,188,298,180,209,362,123,72,59,78,145,131,159,44,110,2,115.9,113.9,2.0,0.623,0.573,0.221,0.077,0.071,0.101,104.77,2024-25
1629001,De'Anthony Melton,De'Anthony,1610612751,BKN,27.0,6,4,2,0.667,20.2,3.7,9.0,0.407,2.2,5.8,0.371,0.8,1.3,0.625,1.0,2.3,3.3,2.8,1.7,1.2,0.3,0.2,3.0,1.2,10.3,4.5,21.4,1,0,21.7,524,493,532,84,269,191,156,422,69,75,168,287,259,469,183,294,265,137,113,61,248,426,10,270,179,49,188,198,44,173,1,108.3,97.4,10.9,0.539,0.528,0.223,0.205,0.075,0.091,105.54,2024-25
201599,DeAndre Jordan,DeAndre,1610612743,DEN,36.0,56,37,19,0.661,12.3,1.6,2.5,0.65,0.0,0.0,0.0,0.5,1.1,0.422,1.5,3.6,5.1,0.9,0.7,0.3,0.5,0.3,1.3,1.2,3.7,-0.8,12.8,3,0,11.3,246,124,329,91,418,410,473,23,499,542,499,411,287,536,100,131,120,404,339,463,168,348,351,254,441,316,362,134,44,380,1,108.8,112.1,-3.3,0.621,0.65,0.126,0.105,0.194,0.115,100.07,2024-25
201942,DeMar DeRozan,DeMar,1610612758,SAC,35.0,77,38,39,0.494,35.9,8.1,17.0,0.477,1.1,3.3,0.328,4.9,5.7,0.857,0.6,3.2,3.9,4.4,1.4,0.8,0.4,0.7,1.9,4.1,22.2,1.4,35.8,3,0,34.1,43,110,68,288,15,29,33,187,239,222,314,19,20,95,322,168,205,70,164,196,211,80,183,32,33,141,57,134,44,62,1,116.8,115.3,1.5,0.569,0.509,0.244,0.182,0.054,0.112,99.35,2024-25
1629731,Dean Wade,Dean,1610612739,CLE,28.0,59,47,12,0.797,21.2,1.9,4.6,0.413,1.4,3.8,0.36,0.3,0.5,0.533,0.9,3.4,4.2,1.3,0.4,0.7,0.3,0.2,1.7,0.5,5.4,4.8,15.2,1,0,14.4,218,36,414,37,248,377,362,410,186,186,209,479,450,502,238,152,177,329,463,240,247,440,242,433,364,40,320,198,44,322,1,120.0,109.4,10.7,0.563,0.561,0.101,0.073,0.097,0.067,101.1,2024-25
1629028,Deandre Ayton,Deandre,1610612757,POR,26.0,40,17,23,0.425,30.1,6.6,11.7,0.566,0.2,0.8,0.188,1.0,1.5,0.667,3.1,7.1,10.2,1.6,1.7,0.8,1.0,0.4,2.2,1.5,14.4,-4.1,32.5,20,0,29.8,342,323,280,368,98,64,102,59,465,454,481,255,232,438,15,19,14,273,106,212,48,242,123,204,104,499,79,32,44,92,1,110.0,116.8,-6.9,0.583,0.573,0.197,0.083,0.168,0.125,98.94,2024-25
1627749,Dejounte Murray,Dejounte,1610612740,NOP,28.0,31,9,22,0.29,32.6,6.3,15.9,0.393,1.7,5.6,0.299,3.3,4.0,0.823,0.5,5.9,6.5,7.4,3.4,2.0,0.4,0.6,2.0,2.6,17.5,-6.7,40.1,8,1,37.8,402,434,288,462,56,77,46,457,143,89,382,59,58,160,361,36,67,10,9,3,225,111,179,92,74,544,33,77,20,37,1,109.0,118.1,-9.1,0.494,0.445,0.263,0.347,0.094,0.118,102.86,2024-25
1626153,Delon Wright,Delon,1610612752,NYK,33.0,40,22,18,0.55,15.9,1.1,3.3,0.344,0.5,1.8,0.274,0.4,0.6,0.6,0.7,1.0,1.7,1.9,0.6,0.9,0.3,0.2,0.6,0.8,3.1,0.0,11.0,0,0,9.6,342,274,345,231,351,464,430,512,366,355,418,445,422,482,306,470,438,227,406,163,273,418,491,356,464,235,394,281,44,414,2,106.1,106.3,-0.2,0.44,0.42,0.111,0.162,0.051,0.061,98.84,2024-25
1630166,Deni Avdija,Deni,1610612757,POR,24.0,72,33,39,0.458,30.0,5.6,11.7,0.476,1.7,4.8,0.365,4.0,5.2,0.78,1.5,5.7,7.3,3.9,2.7,1.0,0.5,0.9,2.4,4.1,16.9,-1.1,33.2,17,2,32.8,95,166,68,329,100,92,101,190,129,126,187,30,28,251,98,37,49,87,37,114,165,42,78,33,79,347,73,34,15,69,1,113.6,114.5,-0.9,0.605,0.55,0.228,0.193,0.117,0.126,99.86,2024-25
203471,Dennis Schröder,Dennis,1610612765,DET,31.0,75,37,38,0.493,28.1,4.5,11.0,0.406,1.7,4.9,0.342,2.4,2.9,0.838,0.4,2.3,2.6,5.4,1.9,0.9,0.2,0.8,2.4,2.8,13.1,-1.0,25.5,7,0,24.9,59,124,85,290,122,143,110,425,140,116,271,94,102,122,445,305,351,40,86,162,403,73,74,82,123,329,133,87,44,130,3,111.8,112.8,-0.9,0.531,0.483,0.211,0.287,0.046,0.091,100.49,2024-25
1641726,Dereck Lively II,Dereck,1610612742,DAL,21.0,36,21,15,0.583,23.1,3.7,5.3,0.702,0.0,0.0,0.0,1.3,2.0,0.63,2.9,4.6,7.5,2.4,1.1,0.6,1.6,0.6,2.8,1.4,8.7,3.4,26.5,8,0,22.8,370,280,382,197,215,186,310,9,499,542,499,202,162,468,21,77,45,171,214,325,12,114,28,216,238,77,122,77,44,152,1,114.1,106.4,7.7,0.704,0.702,0.132,0.143,0.155,0.124,100.99,2024-25
1627884,Derrick Jones Jr.,Derrick,1610612746,LAC,28.0,77,48,29,0.623,24.3,4.0,7.6,0.526,1.0,2.8,0.356,1.1,1.5,0.703,1.2,2.2,3.4,0.8,0.9,1.0,0.4,0.3,2.0,1.3,10.1,3.2,18.9,0,0,18.3,43,30,188,132,199,164,209,86,255,265,221,244,227,391,143,317,253,439,295,95,201,280,170,237,185,80,240,281,44,241,1,115.5,108.7,6.7,0.609,0.593,0.16,0.044,0.072,0.076,99.72,2024-25
1628401,Derrick White,Derrick,1610612738,BOS,30.0,76,58,18,0.763,33.9,5.6,12.6,0.442,3.5,9.1,0.384,1.8,2.1,0.839,0.9,3.6,4.5,4.8,1.7,0.9,1.1,0.3,1.8,2.2,16.4,7.1,33.2,4,0,33.1,51,7,345,53,38,93,85,305,7,10,124,134,153,121,230,125,159,57,107,126,38,301,217,126,82,11,71,116,44,66,1,119.7,109.5,10.2,0.606,0.58,0.195,0.199,0.064,0.106,97.89,2024-25
1630217,Desmond Bane,Desmond,1610612753,ORL,27.0,69,38,31,0.551,32.0,7.1,14.8,0.484,2.4,6.1,0.392,2.6,2.9,0.894,0.9,5.2,6.1,5.3,2.4,1.2,0.4,1.1,2.4,2.0,19.2,2.1,36.8,10,1,36.1,129,110,158,230,69,54,57,166,51,59,110,82,104,50,225,51,79,41,52,62,214,19,77,139,54,118,51,62,20,50,1,116.1,113.3,2.8,0.6,0.565,0.227,0.235,0.088,0.131,104.58,2024-25
1626164,Devin Booker,Devin,1610612756,PHX,28.0,75,35,40,0.467,37.3,8.7,18.9,0.461,2.4,7.3,0.332,5.8,6.4,0.894,1.0,3.1,4.1,7.1,2.9,0.9,0.2,0.8,2.6,5.4,25.6,-2.4,41.5,16,0,41.4,59,149,59,319,3,19,12,239,46,29,307,10,14,49,182,190,187,15,22,154,351,57,42,10,12,434,26,35,44,22,1,115.3,118.5,-3.2,0.589,0.525,0.285,0.301,0.055,0.122,98.72,2024-25
1642269,Devin Carter,Devin,1610612758,SAC,23.0,36,18,18,0.5,11.0,1.3,3.5,0.37,0.5,1.7,0.295,0.7,1.2,0.591,0.5,1.6,2.1,1.1,0.5,0.6,0.1,0.1,1.1,1.3,3.8,1.2,9.7,0,0,9.0,370,312,345,266,441,449,412,492,366,365,392,333,274,492,372,393,400,353,415,313,443,449,403,244,436,159,425,281,44,429,1,113.1,109.3,3.9,0.471,0.441,0.169,0.139,0.093,0.07,100.14,2024-25
1630170,Devin Vassell,Devin,1610612759,SAS,24.0,64,24,40,0.375,31.0,6.2,13.9,0.443,2.5,6.7,0.368,1.5,1.9,0.792,0.5,3.5,4.0,2.9,1.4,1.3,0.5,0.5,1.7,1.5,16.3,-4.1,29.4,2,0,29.2,170,261,59,407,87,79,65,302,43,40,177,169,184,232,368,140,194,133,158,42,142,205,248,195,84,500,102,159,44,96,1,111.9,118.1,-6.2,0.553,0.532,0.217,0.139,0.062,0.092,100.8,2024-25
1628415,Dillon Brooks,Dillon,1610612745,HOU,29.0,75,49,26,0.653,31.8,5.1,11.9,0.429,2.5,6.3,0.397,1.3,1.6,0.818,1.0,2.7,3.7,1.7,1.0,0.8,0.2,0.5,3.2,1.5,14.0,2.8,23.0,0,0,23.9,59,25,237,98,72,114,96,354,41,53,97,198,218,169,183,239,227,256,248,199,351,189,6,210,112,96,167,281,44,142,1,113.5,108.8,4.7,0.555,0.533,0.176,0.076,0.054,0.067,98.94,2024-25
1641794,Dillon Jones,Dillon,1610612760,OKC,23.0,54,45,9,0.833,10.2,0.9,2.5,0.383,0.3,1.2,0.254,0.3,0.5,0.607,0.6,1.7,2.2,1.1,0.5,0.3,0.1,0.2,1.0,0.4,2.5,1.4,7.4,1,0,6.9,258,56,454,21,454,484,477,475,420,401,437,466,447,481,354,385,385,370,411,456,489,393,416,473,485,144,470,198,44,470,1,108.9,102.9,6.0,0.464,0.444,0.131,0.143,0.102,0.066,101.09,2024-25
1627734,Domantas Sabonis,Domantas,1610612758,SAC,29.0,70,36,34,0.514,34.7,7.5,12.8,0.59,0.9,2.2,0.417,3.1,4.1,0.754,3.8,10.1,13.9,6.0,2.9,0.7,0.4,0.8,3.3,4.0,19.1,2.1,45.1,61,10,42.1,118,136,124,259,28,41,83,45,278,319,47,65,53,302,4,1,1,24,26,255,232,54,5,38,55,119,11,1,3,20,1,116.5,113.9,2.6,0.655,0.627,0.213,0.251,0.199,0.164,99.78,2024-25
1631230,Dominick Barlow,Dominick,1610612737,ATL,22.0,35,13,22,0.371,10.7,1.7,3.2,0.531,0.2,0.8,0.259,0.6,0.9,0.636,1.0,1.4,2.4,0.5,0.1,0.3,0.5,0.2,1.3,0.8,4.2,-0.1,10.0,1,0,8.8,381,382,288,410,446,398,435,80,451,460,430,369,340,463,183,411,369,482,540,470,180,396,348,347,412,245,419,198,44,433,1,110.2,111.8,-1.6,0.58,0.562,0.141,0.07,0.114,0.082,104.7,2024-25
1642270,Donovan Clingan,Donovan,1610612757,POR,21.0,67,29,38,0.433,19.8,2.7,5.0,0.539,0.2,0.7,0.286,0.9,1.6,0.596,3.2,4.6,7.9,1.1,1.1,0.5,1.6,0.3,2.8,1.5,6.5,0.0,23.0,8,0,20.0,147,212,85,362,277,288,333,73,448,464,396,274,225,488,13,76,37,351,229,349,9,265,22,206,321,241,166,77,44,197,1,109.9,109.7,0.2,0.574,0.56,0.135,0.081,0.179,0.105,101.68,2024-25
1628378,Donovan Mitchell,Donovan,1610612739,CLE,28.0,71,55,16,0.775,31.4,8.2,18.6,0.443,3.3,8.9,0.368,4.2,5.1,0.823,0.8,3.7,4.5,5.0,2.1,1.3,0.2,0.7,2.0,3.9,24.0,7.4,39.5,6,0,39.9,108,11,369,49,82,26,16,303,11,12,180,28,31,158,261,117,154,52,67,38,325,94,177,39,25,9,38,93,44,29,1,119.7,109.1,10.5,0.575,0.531,0.298,0.238,0.069,0.137,102.21,2024-25
1628978,Donte DiVincenzo,Donte,1610612750,MIN,28.0,62,37,25,0.597,25.9,4.0,9.6,0.422,2.8,7.1,0.397,0.8,1.0,0.778,0.5,3.2,3.7,3.6,1.6,1.2,0.3,0.4,1.8,1.4,11.7,2.8,24.3,1,0,24.7,192,124,256,178,165,162,143,386,30,35,94,306,312,252,375,174,226,101,124,60,291,257,211,221,151,94,148,198,44,132,1,114.2,109.1,5.1,0.582,0.568,0.188,0.203,0.068,0.1,100.17,2024-25
1627827,Dorian Finney-Smith,Dorian,1610612747,LAL,32.0,63,36,27,0.571,28.9,3.1,6.9,0.448,2.0,5.0,0.411,0.5,0.7,0.667,1.3,2.7,3.9,1.4,0.9,0.9,0.4,0.4,2.2,0.7,8.7,4.9,18.5,0,0,18.7,185,136,222,210,115,247,249,281,83,110,57,412,400,438,131,244,199,302,280,143,235,237,130,399,240,38,255,281,44,230,2,119.1,110.3,8.8,0.604,0.597,0.123,0.066,0.069,0.06,98.14,2024-25
203926,Doug McDermott,Doug,1610612758,SAC,33.0,42,21,21,0.5,8.1,1.2,2.8,0.427,1.0,2.4,0.436,0.1,0.1,0.6,0.1,0.5,0.5,0.2,0.1,0.1,0.0,0.1,0.7,0.1,3.5,0.6,4.7,0,0,5.5,330,280,297,266,481,461,462,362,249,306,25,541,540,482,544,546,550,548,540,530,508,502,473,552,452,187,514,281,44,492,1,111.5,109.9,1.6,0.617,0.615,0.15,0.028,0.031,0.051,101.3,2024-25
203110,Draymond Green,Draymond,1610612744,GSW,35.0,68,42,26,0.618,29.2,3.2,7.5,0.424,1.2,3.6,0.325,1.5,2.2,0.687,1.1,5.0,6.1,5.6,2.6,1.5,1.0,0.3,3.2,2.6,9.0,4.0,29.7,6,1,26.9,138,81,237,143,113,237,221,372,214,194,325,168,149,412,168,59,76,32,44,29,40,297,7,96,224,65,99,93,20,111,1,115.4,108.8,6.6,0.534,0.503,0.157,0.255,0.102,0.088,101.35,2024-25
1629234,Drew Eubanks,Drew,1610612746,LAC,28.0,61,25,36,0.41,12.2,1.9,3.2,0.593,0.0,0.1,0.5,0.8,1.2,0.662,1.0,2.7,3.7,0.9,0.7,0.2,0.6,0.4,1.0,1.0,4.6,-2.1,12.2,0,0,10.9,201,252,106,384,421,382,440,43,488,521,7,314,283,449,195,231,222,415,356,496,108,212,412,293,393,415,373,281,44,386,2,106.7,114.8,-8.1,0.622,0.601,0.149,0.11,0.145,0.111,102.72,2024-25
1641809,Drew Peterson,Drew,1610612738,BOS,25.0,25,17,8,0.68,7.4,0.7,1.6,0.415,0.5,1.3,0.394,0.3,0.4,0.778,0.4,1.2,1.6,0.5,0.3,0.2,0.1,0.1,0.7,0.3,2.2,1.8,5.4,0,0,5.4,427,323,459,80,492,510,518,407,362,389,105,477,488,252,445,435,443,485,490,494,480,462,472,515,496,127,500,281,44,496,1,115.7,102.9,12.8,0.601,0.573,0.121,0.095,0.108,0.078,96.96,2024-25
1631166,Drew Timme,Drew,1610612751,BKN,24.0,9,3,6,0.333,28.2,5.0,11.3,0.441,1.0,3.9,0.257,1.1,1.8,0.625,1.9,5.3,7.2,2.2,1.7,0.4,0.1,0.2,2.3,2.4,12.1,-7.3,24.1,3,0,23.7,509,508,481,437,121,118,106,306,257,180,436,237,194,469,62,45,51,186,113,388,443,376,88,104,143,553,149,134,44,145,1,102.8,115.5,-12.6,0.5,0.485,0.205,0.137,0.123,0.086,100.3,2024-25
1630696,Dru Smith,Dru,1610612748,MIA,27.0,14,8,6,0.571,19.2,2.2,4.4,0.508,1.1,2.1,0.533,0.6,0.9,0.75,0.9,1.7,2.6,1.6,1.2,1.5,0.4,0.1,2.1,0.8,6.2,2.7,16.3,0,0,15.4,482,445,481,210,289,347,371,110,224,322,5,354,362,310,239,378,355,265,196,23,201,445,137,352,335,97,295,281,44,296,1,107.3,100.5,6.8,0.656,0.639,0.131,0.128,0.064,0.082,100.58,2024-25
1629130,Duncan Robinson,Duncan,1610612748,MIA,31.0,74,30,44,0.405,24.1,3.9,9.0,0.437,2.6,6.5,0.393,0.6,0.7,0.887,0.2,2.0,2.3,2.4,1.2,0.5,0.1,0.4,1.8,0.8,11.0,0.9,18.0,0,0,19.5,71,196,42,387,202,170,158,321,39,45,107,358,399,57,499,338,382,167,209,340,478,230,216,348,160,175,262,281,44,211,1,110.1,109.9,0.2,0.595,0.581,0.187,0.148,0.047,0.078,97.68,2024-25
1641871,Duop Reath,Duop,1610612757,POR,29.0,46,19,27,0.413,10.2,1.5,3.6,0.422,0.7,2.3,0.321,0.4,0.5,0.909,1.0,1.0,2.0,0.6,0.3,0.3,0.3,0.2,0.9,0.4,4.2,-1.2,8.8,0,0,8.7,307,302,222,382,455,423,407,384,315,315,339,429,457,34,204,457,410,478,474,469,267,407,446,482,413,364,444,281,44,435,1,108.0,114.5,-6.5,0.552,0.524,0.162,0.083,0.095,0.077,102.71,2024-25
203939,Dwight Powell,Dwight,1610612742,DAL,33.0,55,25,30,0.455,10.0,0.8,1.1,0.689,0.0,0.1,0.4,0.5,0.8,0.651,0.9,1.3,2.1,1.0,0.3,0.3,0.4,0.1,1.4,0.9,2.1,-0.3,7.9,0,0,6.7,253,252,176,339,458,502,546,13,493,523,78,398,382,456,243,428,395,384,486,441,227,473,342,330,500,255,460,281,44,472,1,108.6,109.7,-1.1,0.713,0.705,0.073,0.13,0.107,0.073,102.17,2024-25
1630700,Dyson Daniels,Dyson,1610612737,ATL,22.0,76,37,39,0.487,33.8,6.0,12.1,0.493,1.1,3.1,0.34,1.1,1.8,0.593,1.6,4.3,5.9,4.4,2.0,3.0,0.7,0.6,2.3,1.7,14.1,-0.9,37.0,9,0,32.9,51,124,68,301,39,83,92,148,248,245,276,241,186,491,85,87,86,74,77,1,82,131,96,167,108,319,50,71,44,67,1,113.3,114.2,-0.9,0.545,0.536,0.178,0.174,0.085,0.099,104.17,2024-25
1630604,E.J. Liddell,E.J.,1610612741,CHI,24.0,12,6,6,0.5,4.4,0.7,1.3,0.533,0.3,0.8,0.3,0.2,0.2,1.0,0.3,0.5,0.8,0.3,0.2,0.1,0.1,0.0,0.9,0.1,1.8,-0.7,3.4,0,0,3.3,498,473,481,266,541,513,540,77,432,451,379,509,530,1,491,534,532,534,532,534,474,522,436,548,515,301,535,281,44,534,1,117.9,126.4,-8.6,0.661,0.633,0.13,0.064,0.086,0.047,110.79,2024-25
203901,Elfrid Payton,Elfrid,1610612740,NOP,31.0,24,3,21,0.125,21.3,1.7,5.1,0.328,0.0,0.3,0.167,0.2,0.3,0.571,0.6,2.7,3.3,6.9,2.5,1.0,0.5,0.4,1.5,0.5,3.5,-6.2,19.8,2,0,16.7,432,508,297,545,247,404,326,519,492,506,486,509,509,497,328,239,273,16,51,101,179,219,314,461,449,539,221,159,44,271,2,99.7,113.1,-13.4,0.34,0.332,0.151,0.443,0.071,0.079,101.3,2024-25
1641989,Elijah Harkless,Elijah,1610612762,UTA,25.0,10,1,9,0.1,13.8,1.1,3.5,0.314,0.7,2.5,0.28,0.3,0.6,0.5,0.9,1.2,2.1,0.8,0.3,1.0,0.1,0.0,1.8,1.2,3.2,3.1,9.9,0,0,9.0,503,539,454,551,389,467,413,530,324,293,411,471,429,506,224,439,401,435,497,101,457,522,220,259,462,84,420,281,44,425,1,113.2,103.5,9.7,0.425,0.414,0.12,0.073,0.074,0.037,99.3,2024-25
1641801,Emanuel Miller,Emanuel,1610612741,CHI,25.0,6,4,2,0.667,4.1,0.7,1.3,0.5,0.0,0.2,0.0,0.3,0.3,1.0,0.7,0.7,1.3,0.3,0.0,0.2,0.0,0.0,0.5,0.2,1.7,-1.3,4.3,0,0,3.7,524,493,532,84,545,513,535,125,499,514,499,456,496,1,309,518,474,520,551,504,519,522,509,531,519,374,517,281,44,525,1,120.4,130.4,-10.0,0.563,0.5,0.143,0.105,0.151,0.092,106.74,2024-25
1641734,Emoni Bates,Emoni,1610612739,CLE,21.0,10,9,1,0.9,7.5,1.3,3.8,0.342,1.1,3.0,0.367,0.0,0.0,0.0,0.0,0.7,0.7,0.8,0.2,0.1,0.1,0.0,0.4,0.0,3.7,-3.4,6.1,0,0,6.7,503,434,548,13,491,450,393,513,236,253,184,544,548,544,548,512,535,435,524,529,457,522,522,556,442,474,487,281,44,471,1,89.0,110.5,-21.5,0.487,0.487,0.201,0.2,0.036,0.08,104.3,2024-25
1642402,Enrique Freeman,Enrique,1610612754,IND,24.0,22,7,15,0.318,8.2,0.7,1.7,0.432,0.0,0.5,0.1,0.6,0.9,0.684,0.5,0.9,1.4,0.4,0.3,0.1,0.1,0.1,1.0,0.7,2.1,-0.9,4.9,0,0,4.5,441,460,382,447,478,506,516,338,489,486,496,373,361,416,378,489,470,507,504,514,425,450,429,396,499,320,511,281,44,513,1,104.4,110.7,-6.3,0.507,0.446,0.109,0.062,0.078,0.04,107.55,2024-25
201569,Eric Gordon,Eric,1610612755,PHI,36.0,39,12,27,0.308,19.7,2.2,5.2,0.426,1.4,3.5,0.409,0.9,1.2,0.75,0.2,1.0,1.2,1.7,0.7,0.7,0.3,0.4,0.8,0.8,6.8,-1.8,12.9,0,0,13.1,353,393,222,450,279,345,315,367,175,208,62,275,273,310,513,471,492,262,338,259,263,254,459,339,307,398,360,281,44,344,1,111.0,116.4,-5.4,0.591,0.564,0.14,0.118,0.031,0.067,99.62,2024-25
1630596,Evan Mobley,Evan,1610612739,CLE,24.0,71,58,13,0.817,30.5,7.1,12.8,0.557,1.2,3.2,0.37,3.1,4.3,0.725,2.3,7.0,9.3,3.2,2.0,0.9,1.6,0.7,2.0,3.4,18.5,7.7,39.8,37,0,37.1,108,7,403,24,91,55,82,64,210,228,175,66,43,358,41,20,21,120,76,171,11,87,173,57,64,6,36,13,44,41,1,120.5,108.6,11.9,0.633,0.604,0.226,0.149,0.147,0.151,102.16,2024-25
1630532,Franz Wagner,Franz,1610612753,ORL,23.0,60,33,27,0.55,33.7,9.0,19.4,0.463,1.7,5.9,0.295,4.5,5.2,0.871,0.9,4.8,5.7,4.7,2.3,1.3,0.4,1.3,2.5,4.2,24.2,4.1,40.6,3,0,39.5,206,166,222,231,40,15,11,232,130,71,388,23,27,82,216,68,93,58,59,49,244,7,63,31,23,61,30,134,44,30,1,111.8,105.8,6.0,0.558,0.507,0.306,0.247,0.085,0.153,97.65,2024-25
1627832,Fred VanVleet,Fred,1610612745,HOU,31.0,60,41,19,0.683,35.2,4.8,12.7,0.378,2.7,7.7,0.345,1.9,2.3,0.81,0.5,3.2,3.7,5.6,1.5,1.6,0.4,0.4,2.3,1.9,14.1,4.4,31.3,4,0,29.9,206,83,329,78,21,133,84,482,34,26,257,130,137,195,367,176,225,36,145,18,209,251,88,144,110,53,88,116,44,91,1,115.0,108.8,6.2,0.515,0.483,0.176,0.217,0.049,0.093,98.18,2024-25
1641713,GG Jackson,GG,1610612763,MEM,20.0,29,19,10,0.655,15.8,2.6,6.9,0.372,1.1,3.3,0.337,1.0,1.4,0.725,0.9,2.2,3.2,1.0,1.1,0.4,0.2,0.5,1.0,1.1,7.2,-2.3,13.2,0,0,13.7,412,302,443,95,353,302,252,490,233,224,288,255,253,355,219,309,283,384,231,402,393,165,410,285,284,431,351,281,44,338,1,112.7,118.6,-5.9,0.482,0.452,0.219,0.085,0.093,0.064,102.73,2024-25
1629216,Gabe Vincent,Gabe,1610612747,LAL,29.0,72,46,26,0.639,21.2,2.3,5.8,0.4,1.5,4.3,0.353,0.2,0.3,0.714,0.3,1.0,1.3,1.4,0.6,0.7,0.2,0.2,2.1,0.6,6.4,0.7,12.1,0,0,12.3,95,45,237,106,250,335,296,445,163,156,239,501,509,374,481,460,484,314,397,241,381,426,147,408,328,186,375,281,44,363,1,111.8,110.7,1.1,0.536,0.53,0.131,0.09,0.029,0.039,100.07,2024-25
202066,Garrett Temple,Garrett,1610612761,TOR,39.0,28,11,17,0.393,8.1,0.6,2.1,0.3,0.2,1.0,0.214,0.4,0.4,0.917,0.3,0.7,1.0,1.1,0.4,0.6,0.1,0.1,0.8,0.5,1.9,-1.0,6.5,0,0,5.6,416,407,360,396,482,520,487,533,447,419,467,440,467,31,462,509,507,364,469,298,490,445,458,435,508,334,482,281,44,491,1,106.6,111.1,-4.5,0.406,0.35,0.129,0.171,0.061,0.051,105.94,2024-25
1629726,Garrison Mathews,Garrison,1610612737,ATL,28.0,47,21,26,0.447,17.6,2.2,5.5,0.397,1.8,4.6,0.39,1.4,1.7,0.821,0.3,1.6,1.9,1.3,0.7,0.6,0.3,0.1,1.7,1.4,7.5,-1.3,13.6,0,0,14.2,298,280,237,351,319,353,308,453,113,132,114,191,213,167,482,395,418,332,362,331,261,492,240,212,274,368,345,281,44,324,1,107.9,111.4,-3.5,0.606,0.562,0.153,0.102,0.049,0.068,105.43,2024-25
203914,Gary Harris,Gary,1610612753,ORL,30.0,48,28,20,0.583,14.8,1.1,2.8,0.383,0.8,2.1,0.356,0.1,0.3,0.583,0.4,0.9,1.3,0.6,0.4,0.5,0.3,0.1,0.9,0.1,3.0,1.8,7.6,0,0,7.3,297,220,318,197,372,473,463,475,311,326,220,522,517,493,421,481,474,463,471,337,309,444,432,539,467,128,468,281,44,464,1,110.4,103.2,7.2,0.524,0.519,0.09,0.058,0.044,0.043,99.58,2024-25
1627780,Gary Payton II,Gary,1610612744,GSW,32.0,62,36,26,0.581,15.0,2.8,4.8,0.574,0.5,1.5,0.326,0.4,0.6,0.711,0.9,2.1,3.0,1.3,0.6,0.8,0.3,0.3,1.7,0.6,6.5,0.7,14.8,0,0,13.5,192,136,237,202,370,282,343,55,366,376,321,428,427,383,242,327,307,320,371,179,291,287,233,420,325,181,325,281,44,340,1,113.5,110.1,3.4,0.635,0.626,0.156,0.132,0.096,0.104,102.12,2024-25
1629018,Gary Trent Jr.,Gary,1610612749,MIL,26.0,74,44,30,0.595,25.6,3.8,8.9,0.431,2.4,5.9,0.416,1.1,1.2,0.848,0.3,2.0,2.3,1.2,0.6,1.0,0.1,0.1,1.7,1.0,11.1,0.9,18.1,0,0,19.1,71,62,176,181,170,177,159,342,47,74,50,249,270,110,484,339,380,348,398,119,504,443,254,313,156,172,260,281,44,221,1,115.9,114.0,1.9,0.591,0.568,0.168,0.064,0.044,0.07,100.75,2024-25
1627777,Georges Niang,Georges,1610612737,ATL,32.0,79,55,24,0.696,21.5,3.6,7.8,0.461,2.1,5.2,0.406,0.6,0.7,0.793,0.6,2.8,3.4,1.4,1.0,0.4,0.2,0.3,2.5,0.7,9.9,2.5,16.7,1,0,17.9,23,11,271,74,242,197,198,236,80,103,69,377,397,230,337,214,249,307,240,432,386,332,48,379,194,109,288,198,44,244,2,118.7,114.1,4.7,0.607,0.595,0.177,0.087,0.077,0.071,102.45,2024-25
203507,Giannis Antetokounmpo,Giannis,1610612749,MIL,30.0,67,40,27,0.597,34.2,11.8,19.7,0.601,0.2,0.9,0.222,6.5,10.6,0.617,2.2,9.7,11.9,6.5,3.1,0.9,1.2,1.1,2.3,7.6,30.4,5.0,57.4,55,11,53.0,147,89,222,177,36,1,9,39,448,440,463,3,1,477,50,4,6,18,15,169,31,14,95,1,2,36,2,5,2,2,1,118.9,111.7,7.2,0.625,0.607,0.346,0.339,0.172,0.21,100.18,2024-25
1629048,Goga Bitadze,Goga,1610612753,ORL,25.0,70,38,32,0.543,20.4,3.0,4.8,0.611,0.0,0.4,0.107,1.2,1.9,0.639,2.4,4.2,6.6,2.0,1.0,0.7,1.4,0.3,2.1,1.7,7.2,1.1,23.3,15,0,20.0,118,110,143,236,264,263,341,34,491,490,495,212,181,461,36,88,62,223,244,245,19,277,137,168,288,160,161,37,44,199,1,110.1,107.4,2.7,0.631,0.615,0.142,0.142,0.169,0.134,95.8,2024-25
1641711,Gradey Dick,Gradey,1610612761,TOR,21.0,54,15,39,0.278,29.4,4.9,12.0,0.41,2.1,6.0,0.35,2.5,2.9,0.858,0.8,2.8,3.6,1.8,1.5,0.9,0.2,0.7,2.2,2.4,14.4,-3.9,23.1,0,0,24.0,258,349,68,470,111,123,95,417,78,60,246,91,103,94,258,227,237,237,133,158,376,104,119,113,105,491,165,281,44,140,1,110.3,116.1,-5.8,0.543,0.498,0.209,0.087,0.059,0.071,101.36,2024-25
1629684,Grant Williams,Grant,1610612766,CHA,26.0,16,6,10,0.375,29.9,3.4,7.7,0.439,1.7,4.6,0.365,1.9,2.3,0.838,1.1,4.0,5.1,2.3,1.8,1.1,0.8,0.4,2.9,2.7,10.4,0.6,24.1,0,0,23.4,469,473,443,407,103,213,206,311,141,133,191,123,136,123,158,102,117,175,98,71,72,242,21,88,176,188,151,281,44,148,1,114.9,113.3,1.6,0.596,0.549,0.146,0.107,0.083,0.076,99.95,2024-25
1628960,Grayson Allen,Grayson,1610612756,PHX,29.0,64,29,35,0.453,24.1,3.4,7.6,0.448,2.3,5.5,0.426,1.5,1.8,0.816,0.5,2.5,3.0,2.1,1.2,0.8,0.3,0.3,1.5,1.7,10.6,-1.2,19.7,1,0,20.4,170,212,116,344,203,208,210,285,56,93,38,174,193,178,368,269,298,196,204,177,274,322,317,180,169,366,225,198,44,193,1,114.7,118.0,-3.3,0.631,0.6,0.169,0.125,0.064,0.084,100.84,2024-25
1627824,Guerschon Yabusele,Guerschon,1610612755,PHI,29.0,70,23,47,0.329,27.1,4.0,8.0,0.501,1.5,3.9,0.38,1.4,2.0,0.725,1.9,3.7,5.6,2.1,1.2,0.8,0.3,0.4,2.3,1.9,11.0,-1.7,23.2,3,0,22.6,118,265,29,443,146,163,188,123,167,179,137,177,174,357,60,118,97,199,185,185,246,206,87,149,162,393,163,134,44,154,1,113.5,116.7,-3.2,0.616,0.593,0.163,0.114,0.108,0.092,97.28,2024-25
1630611,Gui Santos,Gui,1610612744,GSW,23.0,56,36,20,0.643,13.6,1.5,3.2,0.458,0.6,1.8,0.33,0.5,0.8,0.69,1.3,1.8,3.1,1.4,0.8,0.4,0.2,0.2,1.6,0.7,4.1,2.9,11.0,0,0,10.4,246,136,318,103,392,426,438,250,346,354,309,396,393,407,127,365,294,302,323,385,382,437,272,380,426,90,391,281,44,397,1,117.8,107.3,10.6,0.575,0.553,0.126,0.138,0.106,0.073,99.78,2024-25
203084,Harrison Barnes,Harrison,1610612759,SAS,33.0,82,34,48,0.415,27.2,4.2,8.3,0.508,1.9,4.4,0.433,2.0,2.4,0.809,1.2,2.6,3.8,1.7,0.6,0.5,0.2,0.3,0.9,1.8,12.3,-0.3,20.7,1,0,21.0,1,157,23,378,141,155,178,111,100,147,28,118,128,201,146,247,213,264,377,370,395,267,437,157,136,258,206,198,44,184,1,114.5,115.6,-1.2,0.656,0.622,0.157,0.085,0.067,0.092,100.08,2024-25
1631127,Harrison Ingram,Harrison,1610612759,SAS,22.0,5,0,5,0.0,7.0,0.4,0.8,0.5,0.0,0.2,0.0,0.0,0.0,0.0,0.4,1.4,1.8,0.6,0.2,0.6,0.0,0.0,0.4,0.0,0.8,6.0,5.5,0,0,4.4,535,557,495,557,501,544,557,125,499,511,499,544,548,544,427,414,424,470,524,303,519,522,522,556,549,23,498,281,44,515,1,132.0,92.0,40.0,0.5,0.5,0.06,0.086,0.129,0.08,103.6,2024-25
1629312,Haywood Highsmith,Haywood,1610612748,MIA,28.0,74,35,39,0.473,24.6,2.4,5.3,0.458,1.2,3.1,0.382,0.4,0.6,0.721,1.0,2.4,3.4,1.5,0.7,0.9,0.5,0.2,2.2,0.6,6.5,0.8,16.3,0,0,15.4,71,149,68,311,189,324,312,253,208,237,131,432,432,365,198,279,254,286,330,144,149,395,120,407,324,178,294,281,44,297,1,111.8,110.4,1.4,0.583,0.572,0.111,0.084,0.069,0.057,97.33,2024-25
1630529,Herbert Jones,Herbert,1610612740,NOP,26.0,20,5,15,0.25,32.4,3.8,8.6,0.436,1.1,3.6,0.306,1.7,2.0,0.825,1.1,2.8,3.9,3.3,1.8,1.9,0.5,0.5,3.3,2.0,10.3,-1.0,25.0,0,0,23.1,448,485,382,489,61,182,167,327,236,199,372,148,165,152,165,221,201,116,98,4,187,172,4,142,181,334,140,281,44,151,1,111.8,112.5,-0.7,0.541,0.5,0.146,0.134,0.059,0.062,100.76,2024-25
1641816,Hunter Tyson,Hunter,1610612743,DEN,25.0,51,30,21,0.588,7.8,0.9,2.4,0.375,0.5,1.5,0.311,0.4,0.5,0.75,0.5,1.0,1.5,0.4,0.3,0.2,0.1,0.2,0.9,0.4,2.6,-1.9,5.7,0,0,5.6,275,196,297,186,485,488,481,485,381,379,360,433,440,310,390,458,452,511,503,497,440,383,451,484,478,403,497,281,44,490,1,98.5,108.7,-10.2,0.506,0.471,0.146,0.074,0.088,0.057,104.6,2024-25
1630193,Immanuel Quickley,Immanuel,1610612761,TOR,26.0,33,12,21,0.364,27.8,5.6,13.3,0.42,2.6,6.8,0.378,3.4,3.9,0.867,0.5,3.1,3.5,5.8,1.8,0.7,0.1,0.8,1.8,2.9,17.1,-1.2,30.7,2,0,30.6,390,393,297,419,132,94,77,392,38,39,141,55,65,84,394,188,239,30,97,247,439,74,204,77,76,362,93,159,44,86,1,109.0,110.7,-1.6,0.57,0.517,0.246,0.32,0.06,0.128,101.44,2024-25
1642403,Isaac Jones,Isaac,1610612758,SAC,24.0,40,19,21,0.475,7.6,1.4,2.1,0.651,0.1,0.2,0.375,0.6,0.9,0.639,0.6,0.9,1.4,0.3,0.4,0.1,0.3,0.3,0.8,0.8,3.4,-1.6,6.2,0,0,5.9,342,302,297,308,489,438,491,21,481,511,150,381,351,462,358,488,467,527,454,518,309,279,469,369,457,387,484,281,44,485,1,104.6,115.1,-10.5,0.678,0.669,0.152,0.057,0.095,0.087,102.68,2024-25
1630171,Isaac Okoro,Isaac,1610612739,CLE,24.0,55,44,11,0.8,19.1,2.3,4.9,0.464,1.0,2.7,0.371,0.6,0.8,0.717,0.9,1.5,2.4,1.2,0.4,0.6,0.3,0.3,1.9,0.8,6.1,4.6,13.0,0,0,12.5,253,62,425,32,291,344,340,227,251,275,171,369,368,371,226,407,377,336,453,315,280,263,197,349,339,43,357,281,44,356,1,122.1,109.7,12.5,0.587,0.569,0.124,0.078,0.06,0.057,100.08,2024-25
1642268,Isaiah Collier,Isaiah,1610612762,UTA,20.0,71,14,57,0.197,25.9,3.3,7.8,0.422,0.6,2.4,0.249,1.5,2.2,0.682,0.5,2.9,3.3,6.3,2.9,0.9,0.2,0.8,2.1,1.9,8.7,-5.7,22.6,11,0,21.2,108,364,4,524,164,223,200,385,348,309,445,170,147,421,409,212,270,21,23,139,332,69,152,147,245,535,175,55,44,182,1,108.3,118.6,-10.4,0.494,0.459,0.186,0.342,0.061,0.077,102.44,2024-25
1642384,Isaiah Crawford,Isaiah,1610612758,SAC,23.0,15,7,8,0.467,3.0,0.3,0.7,0.455,0.1,0.3,0.2,0.1,0.3,0.5,0.1,0.5,0.5,0.1,0.1,0.1,0.1,0.0,0.1,0.1,0.9,1.5,2.1,0,0,1.9,476,460,459,319,558,546,558,262,485,495,471,527,516,506,545,543,548,557,549,538,429,522,551,553,548,137,554,281,44,556,1,112.0,92.7,19.3,0.509,0.5,0.122,0.029,0.088,0.07,103.01,2024-25
1628392,Isaiah Hartenstein,Isaiah,1610612760,OKC,27.0,57,49,8,0.86,27.9,4.9,8.4,0.581,0.0,0.3,0.0,1.4,2.1,0.675,2.9,7.9,10.7,3.8,1.7,0.8,1.1,0.5,3.0,1.6,11.2,7.3,33.9,28,0,29.6,232,25,459,16,129,124,174,48,499,495,499,187,159,430,23,10,10,90,112,188,36,153,10,181,155,10,68,22,44,93,1,118.3,105.3,13.0,0.599,0.581,0.165,0.178,0.185,0.138,101.56,2024-25
1630543,Isaiah Jackson,Isaiah,1610612754,IND,23.0,5,1,4,0.2,16.8,2.8,4.6,0.609,0.0,0.0,0.0,1.4,2.8,0.5,2.2,3.4,5.6,1.0,1.0,0.6,1.6,0.4,2.8,1.4,7.0,2.0,20.8,0,0,18.0,535,539,507,520,335,277,359,35,499,542,499,182,107,506,49,147,101,384,250,303,10,223,23,220,296,121,203,281,44,242,1,112.5,107.1,5.4,0.6,0.609,0.164,0.079,0.149,0.095,105.29,2024-25
1630198,Isaiah Joe,Isaiah,1610612760,OKC,25.0,74,63,11,0.851,21.7,3.5,7.9,0.44,2.6,6.3,0.412,0.6,0.8,0.821,0.6,2.1,2.6,1.6,0.5,0.6,0.1,0.3,1.5,1.4,10.2,7.4,17.6,0,0,18.6,71,2,425,17,238,204,194,308,36,50,54,362,391,163,356,331,349,271,413,279,438,343,310,228,184,7,269,281,44,233,1,119.9,104.1,15.8,0.617,0.604,0.166,0.096,0.058,0.089,102.23,2024-25
1630600,Isaiah Mobley,Isaiah,1610612755,PHI,25.0,1,0,1,0.0,17.4,2.0,7.0,0.286,1.0,3.0,0.333,1.0,2.0,0.5,1.0,3.0,4.0,5.0,0.0,1.0,1.0,0.0,3.0,1.0,6.0,-6.0,24.3,0,0,20.0,562,557,548,557,327,364,243,539,257,253,297,255,165,506,183,196,191,51,551,101,42,522,10,300,342,537,147,281,44,198,1,92.7,110.0,-17.3,0.381,0.357,0.17,0.556,0.091,0.099,111.94,2024-25
1641815,Isaiah Stevens,Isaiah,1610612748,MIA,24.0,3,3,0,1.0,1.8,0.0,0.7,0.0,0.0,0.3,0.0,0.0,0.0,0.0,0.0,0.7,0.7,0.0,0.0,0.3,0.0,0.0,0.0,0.0,0.0,1.3,1.8,0,0,1.3,549,508,561,1,567,558,560,558,499,495,499,544,548,544,548,518,536,558,551,434,519,522,554,556,561,147,558,281,44,563,1,61.5,30.8,30.8,0.0,0.0,0.143,0.0,0.125,0.125,112.43,2024-25
1630191,Isaiah Stewart,Isaiah,1610612765,DET,24.0,72,38,34,0.528,19.9,2.4,4.4,0.559,0.2,0.7,0.321,0.9,1.2,0.759,1.8,3.7,5.5,1.7,0.9,0.4,1.4,0.2,2.5,1.3,6.0,0.1,19.7,2,0,17.1,95,110,124,250,272,318,368,63,442,463,339,278,278,297,71,116,106,253,268,412,18,426,49,246,340,226,228,159,44,265,1,109.1,108.6,0.5,0.616,0.586,0.121,0.12,0.129,0.096,101.75,2024-25
1631209,Isaiah Wong,Isaiah,1610612766,CHA,24.0,20,2,18,0.1,13.3,2.1,5.3,0.39,0.7,1.7,0.394,1.3,1.7,0.735,0.7,0.9,1.6,1.4,0.9,0.6,0.0,0.7,1.1,1.2,6.0,-0.3,10.8,0,0,10.8,448,525,345,551,397,361,314,467,338,372,105,205,209,339,291,484,443,309,277,333,519,109,407,259,342,257,398,281,44,391,1,100.0,102.6,-2.6,0.5,0.452,0.22,0.187,0.06,0.077,98.35,2024-25
1627826,Ivica Zubac,Ivica,1610612746,LAC,28.0,80,50,30,0.625,32.8,7.4,11.8,0.628,0.0,0.0,0.0,2.0,3.0,0.661,3.8,8.9,12.6,2.7,1.6,0.7,1.1,0.7,2.1,3.0,16.8,6.4,39.8,59,1,35.7,16,23,176,127,51,46,100,30,499,542,499,120,99,450,5,7,4,146,126,252,34,85,151,69,81,19,35,2,20,53,1,116.5,107.1,9.4,0.641,0.628,0.192,0.121,0.199,0.157,98.55,2024-25
1631120,JD Davison,JD,1610612738,BOS,22.0,16,13,3,0.813,5.8,0.8,2.1,0.353,0.3,1.1,0.222,0.3,0.4,0.714,0.1,0.7,0.8,0.8,0.8,0.3,0.1,0.0,0.1,0.3,2.1,-1.8,4.6,0,0,4.7,469,382,521,27,515,503,488,506,432,408,463,467,465,374,537,515,527,432,308,446,499,522,552,503,501,397,515,281,44,507,1,91.7,105.4,-13.7,0.445,0.412,0.228,0.277,0.067,0.079,94.28,2024-25
1630550,JT Thor,JT,1610612764,WAS,22.0,20,10,10,0.5,12.5,1.3,3.0,0.424,0.3,1.1,0.286,0.8,1.1,0.682,1.0,1.4,2.4,0.3,0.5,0.4,0.5,0.2,0.9,0.8,3.6,-4.8,9.0,0,0,8.3,448,419,443,266,410,455,453,375,416,415,396,321,295,421,183,414,373,527,439,407,187,396,454,369,448,512,439,281,44,446,2,95.3,115.3,-20.0,0.517,0.475,0.132,0.04,0.085,0.065,98.57,2024-25
1629630,Ja Morant,Ja,1610612763,MEM,25.0,50,30,20,0.6,30.4,8.1,17.8,0.454,1.8,5.7,0.309,5.3,6.4,0.824,0.7,3.4,4.1,7.3,3.7,1.2,0.2,1.0,2.3,5.0,23.2,4.5,39.7,13,1,39.2,283,196,318,168,93,30,28,263,121,81,364,15,15,154,304,145,185,12,6,52,323,28,107,17,30,48,37,46,20,31,1,116.4,109.6,6.8,0.563,0.504,0.312,0.355,0.062,0.141,105.74,2024-25
1642266,Ja'Kobe Walter,Ja'Kobe,1610612761,TOR,20.0,52,19,33,0.365,21.2,3.1,7.6,0.405,1.3,3.6,0.349,1.3,1.6,0.795,1.1,1.9,3.1,1.6,1.0,0.8,0.2,0.8,1.8,1.4,8.6,-1.6,16.8,1,0,16.6,267,302,130,418,249,250,216,435,199,202,248,203,220,228,156,350,293,279,264,186,372,75,214,222,247,386,287,198,44,272,1,108.6,111.1,-2.4,0.523,0.487,0.179,0.105,0.07,0.068,101.29,2024-25
1631095,Jabari Smith Jr.,Jabari,1610612745,HOU,22.0,57,40,17,0.702,30.1,4.4,9.9,0.438,1.7,4.9,0.354,1.8,2.2,0.825,1.8,5.2,7.0,1.1,1.1,0.4,0.7,0.5,2.2,2.1,12.2,4.4,24.6,8,0,24.3,232,89,360,71,99,148,131,318,135,121,232,132,143,151,66,52,55,377,230,393,83,160,132,129,140,55,144,77,44,137,1,113.4,106.1,7.3,0.562,0.525,0.16,0.048,0.107,0.093,100.0,2024-25
1631133,Jabari Walker,Jabari,1610612757,POR,22.0,60,23,37,0.383,12.5,2.0,3.8,0.515,0.5,1.2,0.389,0.8,1.2,0.69,1.0,2.5,3.5,0.6,0.6,0.6,0.1,0.5,1.5,1.0,5.2,0.3,11.7,1,0,11.1,206,265,96,403,408,369,392,100,380,397,116,292,280,409,196,261,243,467,399,333,457,166,327,297,373,216,382,198,44,384,1,108.1,107.6,0.5,0.601,0.576,0.156,0.071,0.133,0.107,103.86,2024-25
1629098,Jack McVeigh,Jack,1610612745,HOU,29.0,9,5,4,0.556,4.8,0.6,1.9,0.294,0.4,1.4,0.308,0.0,0.0,0.0,0.2,0.3,0.6,0.1,0.2,0.0,0.2,0.0,0.3,0.0,1.6,-1.1,2.8,0,0,3.1,509,485,507,223,531,526,500,536,383,380,366,544,548,544,506,553,545,555,517,541,334,522,531,556,525,352,542,281,44,536,1,84.7,93.9,-9.2,0.412,0.412,0.176,0.038,0.048,0.02,109.32,2024-25
1642050,Jackson Rowe,Jackson,1610612744,GSW,28.0,6,4,2,0.667,8.6,1.3,2.8,0.471,0.5,1.7,0.3,0.5,1.0,0.5,0.5,1.3,1.8,0.7,0.2,0.7,0.0,0.0,0.7,0.5,3.7,3.8,8.7,0,0,8.0,524,493,532,84,473,443,459,208,366,368,379,400,314,506,378,421,419,451,532,259,519,522,483,442,444,71,450,281,44,453,1,116.4,103.5,12.9,0.56,0.559,0.142,0.1,0.097,0.101,109.95,2024-25
1631210,Jacob Toppin,Jacob,1610612737,ATL,25.0,17,13,4,0.765,4.4,0.5,1.3,0.409,0.3,0.6,0.5,0.0,0.0,0.0,0.2,0.7,0.9,0.4,0.2,0.1,0.0,0.2,0.2,0.0,1.4,-1.5,3.1,0,0,3.1,464,382,507,52,538,531,537,419,421,479,7,544,548,544,525,511,522,519,531,523,519,416,547,556,535,384,537,281,44,535,2,89.9,104.4,-14.5,0.523,0.523,0.14,0.133,0.097,0.09,101.56,2024-25
1630702,Jaden Hardy,Jaden,1610612742,DAL,22.0,57,30,27,0.526,15.9,3.2,7.3,0.435,1.3,3.5,0.386,1.1,1.5,0.698,0.2,1.4,1.6,1.4,1.4,0.5,0.1,0.4,1.6,1.2,8.7,-1.1,13.0,0,0,14.2,232,196,222,251,350,241,229,332,188,212,121,250,229,396,531,413,449,304,146,364,473,214,286,264,241,356,359,281,44,326,1,108.3,111.6,-3.2,0.549,0.527,0.244,0.138,0.048,0.069,102.83,2024-25
1631093,Jaden Ivey,Jaden,1610612765,DET,23.0,30,14,16,0.467,29.9,6.3,13.8,0.46,2.1,5.1,0.409,2.8,3.9,0.733,1.3,2.8,4.1,4.0,3.0,0.9,0.4,0.9,2.2,3.2,17.6,-2.1,29.4,0,0,30.4,409,364,369,319,104,74,68,242,81,105,60,74,66,345,118,221,183,86,19,135,234,50,115,63,72,416,103,281,44,89,1,110.5,114.6,-4.1,0.569,0.536,0.256,0.207,0.067,0.099,99.52,2024-25
1630183,Jaden McDaniels,Jaden,1610612750,MIN,24.0,82,49,33,0.598,31.9,4.9,10.2,0.477,1.2,3.7,0.33,1.3,1.6,0.813,1.6,4.2,5.7,2.0,1.2,1.3,0.9,0.5,2.7,1.7,12.2,2.1,27.6,10,0,25.6,1,25,130,173,71,126,123,185,206,190,310,204,224,186,90,93,91,216,210,37,60,172,32,177,141,117,114,62,44,125,1,113.9,109.9,4.0,0.562,0.537,0.16,0.091,0.087,0.086,98.07,2024-25
1630531,Jaden Springer,Jaden,1610612762,UTA,22.0,43,22,21,0.512,8.5,0.8,2.1,0.389,0.3,1.1,0.25,0.6,0.9,0.711,0.4,1.0,1.3,0.8,0.4,0.6,0.1,0.1,1.0,0.9,2.5,-0.7,6.9,0,0,6.2,328,274,297,261,475,494,490,470,426,409,439,361,357,383,431,475,472,443,464,323,470,489,427,333,482,308,475,281,44,479,2,105.6,108.9,-3.3,0.511,0.456,0.139,0.13,0.076,0.063,102.79,2024-25
203109,Jae Crowder,Jae,1610612758,SAC,34.0,9,3,6,0.333,11.4,0.8,2.4,0.318,0.4,1.7,0.267,0.6,0.7,0.833,0.7,1.6,2.2,0.7,0.4,0.3,0.0,0.1,1.1,0.3,2.6,-2.0,6.8,0,0,6.6,509,508,481,437,434,497,479,527,383,368,425,389,406,131,309,398,389,451,441,434,519,467,396,490,481,409,477,281,44,475,1,101.9,109.2,-7.4,0.467,0.409,0.113,0.077,0.093,0.048,100.89,2024-25
1630256,Jae'Sean Tate,Jae'Sean,1610612745,HOU,29.0,52,38,14,0.731,11.3,1.3,2.8,0.473,0.3,0.9,0.348,0.6,0.9,0.681,1.0,1.3,2.3,0.9,0.4,0.5,0.1,0.3,1.6,1.0,3.6,1.0,9.2,0,0,8.3,267,110,392,63,436,440,458,202,412,446,251,363,350,424,202,429,384,410,452,355,427,298,287,298,446,169,435,281,44,444,1,111.0,104.7,6.3,0.557,0.527,0.126,0.107,0.089,0.071,103.16,2024-25
1626143,Jahlil Okafor,Jahlil,1610612754,IND,29.0,1,0,1,0.0,3.4,0.0,0.0,0.0,0.0,0.0,0.0,0.0,0.0,0.0,0.0,1.0,1.0,1.0,0.0,0.0,0.0,0.0,0.0,0.0,0.0,5.0,2.7,0,0,2.0,562,557,548,557,555,558,567,558,499,542,499,544,548,544,548,460,510,384,551,541,519,522,554,556,561,35,544,281,44,552,1,125.0,62.5,62.5,0.0,0.0,0.0,0.25,0.111,0.133,114.06,2024-25
1642443,Jahmir Young,Jahmir,1610612741,CHI,24.0,6,4,2,0.667,4.9,0.7,0.8,0.8,0.2,0.3,0.5,0.3,0.3,1.0,0.2,0.3,0.5,1.0,0.2,0.0,0.0,0.2,0.3,0.2,1.8,-1.2,3.8,0,0,3.5,524,493,532,84,529,513,556,2,461,495,7,456,496,1,526,553,551,384,532,541,519,426,531,531,512,360,530,281,44,530,1,110.0,123.5,-13.5,0.935,0.9,0.092,0.231,0.052,0.1,111.64,2024-25
1631170,Jaime Jaquez Jr.,Jaime,1610612748,MIA,24.0,66,32,34,0.485,20.7,3.2,7.0,0.461,0.6,1.8,0.311,1.6,2.2,0.754,1.3,3.1,4.4,2.5,1.5,0.9,0.2,0.9,1.2,1.5,8.6,-2.3,19.6,3,1,18.4,156,179,124,303,261,232,243,237,353,357,359,152,150,306,130,181,164,158,141,141,353,39,371,200,246,428,229,134,20,239,1,107.9,113.9,-6.0,0.543,0.501,0.194,0.181,0.103,0.098,99.18,2024-25
1631222,Jake LaRavia,Jake,1610612758,SAC,23.0,66,40,26,0.606,20.4,2.4,5.1,0.475,0.9,2.2,0.423,1.2,1.7,0.678,1.4,2.6,3.9,2.4,1.3,0.9,0.3,0.4,2.0,1.4,6.9,1.9,17.8,2,0,16.7,156,89,237,163,263,322,325,195,283,321,41,216,200,429,114,252,198,165,177,131,245,227,169,227,301,125,264,159,44,270,2,115.0,111.2,3.8,0.591,0.564,0.14,0.15,0.091,0.081,103.86,2024-25
1627751,Jakob Poeltl,Jakob,1610612761,TOR,29.0,57,21,36,0.368,29.6,6.4,10.2,0.627,0.0,0.1,0.333,1.7,2.5,0.674,3.3,6.3,9.6,2.8,1.9,1.2,1.2,0.6,3.1,2.3,14.5,-0.6,35.4,23,0,31.6,232,280,106,414,109,72,125,31,497,532,297,139,118,433,11,29,19,140,81,64,26,122,9,118,102,299,62,27,44,80,1,111.2,111.9,-0.7,0.641,0.628,0.184,0.136,0.158,0.133,101.44,2024-25
1641779,Jalen Bridges,Jalen,1610612756,PHX,24.0,8,1,7,0.125,3.8,0.3,0.9,0.286,0.3,0.9,0.286,0.4,0.5,0.75,0.0,0.5,0.5,0.0,0.5,0.0,0.0,0.0,0.0,0.4,1.1,0.9,1.2,0,0,1.9,516,539,467,545,548,551,555,539,432,448,396,445,451,310,548,534,551,558,415,541,519,522,554,478,539,176,564,281,44,557,1,98.4,88.7,9.7,0.514,0.429,0.197,0.0,0.062,0.026,98.77,2024-25
1628973,Jalen Brunson,Jalen,1610612752,NYK,28.0,65,40,25,0.615,35.4,9.0,18.5,0.488,2.3,6.1,0.383,5.7,6.9,0.821,0.4,2.5,2.9,7.3,2.5,0.9,0.1,0.8,2.1,6.3,26.0,2.2,41.0,14,0,40.6,162,89,256,144,17,13,18,158,53,57,129,11,11,163,423,274,320,11,47,142,437,70,145,2,10,113,28,40,44,24,1,118.3,115.7,2.6,0.605,0.551,0.289,0.318,0.042,0.138,97.79,2024-25
1631105,Jalen Duren,Jalen,1610612765,DET,21.0,78,43,35,0.551,26.1,4.8,7.0,0.692,0.0,0.0,0.0,2.1,3.1,0.669,3.6,6.8,10.3,2.7,1.7,0.7,1.1,0.7,3.2,2.6,11.8,0.5,32.0,41,0,28.5,35,75,116,229,161,127,243,11,499,542,499,108,91,436,7,22,11,145,102,251,32,93,8,95,149,197,83,9,44,102,1,115.5,114.0,1.5,0.703,0.692,0.161,0.141,0.199,0.14,101.29,2024-25
1630224,Jalen Green,Jalen,1610612745,HOU,23.0,82,52,30,0.634,32.9,7.4,17.5,0.423,2.9,8.1,0.354,3.3,4.1,0.813,0.5,4.0,4.6,3.4,2.5,0.9,0.3,1.3,1.5,3.0,21.0,2.0,32.8,4,0,34.3,1,19,176,112,49,45,30,377,28,21,231,58,56,186,360,101,151,106,50,168,256,6,299,70,44,120,76,116,44,61,1,113.8,111.1,2.8,0.544,0.505,0.267,0.159,0.065,0.111,99.75,2024-25
1641720,Jalen Hood-Schifino,Jalen,1610612755,PHI,22.0,15,3,12,0.2,21.0,2.5,6.5,0.378,0.9,3.1,0.304,1.2,1.4,0.857,0.2,1.6,1.8,2.5,1.2,0.3,0.5,0.3,1.7,1.1,7.1,-6.4,14.1,0,0,13.9,476,508,414,520,256,316,264,483,277,247,375,213,249,95,514,389,424,162,199,434,174,331,258,278,295,541,335,281,44,332,2,107.2,123.5,-16.4,0.494,0.449,0.164,0.165,0.041,0.049,101.36,2024-25
1630552,Jalen Johnson,Jalen,1610612737,ATL,23.0,36,18,18,0.5,35.7,7.5,15.1,0.5,1.2,3.9,0.312,2.6,3.5,0.746,1.7,8.3,10.0,5.0,2.9,1.6,1.0,1.1,1.9,2.8,18.9,1.5,43.1,20,1,40.2,370,312,345,266,16,42,54,125,203,178,355,79,77,329,78,8,16,49,21,19,42,22,201,86,59,138,19,32,20,27,1,111.8,110.2,1.6,0.569,0.541,0.214,0.203,0.132,0.135,106.68,2024-25
1629667,Jalen McDaniels,Jalen,1610612758,SAC,27.0,4,2,2,0.5,1.8,0.0,0.0,0.0,0.0,0.0,0.0,0.0,0.0,0.0,0.0,0.0,0.0,0.3,0.0,0.3,0.0,0.0,0.0,0.0,0.0,-0.3,1.1,0,0,0.8,541,525,532,266,568,558,567,558,499,542,499,544,548,544,548,564,565,534,551,471,519,522,554,556,561,253,565,281,44,567,1,81.3,77.8,3.5,0.0,0.0,0.0,0.25,0.0,0.114,111.25,2024-25
1629618,Jalen Pickett,Jalen,1610612743,DEN,25.0,49,31,18,0.633,13.6,1.6,3.7,0.428,0.8,2.1,0.396,0.1,0.2,0.75,0.3,1.1,1.4,2.2,0.5,0.4,0.1,0.1,0.8,0.2,4.1,1.1,10.1,1,1,9.5,293,186,345,114,393,418,400,360,300,331,98,533,534,310,470,451,464,192,423,414,455,482,465,535,424,163,414,198,20,415,1,112.6,109.7,2.9,0.545,0.539,0.13,0.211,0.051,0.078,99.25,2024-25
1630188,Jalen Smith,Jalen,1610612741,CHI,25.0,64,28,36,0.438,15.0,3.0,6.4,0.466,1.1,3.5,0.324,1.1,1.4,0.809,1.4,4.2,5.6,1.0,0.6,0.3,0.7,0.2,1.5,1.3,8.2,-0.6,18.7,4,0,17.8,170,220,106,357,366,262,273,223,229,211,328,230,250,203,112,90,102,382,392,467,91,381,317,242,261,290,251,116,44,248,1,110.3,111.5,-1.2,0.586,0.554,0.201,0.101,0.165,0.133,106.06,2024-25
1630591,Jalen Suggs,Jalen,1610612753,ORL,24.0,35,20,15,0.571,28.6,5.6,13.7,0.41,2.2,6.9,0.314,2.8,3.1,0.882,0.7,3.4,4.0,3.7,2.9,1.5,0.9,0.5,2.8,3.7,16.2,0.1,30.8,0,0,30.9,381,296,382,210,117,88,70,418,67,38,352,75,86,64,319,150,189,96,24,28,55,185,23,44,87,231,91,281,44,85,1,105.7,104.8,1.0,0.536,0.489,0.268,0.216,0.072,0.107,99.02,2024-25
1631114,Jalen Williams,Jalen,1610612760,OKC,24.0,69,55,14,0.797,32.4,8.2,16.9,0.484,1.8,4.9,0.365,3.4,4.3,0.789,0.9,4.5,5.3,5.1,2.2,1.6,0.7,0.9,2.3,3.6,21.6,6.6,40.4,3,0,38.4,129,11,392,36,60,28,36,167,114,118,193,52,42,236,241,84,108,46,64,16,96,52,99,48,37,17,32,134,44,35,1,116.7,106.5,10.2,0.573,0.537,0.27,0.233,0.079,0.138,102.44,2024-25
1630592,Jalen Wilson,Jalen,1610612751,BKN,24.0,79,25,54,0.316,25.7,3.1,7.8,0.397,1.5,4.6,0.337,1.7,2.1,0.818,0.9,2.5,3.4,1.8,1.0,0.5,0.1,0.5,2.1,1.5,9.5,-3.3,17.0,0,0,17.4,23,252,8,448,169,244,198,454,161,137,287,138,157,169,208,273,251,235,250,354,498,196,158,194,205,469,280,281,44,256,1,106.9,113.7,-6.7,0.541,0.495,0.161,0.11,0.067,0.065,97.23,2024-25
1631288,Jamal Cain,Jamal,1610612740,NOP,26.0,37,6,31,0.162,13.6,1.8,4.3,0.43,0.7,2.2,0.325,0.9,1.4,0.68,0.7,1.6,2.3,0.6,0.6,0.6,0.2,0.0,1.2,1.0,5.3,-3.6,10.9,0,0,10.6,361,473,158,537,395,387,378,346,323,320,326,276,257,426,281,396,379,474,383,290,320,522,370,300,370,481,395,281,44,395,1,106.4,119.3,-12.9,0.544,0.513,0.167,0.065,0.082,0.067,100.49,2024-25
1627750,Jamal Murray,Jamal,1610612743,DEN,28.0,67,41,26,0.612,36.1,7.9,16.7,0.474,2.3,5.9,0.393,3.3,3.7,0.886,0.7,3.2,3.9,6.0,2.1,1.4,0.5,0.7,1.9,3.1,21.4,4.9,38.6,5,0,37.4,147,83,237,152,11,36,39,198,55,67,108,61,72,58,308,167,202,25,73,35,161,99,190,64,39,37,41,106,44,38,1,122.0,115.5,6.5,0.584,0.543,0.235,0.223,0.053,0.111,100.72,2024-25
1642347,Jamal Shead,Jamal,1610612761,TOR,22.0,75,28,47,0.373,19.6,2.7,6.7,0.405,1.0,3.0,0.323,0.7,0.9,0.768,0.4,1.1,1.5,4.2,1.6,0.8,0.1,0.4,2.1,1.3,7.1,-3.1,16.4,1,0,15.6,59,220,29,409,282,285,256,434,275,256,335,340,346,277,427,453,450,78,129,213,429,233,149,238,291,464,293,198,44,292,1,105.5,113.3,-7.8,0.499,0.476,0.179,0.307,0.037,0.07,102.18,2024-25
1631123,Jamaree Bouyea,Jamaree,1610612749,MIL,26.0,5,4,1,0.8,12.3,1.2,2.4,0.5,0.2,1.0,0.2,0.8,1.2,0.667,0.2,0.8,1.0,2.0,1.6,0.8,0.4,0.2,0.4,1.2,3.4,0.4,9.6,0,0,9.0,535,493,548,32,417,460,480,125,451,419,471,302,279,438,514,500,510,208,123,199,217,396,522,259,456,200,426,281,44,425,1,118.5,117.8,0.6,0.581,0.542,0.163,0.213,0.041,0.067,100.75,2024-25
201935,James Harden,James,1610612746,LAC,35.0,79,50,29,0.633,35.3,6.7,16.4,0.41,3.0,8.5,0.352,6.4,7.3,0.874,0.7,5.1,5.8,8.7,4.3,1.5,0.7,0.8,2.1,4.7,22.8,4.4,45.0,38,3,44.6,23,23,188,113,20,62,42,416,23,17,242,5,8,79,295,55,89,5,3,24,87,58,162,21,31,56,12,11,11,12,1,115.4,109.2,6.2,0.582,0.501,0.286,0.365,0.083,0.145,98.82,2024-25
201949,James Johnson,James,1610612754,IND,38.0,12,5,7,0.417,3.1,0.3,0.9,0.364,0.0,0.3,0.0,0.0,0.1,0.0,0.0,0.5,0.5,0.3,0.3,0.0,0.2,0.0,0.4,0.1,0.7,-0.8,1.9,0,0,1.8,498,485,467,375,557,546,554,497,499,506,499,544,545,544,548,534,551,520,479,541,398,522,517,548,556,309,556,281,44,559,1,97.4,110.5,-13.1,0.35,0.364,0.165,0.16,0.087,0.015,100.28,2024-25
1630164,James Wiseman,James,1610612754,IND,24.0,1,1,0,1.0,4.6,2.0,4.0,0.5,0.0,1.0,0.0,2.0,2.0,1.0,0.0,1.0,1.0,0.0,0.0,0.0,0.0,0.0,0.0,1.0,6.0,-4.0,7.2,0,0,7.0,562,539,561,1,532,364,386,125,499,419,499,112,165,1,548,460,510,558,551,541,519,522,554,300,342,495,472,281,44,467,1,118.2,141.7,-23.5,0.615,0.5,0.455,0.0,0.125,0.156,119.14,2024-25
1642419,Jamison Battle,Jamison,1610612761,TOR,24.0,59,21,38,0.356,17.7,2.5,5.9,0.429,1.8,4.4,0.405,0.3,0.3,0.889,0.6,2.1,2.7,0.9,0.5,0.3,0.2,0.2,1.6,0.4,7.1,-3.1,12.6,0,0,13.4,218,280,85,426,318,306,293,352,119,148,70,479,506,54,326,335,345,412,435,462,396,364,294,464,292,461,369,281,44,341,1,105.0,113.4,-8.4,0.59,0.581,0.147,0.073,0.072,0.072,102.32,2024-25
1641716,Jarace Walker,Jarace,1610612754,IND,21.0,75,45,30,0.6,15.8,2.3,4.8,0.472,1.0,2.5,0.405,0.6,0.9,0.667,0.3,2.7,3.1,1.5,1.0,0.7,0.3,0.1,1.5,0.8,6.1,-1.9,14.1,0,0,13.8,59,56,176,168,352,343,344,206,257,302,70,367,346,438,456,232,296,292,239,235,248,451,307,341,338,405,334,281,44,335,1,107.0,112.1,-5.0,0.59,0.576,0.165,0.129,0.098,0.087,103.23,2024-25
1630215,Jared Butler,Jared,1610612755,PHI,24.0,60,6,54,0.1,17.4,3.4,7.6,0.448,1.0,2.8,0.355,1.3,1.5,0.824,0.4,1.4,1.8,3.7,1.3,0.7,0.2,0.6,1.6,1.2,9.0,-2.2,18.1,1,0,17.4,206,473,8,551,326,212,217,283,257,269,225,205,228,155,421,412,419,98,169,245,344,115,274,253,223,423,261,198,44,259,2,108.5,114.5,-6.0,0.549,0.514,0.222,0.317,0.049,0.102,102.6,2024-25
1642272,Jared McCain,Jared,1610612755,PHI,21.0,23,7,16,0.304,25.7,5.5,11.9,0.46,2.2,5.8,0.383,2.1,2.4,0.875,0.6,1.9,2.4,2.6,1.6,0.7,0.0,0.5,1.6,2.0,15.3,-1.2,22.5,1,0,23.9,438,460,369,453,168,97,97,244,62,78,126,104,127,77,348,357,368,152,122,273,519,190,276,141,91,361,178,198,44,143,1,109.3,111.4,-2.1,0.589,0.553,0.243,0.171,0.048,0.106,98.18,2024-25
1631197,Jared Rhoden,Jared,1610612761,TOR,25.0,14,8,6,0.571,16.2,3.0,6.2,0.483,0.9,2.8,0.308,1.6,1.8,0.88,1.0,2.0,3.0,1.1,0.6,0.7,0.1,0.4,1.4,1.1,8.4,4.6,15.7,1,0,15.1,482,445,481,210,347,255,278,171,293,270,366,162,192,68,183,339,300,352,365,237,420,207,329,289,251,45,308,198,44,303,2,118.1,103.4,14.7,0.602,0.552,0.183,0.098,0.082,0.106,103.89,2024-25
1628991,Jaren Jackson Jr.,Jaren,1610612763,MEM,25.0,74,42,32,0.568,29.8,8.0,16.4,0.488,2.0,5.3,0.375,4.2,5.4,0.781,1.2,4.4,5.6,2.0,2.1,1.2,1.5,1.2,3.5,4.5,22.2,4.5,38.2,6,0,37.3,71,81,143,216,106,32,43,155,88,98,149,27,24,247,139,85,100,208,70,50,13,10,1,24,35,50,42,93,44,40,1,115.2,108.8,6.4,0.591,0.548,0.274,0.102,0.087,0.124,105.56,2024-25
1629020,Jarred Vanderbilt,Jarred,1610612747,LAL,26.0,36,25,11,0.694,16.1,1.6,3.4,0.488,0.3,0.9,0.281,0.6,1.0,0.556,1.9,3.2,5.1,1.1,0.8,1.0,0.3,0.5,1.9,1.1,4.1,1.0,14.8,0,0,13.0,370,252,425,76,349,407,421,157,432,445,408,389,314,500,62,172,122,353,309,121,287,192,201,286,423,170,323,281,44,346,1,115.6,112.2,3.3,0.537,0.525,0.116,0.094,0.154,0.082,100.61,2024-25
1628386,Jarrett Allen,Jarrett,1610612739,CLE,27.0,82,64,18,0.78,28.0,5.5,7.8,0.706,0.0,0.1,0.0,2.4,3.4,0.718,2.6,7.1,9.7,1.9,1.2,0.9,0.9,0.6,1.5,3.1,13.5,6.3,32.3,40,0,28.8,1,1,345,44,123,95,201,6,499,528,499,93,81,368,28,18,17,226,202,132,63,140,299,65,118,21,80,10,44,100,1,121.9,111.3,10.5,0.724,0.706,0.156,0.091,0.169,0.148,101.43,2024-25
1629750,Javonte Green,Javonte,1610612739,CLE,31.0,68,24,44,0.353,18.5,1.8,4.2,0.429,0.7,2.1,0.326,0.8,1.1,0.724,0.9,2.3,3.2,0.8,0.5,1.0,0.5,0.2,1.4,1.1,5.1,-3.1,14.0,0,0,12.6,138,261,42,428,311,388,379,355,332,329,322,298,292,360,236,293,280,428,428,124,184,390,328,291,377,463,338,281,44,352,2,109.1,117.0,-7.8,0.541,0.509,0.113,0.059,0.081,0.064,101.97,2024-25
1629637,Jaxson Hayes,Jaxson,1610612747,LAL,25.0,56,38,18,0.679,19.5,2.9,4.0,0.722,0.0,0.1,0.0,1.1,1.8,0.622,1.4,3.4,4.8,1.0,0.8,0.6,0.9,0.2,2.4,2.0,6.8,1.6,17.8,2,0,15.6,246,110,345,82,285,272,387,5,499,531,499,242,198,474,111,146,140,380,319,330,58,405,67,132,306,135,266,159,44,293,1,112.3,109.8,2.5,0.72,0.722,0.12,0.076,0.121,0.097,100.51,2024-25
1630643,Jay Huff,Jay,1610612763,MEM,27.0,64,37,27,0.578,11.7,2.5,4.8,0.515,1.3,3.1,0.405,0.7,0.9,0.786,0.5,1.5,2.0,0.6,0.5,0.3,0.9,0.1,1.2,0.7,6.9,0.4,13.0,0,0,13.0,170,124,222,203,430,317,348,101,197,239,72,347,359,239,402,400,408,475,410,471,66,458,375,393,305,202,358,281,44,349,1,111.0,110.1,0.8,0.666,0.648,0.194,0.077,0.081,0.108,106.71,2024-25
1627759,Jaylen Brown,Jaylen,1610612738,BOS,28.0,63,46,17,0.73,34.3,8.2,17.7,0.463,1.8,5.7,0.324,3.9,5.1,0.764,1.3,4.5,5.8,4.5,2.6,1.2,0.3,1.1,2.4,4.6,22.2,6.4,37.8,5,0,37.3,185,45,360,64,33,27,29,230,111,82,332,34,30,284,126,82,88,63,42,63,271,23,65,22,34,20,43,106,44,39,1,121.1,111.7,9.5,0.555,0.515,0.282,0.204,0.082,0.114,98.57,2024-25
1641740,Jaylen Clark,Jaylen,1610612750,MIN,23.0,40,28,12,0.7,13.0,1.4,3.0,0.467,0.6,1.3,0.431,0.7,0.9,0.784,0.7,0.7,1.3,0.7,0.2,0.9,0.1,0.3,1.5,0.8,4.1,1.1,9.3,0,0,8.5,342,220,414,72,400,431,448,221,354,394,33,332,344,243,321,517,478,461,524,150,506,348,311,369,425,162,430,281,44,440,1,115.2,109.6,5.6,0.598,0.558,0.115,0.067,0.05,0.057,101.98,2024-25
1641798,Jaylen Martin,Jaylen,1610612764,WAS,21.0,16,3,13,0.188,14.9,1.9,4.6,0.419,0.4,1.4,0.304,0.6,0.6,0.9,0.7,2.1,2.8,1.1,0.8,0.6,0.0,0.3,0.9,0.5,4.9,-8.2,10.7,0,0,10.3,469,508,403,532,371,372,357,397,386,382,375,386,422,42,298,333,336,373,323,322,519,295,448,442,386,560,400,281,44,401,2,93.6,120.7,-27.1,0.497,0.466,0.155,0.12,0.086,0.074,100.58,2024-25
1629669,Jaylen Nowell,Jaylen,1610612764,WAS,25.0,8,1,7,0.125,21.0,3.3,9.1,0.356,1.0,3.4,0.296,0.9,1.4,0.636,0.8,1.8,2.5,2.3,1.0,0.1,0.5,0.4,1.1,1.1,8.4,-5.3,15.6,0,0,15.4,516,539,467,545,255,228,151,503,257,218,385,282,254,463,273,374,363,183,250,518,149,242,394,280,252,523,309,281,44,298,1,100.9,114.0,-13.1,0.43,0.411,0.215,0.176,0.058,0.06,96.24,2024-25
1631301,Jaylen Sims,Jaylen,1610612766,CHA,26.0,6,0,6,0.0,18.6,2.0,4.7,0.429,1.0,2.5,0.4,2.0,2.5,0.8,0.5,0.5,1.0,2.0,1.3,0.5,0.2,0.2,1.7,1.8,7.0,-7.8,11.9,0,0,12.3,524,557,481,557,308,364,355,355,257,293,78,112,123,213,378,534,510,208,169,355,398,426,258,153,296,558,380,281,44,362,1,100.4,120.4,-20.0,0.607,0.536,0.159,0.176,0.025,0.057,100.89,2024-25
1642377,Jaylen Wells,Jaylen,1610612763,MEM,21.0,79,47,32,0.595,25.9,3.6,8.6,0.425,1.7,5.0,0.352,1.4,1.7,0.822,1.1,2.3,3.4,1.7,0.9,0.6,0.1,0.4,1.8,1.9,10.4,2.4,18.2,1,0,18.6,23,36,143,180,166,196,169,371,122,114,241,181,207,161,164,303,255,252,287,324,456,218,205,148,174,111,259,198,44,234,1,116.7,111.9,4.7,0.56,0.527,0.156,0.082,0.061,0.065,104.64,2024-25
1631119,Jaylin Williams,Jaylin,1610612760,OKC,23.0,47,40,7,0.851,16.7,2.1,4.7,0.439,1.3,3.3,0.399,0.5,0.6,0.767,1.0,4.6,5.6,2.6,0.7,0.5,0.6,0.1,1.7,0.9,5.9,6.4,18.9,4,3,17.5,298,89,467,18,337,359,352,312,192,226,88,407,418,280,178,81,103,155,328,373,112,475,251,328,348,18,239,116,11,254,1,121.0,103.0,17.9,0.594,0.577,0.141,0.19,0.158,0.124,102.7,2024-25
1642281,Jaylon Tyson,Jaylon,1610612739,CLE,22.0,47,37,10,0.787,9.6,1.4,3.2,0.43,0.4,1.2,0.345,0.4,0.5,0.792,0.8,1.3,2.0,0.9,0.6,0.3,0.1,0.2,1.1,0.5,3.6,0.0,7.9,1,0,7.6,298,124,443,39,462,436,441,350,388,396,258,436,449,232,268,431,405,406,405,466,497,366,406,436,447,244,462,198,44,461,1,108.4,108.8,-0.4,0.523,0.497,0.164,0.135,0.097,0.075,101.31,2024-25
1628369,Jayson Tatum,Jayson,1610612738,BOS,27.0,72,53,19,0.736,36.4,9.2,20.3,0.452,3.5,10.1,0.343,5.0,6.1,0.814,0.7,8.0,8.7,6.0,2.9,1.1,0.5,0.8,2.2,4.3,26.8,7.4,48.0,31,2,48.1,95,17,329,60,8,10,7,272,8,5,266,18,17,184,309,9,24,27,25,88,139,67,126,28,6,8,7,18,15,6,1,119.6,109.8,9.8,0.582,0.537,0.301,0.266,0.112,0.158,98.14,2024-25
1641789,Jazian Gortman,Jazian,1610612742,DAL,22.0,16,8,8,0.5,3.5,0.6,1.4,0.391,0.3,0.7,0.364,0.1,0.3,0.5,0.1,0.3,0.3,0.4,0.3,0.1,0.1,0.1,0.6,0.1,1.5,0.7,2.7,0,0,2.8,469,445,459,266,552,525,527,459,432,466,195,528,517,506,546,559,562,514,491,518,499,507,501,542,528,185,546,281,44,540,1,103.8,99.2,4.6,0.485,0.478,0.195,0.154,0.04,0.031,109.79,2024-25
1630288,Jeff Dowtin Jr.,Jeff,1610612755,PHI,28.0,41,10,31,0.244,15.1,2.7,5.6,0.487,0.7,1.7,0.4,0.8,1.1,0.733,0.3,1.2,1.5,1.9,0.4,0.6,0.3,0.3,0.7,0.9,7.0,-2.5,13.8,0,0,12.8,336,419,158,499,363,284,305,161,330,364,78,301,296,342,478,444,461,228,465,312,278,308,477,322,299,440,340,281,44,351,1,107.6,116.7,-9.2,0.57,0.548,0.176,0.196,0.047,0.106,99.32,2024-25
201145,Jeff Green,Jeff,1610612745,HOU,38.0,32,20,12,0.625,12.4,1.9,3.8,0.504,0.9,2.5,0.367,0.7,0.8,0.808,0.3,1.5,1.8,0.6,0.3,0.2,0.1,0.1,1.0,0.6,5.4,-1.2,9.1,0,0,9.3,397,296,414,127,413,374,395,118,284,301,183,350,373,204,453,408,423,463,502,500,433,507,416,425,366,363,437,281,44,420,1,112.2,116.1,-3.9,0.649,0.624,0.144,0.068,0.065,0.085,100.43,2024-25
203924,Jerami Grant,Jerami,1610612757,POR,31.0,47,22,25,0.468,32.4,4.6,12.2,0.373,2.3,6.3,0.365,3.0,3.5,0.849,0.6,2.9,3.5,2.1,1.4,0.9,1.0,0.9,2.3,2.6,14.4,-4.3,26.0,0,0,26.0,298,274,256,318,59,142,89,488,58,49,191,69,75,107,357,206,247,194,155,166,46,45,93,97,103,504,128,281,44,120,1,107.4,113.4,-6.1,0.523,0.467,0.192,0.099,0.05,0.07,100.41,2024-25
1630526,Jeremiah Robinson-Earl,Jeremiah,1610612740,NOP,24.0,66,17,49,0.258,18.8,2.4,5.3,0.455,0.8,2.5,0.341,0.7,0.8,0.836,1.7,3.1,4.8,1.3,0.8,0.6,0.1,0.3,1.2,0.7,6.3,-5.0,15.4,4,0,14.7,156,323,19,487,301,327,313,260,295,298,273,345,369,127,82,184,142,322,318,311,448,328,379,378,331,515,314,116,44,313,1,107.2,119.0,-11.8,0.563,0.536,0.14,0.101,0.122,0.087,100.95,2024-25
1631110,Jeremy Sochan,Jeremy,1610612759,SAS,22.0,54,21,33,0.389,25.3,4.6,8.7,0.535,0.5,1.7,0.308,1.6,2.3,0.696,2.4,4.2,6.5,2.4,1.6,0.8,0.5,0.9,2.4,1.9,11.4,-1.6,25.2,8,0,23.5,258,280,130,397,177,139,164,75,363,367,366,154,135,397,38,92,65,169,130,182,149,53,70,143,153,390,138,77,44,147,1,111.9,114.5,-2.7,0.589,0.565,0.184,0.138,0.121,0.101,101.53,2024-25
1630579,Jericho Sims,Jericho,1610612749,MIL,26.0,53,34,19,0.642,11.9,0.8,1.3,0.634,0.0,0.0,0.0,0.2,0.2,0.615,1.3,2.4,3.7,0.6,0.6,0.2,0.4,0.2,1.2,0.4,1.8,0.5,8.3,0,0,7.3,263,157,329,105,425,490,534,29,499,542,499,519,522,478,116,284,219,466,376,499,240,424,372,465,510,196,457,281,44,465,2,111.5,109.1,2.4,0.639,0.634,0.074,0.068,0.156,0.07,98.7,2024-25
1642399,Jesse Edwards,Jesse,1610612750,MIN,25.0,2,2,0,1.0,2.3,0.0,0.0,0.0,0.0,0.0,0.0,0.0,0.0,0.0,0.0,0.0,0.0,0.5,0.0,0.0,0.0,0.0,1.0,0.5,0.0,-5.0,0.8,0,0,0.5,557,525,561,1,563,558,567,558,499,542,499,544,548,544,548,564,565,486,551,541,519,522,416,442,561,514,568,281,44,568,1,72.7,150.0,-77.3,0.0,0.0,0.0,0.25,0.0,-0.043,118.29,2024-25
1641724,Jett Howard,Jett,1610612753,ORL,21.0,60,29,31,0.483,11.7,1.6,4.4,0.374,0.9,3.1,0.296,0.3,0.4,0.696,0.3,0.8,1.2,0.7,0.6,0.2,0.2,0.1,1.1,0.3,4.5,-1.4,7.6,0,0,8.1,206,212,158,306,431,409,370,487,281,244,387,482,482,398,456,493,495,446,380,491,378,483,392,508,399,381,469,281,44,451,1,103.0,108.7,-5.7,0.491,0.479,0.181,0.102,0.048,0.045,99.92,2024-25
1628975,Jevon Carter,Jevon,1610612741,CHI,29.0,36,13,23,0.361,8.9,1.5,4.1,0.377,1.0,2.9,0.333,0.2,0.3,0.8,0.1,1.0,1.1,1.1,0.3,0.4,0.1,0.1,0.4,0.2,4.3,1.0,8.2,0,0,8.3,370,382,280,422,467,422,383,484,272,260,297,496,514,213,540,472,502,362,496,426,474,467,517,526,410,166,458,281,44,445,1,114.8,111.5,3.3,0.509,0.497,0.2,0.166,0.054,0.082,106.46,2024-25
202710,Jimmy Butler III,Jimmy,1610612744,GSW,35.0,55,36,19,0.655,31.7,5.5,10.9,0.504,0.6,1.9,0.308,6.0,7.1,0.842,2.3,3.1,5.4,5.4,1.3,1.4,0.3,0.9,0.9,5.1,17.5,4.5,35.9,6,3,32.4,253,136,329,97,74,98,113,117,349,349,366,9,10,119,43,183,107,38,168,34,257,39,431,15,73,51,56,93,11,71,2,115.9,109.6,6.3,0.626,0.531,0.203,0.26,0.085,0.145,98.95,2024-25
1629111,Jock Landale,Jock,1610612745,HOU,29.0,42,26,16,0.619,11.9,1.9,3.6,0.533,0.3,0.6,0.423,0.6,1.0,0.675,1.3,1.9,3.3,0.9,0.5,0.3,0.2,0.4,1.2,0.8,4.8,-0.6,11.1,1,0,10.3,330,240,369,141,426,373,406,78,430,473,40,354,334,431,118,351,276,417,415,448,326,222,389,345,387,293,389,198,44,400,1,110.5,112.6,-2.1,0.59,0.569,0.148,0.102,0.125,0.097,103.58,2024-25
204060,Joe Ingles,Joe,1610612750,MIN,37.0,19,12,7,0.632,6.0,0.3,1.2,0.261,0.2,0.8,0.2,0.0,0.0,0.0,0.1,0.5,0.6,1.2,0.5,0.1,0.0,0.1,0.6,0.3,0.8,0.1,3.1,0,0,2.9,457,393,467,115,512,548,543,543,462,456,471,544,548,544,543,542,544,341,427,527,519,515,489,519,550,228,536,281,44,538,1,108.9,113.1,-4.2,0.326,0.326,0.113,0.261,0.048,0.025,102.03,2024-25
203954,Joel Embiid,Joel,1610612755,PHI,31.0,19,8,11,0.421,30.2,7.4,16.6,0.444,1.2,4.1,0.299,7.8,8.9,0.882,1.9,6.3,8.2,4.5,3.3,0.7,0.9,0.7,2.2,6.2,23.8,-3.0,42.1,7,1,41.0,457,445,425,372,96,48,40,293,207,169,383,2,2,65,61,31,33,66,11,231,54,82,122,3,27,457,22,87,20,23,1,104.0,109.5,-5.5,0.58,0.481,0.342,0.286,0.134,0.169,99.95,2024-25
1628381,John Collins,John,1610612762,UTA,27.0,40,12,28,0.3,30.5,7.0,13.3,0.527,1.5,3.7,0.399,3.5,4.1,0.848,2.2,6.0,8.2,2.0,2.6,1.0,1.0,1.4,2.9,3.9,19.0,-0.4,35.1,13,0,34.6,342,393,209,456,92,56,76,84,169,188,89,47,55,111,46,34,31,208,41,117,42,5,20,40,58,272,63,46,44,59,1,112.4,113.3,-0.9,0.628,0.583,0.234,0.105,0.128,0.129,101.72,2024-25
1629723,John Konchar,John,1610612763,MEM,29.0,46,26,20,0.565,12.1,0.9,2.0,0.451,0.5,1.3,0.371,0.2,0.2,0.875,0.8,2.5,3.3,0.9,0.3,0.7,0.3,0.1,0.7,0.4,2.4,1.3,10.3,0,0,9.0,307,240,318,218,422,487,497,275,366,388,170,518,529,77,260,272,274,409,474,273,267,474,479,482,487,153,411,281,44,424,1,113.2,107.8,5.4,0.592,0.577,0.077,0.095,0.123,0.094,105.46,2024-25
1631098,Johnny Davis,Johnny,1610612764,WAS,23.0,34,4,30,0.118,7.1,0.9,2.3,0.41,0.2,0.9,0.241,0.3,0.4,0.6,0.3,0.8,1.1,0.3,0.2,0.4,0.2,0.1,0.5,0.4,2.4,-0.8,5.8,0,0,5.2,387,493,176,549,499,485,484,415,450,449,450,483,463,482,475,498,498,524,523,392,387,490,506,468,489,310,494,281,44,499,1,104.7,107.2,-2.5,0.473,0.455,0.15,0.064,0.069,0.067,106.66,2024-25
1642277,Johnny Furphy,Johnny,1610612754,IND,20.0,50,31,19,0.62,7.6,0.7,1.8,0.38,0.3,1.0,0.3,0.4,0.4,0.818,0.5,1.0,1.4,0.4,0.2,0.4,0.2,0.2,0.8,0.5,2.1,0.4,5.8,0,0,5.3,283,186,329,138,490,508,503,481,416,419,379,450,464,169,406,474,468,513,512,428,341,379,460,460,502,199,493,281,44,498,1,106.1,105.4,0.6,0.506,0.462,0.118,0.063,0.093,0.059,105.49,2024-25
1630548,Johnny Juzang,Johnny,1610612762,UTA,24.0,64,15,49,0.234,19.8,3.2,7.4,0.429,1.8,4.9,0.376,0.7,0.8,0.849,0.7,2.2,2.9,1.1,0.6,0.6,0.1,0.2,2.0,0.7,8.9,-5.6,15.6,0,0,16.2,170,349,19,504,275,236,225,351,109,119,148,343,370,108,320,314,321,373,402,295,433,365,178,398,229,531,311,281,44,284,1,107.2,120.3,-13.1,0.573,0.554,0.174,0.08,0.07,0.071,102.1,2024-25
202685,Jonas Valanciunas,Jonas,1610612758,SAC,33.0,81,23,58,0.284,18.8,4.3,7.7,0.55,0.1,0.5,0.216,1.8,2.0,0.879,2.3,5.4,7.7,2.0,1.5,0.5,0.6,0.5,2.2,2.1,10.4,-3.8,24.3,21,0,22.3,12,265,3,468,299,154,205,69,478,485,466,133,161,70,39,42,42,206,143,380,123,187,114,130,175,488,146,28,44,161,2,109.2,118.8,-9.6,0.602,0.557,0.222,0.171,0.203,0.147,101.28,2024-25
1628371,Jonathan Isaac,Jonathan,1610612753,ORL,27.0,71,35,36,0.493,15.4,1.9,4.6,0.414,0.5,2.1,0.258,1.0,1.5,0.682,1.7,2.7,4.4,0.6,0.5,0.9,1.1,0.2,1.3,1.1,5.4,-0.5,17.0,2,0,14.9,108,149,106,291,359,380,363,409,356,325,434,254,230,420,80,230,163,479,432,171,33,404,361,282,367,288,283,159,44,310,1,105.9,106.6,-0.7,0.512,0.474,0.155,0.056,0.141,0.108,98.62,2024-25
1630228,Jonathan Kuminga,Jonathan,1610612744,GSW,22.0,47,28,19,0.596,24.3,5.5,12.1,0.454,1.0,3.2,0.305,3.3,5.0,0.668,1.2,3.4,4.6,2.2,1.5,0.8,0.4,1.0,1.9,3.1,15.3,0.2,26.4,2,0,25.6,298,220,329,179,197,96,94,264,271,231,374,57,33,437,145,143,150,190,136,194,190,27,189,66,92,224,123,159,44,126,1,110.0,108.9,1.0,0.535,0.495,0.271,0.151,0.088,0.11,100.21,2024-25
1642367,Jonathan Mogbo,Jonathan,1610612761,TOR,23.0,63,18,45,0.286,20.4,2.5,5.7,0.438,0.3,1.1,0.243,1.0,1.3,0.732,1.7,3.2,4.9,2.3,1.1,0.9,0.5,0.5,2.2,1.1,6.2,-3.8,18.7,3,1,16.5,185,312,38,464,265,314,303,317,429,410,449,267,265,346,77,170,131,174,221,165,133,181,130,283,337,489,250,134,20,274,1,103.7,111.9,-8.2,0.496,0.462,0.145,0.16,0.114,0.083,102.69,2024-25
203903,Jordan Clarkson,Jordan,1610612762,UTA,33.0,37,10,27,0.27,26.0,5.4,13.3,0.408,2.3,6.3,0.362,3.1,3.9,0.797,0.7,2.5,3.2,3.7,2.3,0.8,0.2,1.0,1.4,3.0,16.2,-5.5,26.6,0,0,27.6,361,419,222,478,162,99,75,421,59,52,204,67,67,225,305,267,282,95,58,180,320,30,333,72,86,530,121,281,44,107,1,107.5,117.5,-10.0,0.54,0.493,0.269,0.238,0.058,0.102,102.16,2024-25
1630692,Jordan Goodwin,Jordan,1610612747,LAL,26.0,29,17,12,0.586,18.7,2.2,5.0,0.438,0.9,2.3,0.382,0.3,0.4,0.818,1.3,2.6,3.9,1.4,0.9,1.0,0.4,0.2,1.5,0.4,5.6,-0.4,15.7,0,0,14.6,412,323,414,193,304,352,336,319,286,311,130,468,483,169,125,254,206,295,278,93,230,359,320,466,361,269,307,281,44,319,1,111.2,112.4,-1.2,0.541,0.528,0.134,0.108,0.101,0.08,99.53,2024-25
1641722,Jordan Hawkins,Jordan,1610612740,NOP,23.0,56,18,38,0.321,23.6,3.7,9.9,0.372,2.0,5.9,0.331,1.4,1.8,0.816,0.4,2.4,2.8,1.2,1.0,0.5,0.4,0.5,0.9,1.3,10.8,-5.7,17.7,0,0,18.6,246,312,85,444,211,188,132,489,92,66,308,177,198,177,412,286,327,347,242,342,213,199,439,245,166,532,267,281,44,231,1,106.6,118.1,-11.4,0.504,0.471,0.204,0.076,0.056,0.066,101.14,2024-25
1629162,Jordan McLaughlin,Jordan,1610612759,SAS,29.0,46,17,29,0.37,6.8,0.7,1.6,0.431,0.4,1.0,0.413,0.4,0.5,0.773,0.1,0.5,0.7,1.1,0.3,0.3,0.0,0.1,0.4,0.5,2.1,1.2,5.3,0,0,5.0,307,323,188,412,502,512,523,344,389,419,52,448,457,268,536,532,541,363,474,433,517,491,526,442,497,154,501,281,44,500,2,118.0,108.9,9.1,0.6,0.563,0.134,0.208,0.05,0.083,99.58,2024-25
1641757,Jordan Miller,Jordan,1610612746,LAC,25.0,37,21,16,0.568,11.4,1.6,3.6,0.433,0.2,1.0,0.211,0.8,0.9,0.8,0.6,0.9,1.6,0.9,0.7,0.5,0.1,0.3,0.7,0.7,4.1,-1.7,8.4,0,0,8.0,361,280,369,216,435,420,405,337,446,418,469,319,337,213,330,476,448,408,345,377,426,281,478,390,421,394,455,281,44,453,1,103.8,109.8,-6.0,0.509,0.463,0.175,0.124,0.068,0.07,100.15,2024-25
1629673,Jordan Poole,Jordan,1610612764,WAS,26.0,68,15,53,0.221,29.4,6.7,15.5,0.432,3.5,9.1,0.378,3.6,4.0,0.883,0.5,2.5,3.0,4.5,3.0,1.3,0.4,1.0,3.0,4.2,20.5,-8.2,32.7,1,0,34.7,138,349,14,511,110,63,50,339,9,9,140,42,57,61,407,265,306,68,17,45,221,30,15,29,46,561,77,198,44,58,1,104.8,117.9,-13.1,0.591,0.544,0.281,0.254,0.046,0.107,103.95,2024-25
1641775,Jordan Walsh,Jordan,1610612738,BOS,21.0,52,39,13,0.75,7.8,0.6,1.6,0.361,0.3,1.1,0.273,0.1,0.2,0.583,0.4,0.9,1.3,0.4,0.3,0.2,0.2,0.1,0.6,0.3,1.6,0.5,4.7,0,0,4.4,267,100,403,56,487,523,522,500,423,413,420,526,523,493,415,486,477,516,487,486,354,511,497,511,524,195,513,281,44,514,1,111.8,108.0,3.8,0.464,0.452,0.11,0.064,0.085,0.045,98.14,2024-25
1630631,Jose Alvarado,Jose,1610612740,NOP,27.0,56,19,37,0.339,24.4,3.6,9.3,0.392,2.0,5.5,0.359,1.1,1.3,0.811,0.5,1.9,2.4,4.6,1.5,1.3,0.3,0.4,1.6,1.3,10.3,-4.1,23.4,2,0,22.5,246,302,96,435,193,193,146,458,87,91,212,246,262,193,395,348,369,60,134,40,309,207,272,235,178,502,160,159,44,155,1,108.4,117.1,-8.7,0.523,0.498,0.193,0.278,0.047,0.09,99.89,2024-25
1630528,Josh Christopher,Josh,1610612748,MIA,23.0,14,9,5,0.643,5.0,0.8,2.2,0.355,0.1,0.8,0.182,0.3,0.4,0.667,0.0,0.6,0.6,0.6,0.4,0.4,0.2,0.1,0.1,0.3,2.0,-0.4,4.9,0,0,4.5,482,434,495,103,528,496,485,504,467,458,482,475,467,438,548,522,543,476,447,431,349,502,550,512,503,266,510,281,44,512,1,105.7,108.2,-2.5,0.416,0.387,0.235,0.145,0.063,0.063,109.7,2024-25
1630581,Josh Giddey,Josh,1610612741,CHI,22.0,70,33,37,0.471,30.2,5.3,11.4,0.465,1.5,4.0,0.378,2.5,3.2,0.781,1.8,6.3,8.1,7.2,2.9,1.2,0.6,0.9,1.7,2.6,14.6,-1.0,37.7,30,7,35.1,118,166,96,315,95,105,105,226,164,176,142,87,85,248,68,30,34,13,26,57,104,35,232,98,100,331,44,21,7,56,1,113.1,114.4,-1.4,0.57,0.531,0.214,0.322,0.127,0.13,104.47,2024-25
1630182,Josh Green,Josh,1610612766,CHA,24.0,68,17,51,0.25,27.8,2.6,6.2,0.428,1.4,3.6,0.391,0.7,1.1,0.681,0.8,1.7,2.5,1.6,1.0,1.1,0.2,0.4,2.4,1.3,7.4,-5.4,15.8,0,0,15.6,138,323,16,489,133,291,281,361,176,191,111,335,302,425,254,380,360,275,243,80,340,236,69,247,276,526,306,281,44,294,1,105.3,114.2,-8.9,0.559,0.543,0.115,0.081,0.043,0.043,100.08,2024-25
1628404,Josh Hart,Josh,1610612752,NYK,30.0,77,48,29,0.623,37.6,5.2,10.0,0.525,1.1,3.3,0.333,2.1,2.7,0.776,2.1,7.5,9.6,5.9,2.1,1.5,0.4,0.8,2.6,2.4,13.6,2.6,37.6,34,9,34.0,43,30,188,132,2,108,127,88,239,225,297,110,113,261,51,13,20,28,74,20,243,71,43,111,117,100,45,16,5,63,1,117.9,114.3,3.6,0.611,0.579,0.151,0.206,0.13,0.119,97.79,2024-25
1631169,Josh Minott,Josh,1610612750,MIN,22.0,46,32,14,0.696,6.0,1.0,2.0,0.489,0.3,0.9,0.326,0.4,0.4,0.895,0.3,0.8,1.0,0.4,0.2,0.3,0.3,0.1,0.7,0.3,2.6,-0.3,5.9,0,0,5.5,307,179,392,75,511,483,498,153,415,441,323,448,472,45,488,503,508,512,514,442,303,455,471,501,479,265,491,281,44,493,1,104.0,107.0,-3.0,0.605,0.567,0.16,0.096,0.081,0.095,104.77,2024-25
1629006,Josh Okogie,Josh,1610612766,CHA,26.0,40,11,29,0.275,15.6,2.4,5.3,0.443,0.8,2.3,0.348,1.6,2.1,0.741,1.1,1.7,2.8,0.8,0.8,1.2,0.5,0.5,1.2,1.7,7.1,-0.3,16.0,1,0,14.9,342,407,188,474,355,333,311,299,304,316,251,161,152,335,158,382,326,427,317,57,171,162,387,173,293,263,303,198,44,309,2,108.8,109.3,-0.5,0.567,0.519,0.185,0.082,0.086,0.1,98.69,2024-25
1626196,Josh Richardson,Josh,1610612748,MIA,31.0,8,4,4,0.5,18.7,1.4,4.8,0.289,0.8,2.8,0.273,0.5,0.5,1.0,0.8,0.8,1.5,1.5,1.0,1.0,0.1,0.4,2.1,1.3,4.0,-3.9,10.4,0,0,10.0,516,493,507,266,306,435,349,538,311,273,420,400,451,1,273,505,453,287,250,101,433,242,144,250,429,490,409,281,44,406,1,104.1,114.7,-10.6,0.402,0.368,0.134,0.117,0.042,0.015,100.82,2024-25
201950,Jrue Holiday,Jrue,1610612738,BOS,35.0,62,47,15,0.758,30.6,4.1,9.2,0.443,1.7,4.9,0.353,1.1,1.2,0.909,1.2,3.0,4.3,3.9,1.2,1.1,0.4,0.4,1.6,1.2,11.1,5.5,25.2,1,0,23.9,192,36,382,55,90,161,149,301,124,117,235,227,271,34,140,191,172,89,187,85,198,248,270,255,158,29,139,198,44,141,1,116.6,107.7,8.9,0.565,0.538,0.156,0.174,0.065,0.088,99.38,2024-25
1630577,Julian Champagnie,Julian,1610612759,SAS,24.0,82,34,48,0.415,23.6,3.4,8.1,0.415,2.2,5.9,0.371,1.0,1.1,0.904,0.8,3.1,3.9,1.4,0.9,0.7,0.4,0.4,1.4,0.7,9.9,-0.8,19.2,0,0,19.7,1,157,23,378,212,214,185,406,68,73,172,251,286,39,257,187,204,318,275,229,206,232,337,404,193,314,236,281,44,207,1,112.3,114.5,-2.1,0.577,0.549,0.164,0.078,0.077,0.079,102.25,2024-25
1641763,Julian Phillips,Julian,1610612741,CHI,21.0,79,37,42,0.468,14.2,1.6,3.6,0.446,0.6,1.9,0.327,0.8,1.0,0.789,0.8,1.3,2.1,0.5,0.3,0.5,0.3,0.2,1.4,0.8,4.6,0.4,9.8,0,0,9.4,23,124,47,316,383,412,403,289,343,344,318,318,333,235,244,427,396,491,478,366,308,384,340,364,391,204,424,281,44,419,1,112.9,111.1,1.8,0.571,0.533,0.126,0.045,0.07,0.055,104.0,2024-25
1631124,Julian Strawther,Julian,1610612743,DEN,23.0,65,41,24,0.631,21.3,3.2,7.5,0.432,1.4,4.1,0.349,1.1,1.4,0.822,0.3,1.9,2.2,1.3,0.9,0.6,0.2,0.3,2.3,1.5,9.0,-1.1,15.2,0,0,15.6,162,83,271,120,246,230,222,340,173,165,249,225,252,161,487,353,393,331,286,303,318,311,92,201,222,349,319,281,44,291,1,111.9,114.4,-2.5,0.559,0.529,0.173,0.082,0.049,0.057,102.79,2024-25
203944,Julius Randle,Julius,1610612750,MIN,30.0,69,44,25,0.638,32.3,6.6,13.6,0.485,1.6,4.6,0.344,3.9,4.9,0.806,2.1,5.0,7.1,4.7,2.8,0.7,0.2,0.9,2.5,3.7,18.7,2.4,34.1,14,0,33.8,129,62,256,109,62,68,74,165,160,140,264,33,35,205,52,61,53,59,30,256,329,48,51,43,61,110,67,40,44,64,1,115.0,111.6,3.4,0.593,0.542,0.246,0.228,0.108,0.124,98.45,2024-25
1630551,Justin Champagnie,Justin,1610612764,WAS,24.0,62,16,46,0.258,21.6,3.4,6.6,0.511,1.2,3.1,0.383,0.8,1.2,0.685,1.8,3.9,5.7,1.0,0.9,1.0,0.6,0.4,1.8,0.9,8.8,-4.6,21.2,8,0,20.0,192,340,32,486,239,211,261,106,211,241,127,299,281,415,70,111,96,400,288,90,110,248,225,336,235,510,195,77,44,201,1,107.1,116.8,-9.7,0.614,0.601,0.15,0.066,0.119,0.101,102.96,2024-25
1642348,Justin Edwards,Justin,1610612755,PHI,21.0,44,11,33,0.25,26.2,3.9,8.6,0.455,1.6,4.3,0.363,0.7,1.0,0.696,1.0,2.3,3.4,1.6,1.1,1.0,0.4,0.6,2.2,0.9,10.1,-6.4,19.5,1,0,19.4,322,407,130,489,160,171,168,261,158,152,200,331,307,398,174,300,261,278,219,96,237,142,118,332,188,540,230,198,44,216,1,111.6,123.2,-11.6,0.559,0.546,0.165,0.084,0.065,0.062,99.43,2024-25
1631303,Justin Minaya,Justin,1610612757,POR,26.0,19,8,11,0.421,5.3,0.4,1.1,0.381,0.1,0.5,0.2,0.0,0.1,0.0,0.3,0.3,0.5,0.4,0.3,0.3,0.1,0.0,0.6,0.2,0.9,-0.6,3.0,0,0,2.7,457,445,425,372,521,542,547,479,473,482,471,544,541,544,486,558,549,515,506,444,505,522,489,536,546,298,539,281,44,541,1,95.0,101.9,-6.9,0.411,0.429,0.107,0.108,0.051,0.02,103.22,2024-25
203994,Jusuf Nurkić,Jusuf,1610612766,CHA,30.0,51,18,33,0.353,20.8,3.3,6.9,0.477,0.6,2.1,0.305,1.7,2.5,0.664,1.7,6.1,7.8,2.3,1.9,0.8,0.7,0.3,2.5,2.5,8.9,-3.6,24.1,10,0,22.5,275,312,130,428,257,225,250,183,344,332,373,142,122,448,82,32,38,182,85,206,96,294,47,102,230,485,150,62,44,157,2,106.1,115.1,-9.0,0.555,0.523,0.202,0.167,0.181,0.116,99.79,2024-25
1630231,KJ Martin,KJ,1610612762,UTA,24.0,43,11,32,0.256,21.2,2.6,4.7,0.552,0.3,1.3,0.259,0.9,1.1,0.787,0.7,2.2,2.9,1.1,0.6,0.4,0.5,0.5,2.3,0.8,6.4,-3.3,13.7,0,0,12.6,328,407,143,488,251,298,354,68,405,387,433,284,297,238,294,316,318,360,403,411,145,198,86,344,329,468,344,281,44,355,2,109.3,117.4,-8.1,0.618,0.59,0.112,0.074,0.067,0.061,100.63,2024-25
1642354,KJ Simpson,KJ,1610612766,CHA,22.0,36,3,33,0.083,23.4,2.9,8.4,0.346,0.9,3.6,0.254,1.1,1.4,0.82,1.1,1.9,3.0,3.1,1.6,0.9,0.2,0.5,1.6,2.1,7.8,-7.7,17.9,0,0,17.1,370,508,130,555,214,270,175,511,281,198,438,224,251,168,169,349,299,124,130,128,398,172,296,127,268,557,263,281,44,265,1,101.0,116.4,-15.4,0.437,0.4,0.188,0.21,0.06,0.06,99.1,2024-25
1630539,Kai Jones,Kai,1610612742,DAL,24.0,40,20,20,0.5,11.7,2.2,2.7,0.798,0.0,0.1,0.2,0.6,0.8,0.719,1.0,2.1,3.1,0.6,0.5,0.4,0.6,0.1,1.3,0.7,5.0,-0.5,12.0,1,0,10.6,342,296,318,266,428,351,467,3,496,518,471,381,375,366,183,328,290,463,439,420,122,499,366,397,383,287,377,198,44,393,2,107.0,109.2,-2.3,0.804,0.803,0.128,0.08,0.133,0.131,99.77,2024-25
1626157,Karl-Anthony Towns,Karl-Anthony,1610612752,NYK,29.0,72,46,26,0.639,35.0,8.9,16.9,0.526,2.0,4.7,0.42,4.7,5.7,0.829,2.9,9.8,12.8,3.1,2.7,1.0,0.7,1.2,3.5,4.8,24.4,5.3,46.8,58,1,45.6,95,45,237,106,25,17,37,87,89,130,43,22,21,144,20,3,2,125,39,114,89,13,2,19,19,34,10,4,20,10,1,119.4,112.7,6.8,0.63,0.584,0.265,0.13,0.187,0.161,99.25,2024-25
1631255,Karlo Matković,Karlo,1610612740,NOP,24.0,42,12,30,0.286,18.8,3.2,5.6,0.574,0.5,1.6,0.318,0.8,1.0,0.773,1.5,3.5,5.0,1.1,1.0,0.5,1.0,0.3,2.5,1.0,7.7,-2.1,18.8,4,0,17.3,330,393,176,464,298,233,306,54,366,375,343,297,305,268,99,141,130,367,247,343,47,336,54,316,269,420,243,116,44,261,1,109.4,114.1,-4.7,0.639,0.619,0.155,0.083,0.129,0.096,101.91,2024-25
202695,Kawhi Leonard,Kawhi,1610612746,LAC,34.0,37,26,11,0.703,31.9,8.4,16.8,0.498,2.1,5.1,0.411,2.6,3.3,0.81,0.9,5.0,5.9,3.1,1.9,1.6,0.5,0.3,1.5,3.3,21.5,8.0,37.5,5,0,36.8,361,240,425,70,70,25,38,137,79,104,58,76,84,197,210,60,83,122,82,17,178,304,313,58,38,4,46,106,44,47,1,120.3,107.9,12.4,0.589,0.56,0.28,0.147,0.098,0.134,97.26,2024-25
1630811,Keaton Wallace,Keaton,1610612737,ATL,26.0,31,15,16,0.484,16.2,2.1,5.2,0.401,0.9,2.6,0.329,0.4,0.4,1.0,0.2,1.4,1.6,2.6,1.1,0.9,0.3,0.1,1.3,0.4,5.4,-0.6,13.8,1,1,12.9,402,349,369,304,346,356,316,442,291,284,313,452,493,1,505,419,442,150,232,149,281,485,365,474,365,294,341,198,20,350,1,106.2,108.4,-2.2,0.503,0.485,0.164,0.224,0.047,0.074,102.77,2024-25
1631099,Keegan Murray,Keegan,1610612758,SAC,24.0,76,36,40,0.474,34.3,4.8,10.8,0.444,2.0,5.9,0.343,0.8,0.9,0.833,1.9,4.8,6.7,1.4,0.8,0.8,0.9,0.4,2.4,1.0,12.4,0.6,26.9,11,0,25.9,51,136,59,309,31,132,115,298,85,69,268,307,336,131,59,70,61,300,314,198,59,250,64,295,134,191,118,55,44,122,1,114.8,113.4,1.5,0.553,0.538,0.148,0.055,0.095,0.075,100.09,2024-25
1631232,Keion Brooks Jr.,Keion,1610612740,NOP,24.0,14,2,12,0.143,23.7,3.8,7.8,0.486,1.0,3.1,0.326,1.6,2.1,0.733,0.9,3.3,4.1,0.9,0.9,0.7,0.7,0.4,2.1,1.4,10.1,-10.4,19.9,1,0,19.1,482,525,414,541,209,180,203,163,257,246,323,162,151,342,239,161,182,407,295,237,84,207,137,214,185,568,217,198,44,219,1,100.7,121.2,-20.5,0.581,0.55,0.169,0.062,0.084,0.079,101.63,2024-25
1642276,Kel'el Ware,Kel'el,1610612748,MIA,21.0,64,28,36,0.438,22.2,4.0,7.3,0.554,0.5,1.7,0.315,0.7,1.0,0.687,1.8,5.6,7.4,0.9,0.9,0.6,1.1,0.3,1.7,0.9,9.3,0.6,23.8,15,0,21.6,170,220,106,357,228,165,230,67,357,362,350,337,306,413,69,40,47,405,279,295,35,333,237,335,212,190,156,37,44,174,1,112.8,110.9,1.9,0.603,0.592,0.169,0.062,0.167,0.119,98.6,2024-25
1629640,Keldon Johnson,Keldon,1610612759,SAS,25.0,77,31,46,0.403,23.9,4.8,10.0,0.482,1.1,3.6,0.318,1.9,2.5,0.773,1.5,3.4,4.8,1.6,1.0,0.6,0.3,0.5,1.5,1.8,12.7,-2.8,22.7,3,0,22.1,43,186,32,388,205,128,127,174,226,205,345,121,120,266,104,151,138,267,250,284,282,188,316,154,127,452,174,134,44,163,1,110.1,115.9,-5.8,0.572,0.538,0.207,0.105,0.096,0.103,102.06,2024-25
203482,Kelly Olynyk,Kelly,1610612740,NOP,34.0,44,12,32,0.273,20.2,3.0,6.1,0.5,0.8,1.8,0.418,1.9,2.5,0.769,1.4,3.3,4.7,2.9,1.7,0.8,0.4,0.3,2.8,2.2,8.7,-1.3,20.5,2,0,19.4,322,393,143,475,266,251,285,125,311,358,45,128,126,276,109,164,147,131,105,219,200,306,25,124,237,372,210,159,44,213,2,110.7,113.4,-2.7,0.609,0.562,0.185,0.2,0.112,0.098,100.28,2024-25
1626162,Kelly Oubre Jr.,Kelly,1610612755,PHI,29.0,60,21,39,0.35,34.6,5.8,12.4,0.47,1.2,4.0,0.293,2.3,3.1,0.751,1.6,4.5,6.1,1.8,1.3,1.5,0.5,1.1,3.0,2.8,15.1,-4.3,29.9,10,0,28.3,206,280,68,430,29,85,88,211,212,170,393,99,93,309,87,83,74,240,169,21,149,20,10,83,94,505,96,62,44,103,1,110.7,116.4,-5.7,0.551,0.518,0.186,0.079,0.091,0.084,98.68,2024-25
1629026,Kenrich Williams,Kenrich,1610612760,OKC,30.0,69,58,11,0.841,16.4,2.5,5.1,0.483,1.0,2.5,0.386,0.4,0.6,0.718,0.9,2.6,3.5,1.4,0.6,0.6,0.1,0.3,1.6,0.8,6.3,4.8,14.4,2,0,13.7,129,7,425,20,342,313,322,169,276,300,120,435,437,370,214,255,245,306,400,289,419,290,281,353,332,41,330,159,44,336,1,118.7,104.1,14.5,0.587,0.576,0.151,0.111,0.102,0.093,101.26,2024-25
203484,Kentavious Caldwell-Pope,Kentavious,1610612763,MEM,32.0,77,38,39,0.494,29.6,3.1,7.1,0.439,1.5,4.3,0.342,1.1,1.2,0.863,0.4,1.8,2.2,1.8,0.8,1.3,0.4,0.1,1.8,1.4,8.7,0.1,18.4,0,0,17.6,43,110,68,288,108,246,242,310,172,157,269,247,272,90,417,369,391,244,311,44,194,456,227,232,236,225,257,281,44,253,1,109.1,108.6,0.5,0.574,0.543,0.121,0.086,0.038,0.065,96.52,2024-25
1631165,Keon Ellis,Keon,1610612758,SAC,25.0,80,39,41,0.488,24.4,2.8,5.8,0.489,1.7,4.0,0.433,0.9,1.1,0.849,0.8,1.9,2.7,1.5,0.9,1.5,0.8,0.2,2.2,1.2,8.3,0.8,19.8,0,0,18.8,16,100,54,299,195,274,299,152,127,173,31,280,300,109,273,355,348,287,282,22,74,418,123,267,257,179,222,281,44,226,1,116.1,113.2,3.0,0.664,0.639,0.125,0.08,0.055,0.073,99.07,2024-25
1630553,Keon Johnson,Keon,1610612751,BKN,23.0,79,25,54,0.316,24.4,3.8,9.9,0.389,1.6,5.1,0.314,1.4,1.8,0.77,0.8,3.0,3.8,2.2,1.5,1.0,0.4,0.9,2.6,1.5,10.6,-5.4,21.2,0,0,21.0,23,252,8,448,194,176,134,469,153,108,351,195,197,272,265,202,217,189,144,92,228,34,40,199,170,527,192,281,44,183,1,104.1,114.4,-10.3,0.499,0.47,0.212,0.148,0.076,0.07,98.77,2024-25
1642352,Keshad Johnson,Keshad,1610612748,MIA,24.0,16,10,6,0.625,6.1,1.1,1.6,0.692,0.2,0.4,0.429,0.3,0.6,0.444,0.4,1.4,1.8,0.3,0.3,0.3,0.3,0.2,0.7,0.4,2.7,0.3,6.6,0,0,6.0,469,419,481,127,510,464,520,11,457,487,36,488,438,535,438,420,427,534,507,446,309,410,481,478,476,213,480,281,44,481,1,105.5,104.1,1.3,0.718,0.75,0.145,0.058,0.136,0.114,106.64,2024-25
1630556,Kessler Edwards,Kessler,1610612742,DAL,24.0,40,17,23,0.425,15.2,1.7,3.4,0.496,0.6,1.4,0.407,0.3,0.3,0.923,0.6,2.3,2.9,1.1,0.4,0.5,0.5,0.2,1.6,0.4,4.2,-4.0,11.8,1,0,10.6,342,323,280,368,362,403,420,142,354,386,65,471,502,29,358,297,321,378,454,371,149,418,297,478,414,492,381,198,44,393,1,110.0,122.3,-12.3,0.597,0.578,0.11,0.09,0.096,0.067,102.71,2024-25
201142,Kevin Durant,Kevin,1610612756,PHX,36.0,62,33,29,0.532,36.5,9.5,18.1,0.527,2.6,6.0,0.43,4.9,5.8,0.839,0.4,5.7,6.0,4.2,3.1,0.8,1.2,0.5,1.7,5.3,26.6,-0.6,43.2,5,0,43.5,192,166,188,244,7,6,22,85,37,61,35,20,19,120,441,38,80,77,16,195,27,167,253,13,7,294,18,106,44,15,1,116.5,117.4,-1.0,0.642,0.598,0.283,0.188,0.084,0.142,99.49,2024-25
1628989,Kevin Huerter,Kevin,1610612741,CHI,26.0,69,39,30,0.565,24.3,3.7,8.8,0.425,1.9,5.7,0.338,0.5,0.7,0.714,0.4,2.5,3.0,2.3,1.0,1.0,0.3,0.2,1.8,0.6,9.9,1.5,19.7,0,0,19.6,129,100,176,218,198,185,162,370,98,84,286,399,401,374,416,259,308,181,260,123,248,394,229,409,195,139,224,281,44,209,2,114.5,111.7,2.8,0.544,0.535,0.171,0.124,0.058,0.073,102.32,2024-25
1628995,Kevin Knox II,Kevin,1610612744,GSW,25.0,14,11,3,0.786,6.0,1.3,2.6,0.5,0.3,1.1,0.267,0.4,0.6,0.75,0.5,0.7,1.2,0.4,0.3,0.1,0.3,0.1,0.4,0.4,3.3,-0.2,6.3,0,0,6.0,482,407,521,40,513,451,471,125,424,412,425,430,435,310,378,509,489,517,499,512,282,502,516,463,459,251,483,281,44,481,1,112.7,115.6,-2.9,0.582,0.556,0.202,0.086,0.101,0.104,103.28,2024-25
201567,Kevin Love,Kevin,1610612748,MIA,36.0,23,13,10,0.565,10.9,1.8,5.0,0.357,1.0,2.9,0.358,0.7,1.0,0.696,1.0,3.1,4.1,1.0,0.6,0.7,0.2,0.3,0.9,1.0,5.3,-1.1,13.5,0,0,13.0,438,382,443,218,444,391,330,502,250,262,215,346,314,398,204,180,186,403,378,273,390,337,438,314,368,348,349,281,44,345,1,108.7,112.3,-3.6,0.488,0.461,0.23,0.134,0.177,0.109,103.56,2024-25
1641755,Kevin McCullar Jr.,Kevin,1610612752,NYK,24.0,4,4,0,1.0,7.3,0.5,1.8,0.286,0.0,0.3,0.0,0.5,0.5,1.0,0.0,2.0,2.0,0.5,0.0,0.3,0.3,0.3,1.5,0.8,1.5,-0.5,6.2,0,0,5.0,541,493,561,1,497,533,509,539,499,506,499,400,451,1,548,339,410,486,551,471,309,348,314,369,528,283,485,281,44,501,1,93.8,96.9,-3.1,0.381,0.286,0.118,0.111,0.151,0.066,105.33,2024-25
1629645,Kevin Porter Jr.,Kevin,1610612749,MIL,25.0,75,43,32,0.573,19.8,3.9,8.7,0.449,0.7,2.4,0.311,1.7,2.3,0.769,0.6,3.1,3.7,3.4,1.8,1.1,0.2,0.6,1.6,1.9,10.3,0.4,21.8,2,1,20.6,59,75,143,208,276,172,163,277,316,310,361,136,140,273,351,177,221,108,94,81,392,113,283,144,180,206,183,159,20,190,2,109.1,108.0,1.1,0.531,0.492,0.248,0.276,0.092,0.119,100.63,2024-25
1626172,Kevon Looney,Kevon,1610612744,GSW,29.0,76,45,31,0.592,15.0,1.9,3.7,0.514,0.0,0.1,0.4,0.7,1.3,0.566,2.4,3.6,6.1,1.6,0.5,0.6,0.5,0.2,2.0,1.1,4.5,1.5,16.9,2,0,14.4,51,56,158,185,367,383,402,102,495,527,78,329,264,499,35,123,77,280,414,299,163,375,165,284,395,136,284,159,44,323,1,112.5,106.9,5.6,0.535,0.518,0.125,0.143,0.181,0.114,100.61,2024-25
1641718,Keyonte George,Keyonte,1610612762,UTA,21.0,67,13,54,0.194,31.5,5.4,13.7,0.391,2.6,7.6,0.343,3.5,4.3,0.818,0.4,3.4,3.8,5.6,2.7,0.7,0.1,1.1,1.7,3.4,16.8,-7.6,29.5,4,0,30.4,147,382,8,527,81,103,71,464,35,28,267,46,47,176,433,148,214,33,36,254,428,24,266,55,80,556,101,116,44,88,1,110.1,122.0,-11.9,0.539,0.485,0.237,0.272,0.058,0.093,101.25,2024-25
203114,Khris Middleton,Khris,1610612764,WAS,33.0,37,18,19,0.486,22.8,4.3,9.1,0.475,1.3,3.6,0.361,1.9,2.3,0.857,0.4,3.4,3.7,4.1,1.5,0.9,0.2,0.4,2.0,1.9,11.9,1.1,24.4,0,0,23.3,361,312,329,302,219,151,154,195,193,200,205,122,139,95,450,153,223,84,135,127,345,260,164,150,148,164,145,281,44,149,2,114.1,112.6,1.5,0.588,0.546,0.208,0.251,0.076,0.114,104.75,2024-25
1630165,Killian Hayes,Killian,1610612751,BKN,23.0,6,1,5,0.167,27.1,3.0,7.2,0.419,1.3,3.5,0.381,1.7,2.0,0.833,0.8,2.2,3.0,5.2,1.5,0.7,0.7,0.2,2.2,2.0,9.0,-4.0,22.9,0,0,21.2,524,539,495,535,148,255,235,398,188,209,134,142,165,131,249,323,300,44,138,259,96,426,128,132,225,495,170,281,44,181,1,109.9,115.6,-5.7,0.559,0.512,0.145,0.274,0.055,0.085,101.72,2024-25
202691,Klay Thompson,Klay,1610612742,DAL,35.0,72,33,39,0.458,27.3,5.0,12.2,0.412,3.0,7.7,0.391,0.9,1.0,0.905,0.6,2.8,3.4,2.0,1.2,0.7,0.4,0.3,1.1,0.7,14.0,-1.1,23.2,0,0,24.6,95,166,68,329,139,117,91,412,19,27,112,273,311,37,333,220,252,207,192,248,209,312,394,387,114,350,162,281,44,134,1,112.8,115.2,-2.4,0.552,0.535,0.214,0.104,0.06,0.083,100.53,2024-25
1641738,Kobe Brown,Kobe,1610612746,LAC,25.0,40,25,15,0.625,6.8,0.8,1.8,0.458,0.2,0.7,0.231,0.1,0.2,0.714,0.5,1.2,1.6,0.6,0.3,0.2,0.1,0.1,0.6,0.3,1.9,-1.3,5.3,0,0,4.9,342,252,382,127,503,493,505,247,465,468,456,528,528,374,398,450,440,470,497,503,457,499,498,516,506,373,502,281,44,504,1,105.9,114.7,-8.7,0.513,0.5,0.134,0.137,0.122,0.083,98.21,2024-25
1641723,Kobe Bufkin,Kobe,1610612737,ATL,21.0,10,6,4,0.6,12.4,1.8,4.7,0.383,0.4,1.9,0.211,1.3,1.8,0.722,0.5,1.6,2.1,1.7,0.8,0.3,0.2,0.6,0.9,1.2,5.3,-2.3,11.1,0,0,10.5,503,473,507,168,416,390,353,477,394,348,469,199,188,362,378,389,401,257,312,454,364,127,443,259,369,427,390,281,44,396,1,95.3,103.3,-8.0,0.483,0.426,0.203,0.213,0.077,0.086,106.96,2024-25
1627739,Kris Dunn,Kris,1610612746,LAC,31.0,74,45,29,0.608,24.1,2.6,5.9,0.439,1.0,3.0,0.335,0.2,0.3,0.682,0.7,2.7,3.4,2.8,1.0,1.7,0.4,0.2,2.7,0.5,6.4,3.5,20.0,0,0,17.8,71,56,188,157,204,296,292,309,253,251,293,502,507,421,283,238,256,136,250,10,236,417,39,455,327,74,215,281,44,246,1,113.8,106.0,7.8,0.531,0.525,0.126,0.153,0.072,0.07,99.24,2024-25
1631200,Kris Murray,Kris,1610612757,POR,24.0,69,31,38,0.449,15.1,1.7,4.0,0.419,0.4,1.7,0.225,0.4,0.8,0.456,1.1,1.5,2.6,1.0,0.6,0.5,0.2,0.3,1.0,0.6,4.2,-0.7,10.4,1,0,9.7,129,186,85,347,365,400,384,395,397,361,461,444,371,534,162,402,353,397,375,351,317,314,428,414,417,307,408,198,44,412,1,106.0,107.8,-1.8,0.472,0.468,0.133,0.09,0.081,0.061,102.7,2024-25
204001,Kristaps Porziņģis,Kristaps,1610612738,BOS,29.0,42,30,12,0.714,28.8,6.6,13.7,0.483,2.5,6.0,0.412,3.8,4.7,0.809,1.6,5.1,6.8,2.1,1.3,0.7,1.5,0.5,2.8,5.1,19.5,4.1,36.2,6,0,35.2,330,196,414,68,116,67,72,172,45,64,55,37,36,201,86,53,60,202,181,230,15,150,29,16,51,60,53,93,44,54,1,116.2,110.3,5.8,0.618,0.572,0.253,0.113,0.11,0.132,99.83,2024-25
203937,Kyle Anderson,Kyle,1610612748,MIA,31.0,61,30,31,0.492,16.4,2.3,5.0,0.469,0.4,1.1,0.357,0.8,1.1,0.738,0.9,2.5,3.4,2.4,0.6,0.7,0.5,0.3,1.3,1.0,5.9,-0.4,16.5,2,0,14.4,201,196,158,294,341,336,335,215,393,403,218,308,301,337,235,268,258,168,379,271,131,325,350,310,353,267,291,159,44,321,2,106.1,107.6,-1.5,0.538,0.51,0.152,0.211,0.097,0.108,100.06,2024-25
1642271,Kyle Filipowski,Kyle,1610612762,UTA,21.0,72,13,59,0.181,21.1,3.6,7.2,0.502,1.1,3.1,0.35,1.3,2.0,0.65,1.6,4.6,6.1,1.9,1.4,0.7,0.3,0.6,2.4,1.7,9.6,-5.1,21.3,13,0,20.7,95,382,2,533,253,198,233,120,246,249,244,201,173,457,93,80,75,224,150,259,266,149,78,164,202,517,190,46,44,189,1,107.7,118.9,-11.3,0.594,0.576,0.184,0.14,0.14,0.103,102.46,2024-25
1628398,Kyle Kuzma,Kyle,1610612749,MIL,29.0,65,25,40,0.385,29.8,5.7,13.0,0.436,1.5,4.8,0.307,2.0,3.1,0.634,0.8,4.9,5.7,2.3,2.2,0.6,0.3,0.6,1.8,2.4,14.8,-6.4,25.5,6,0,26.0,162,252,59,400,107,86,81,326,168,123,370,116,89,466,252,64,95,172,60,329,279,127,213,103,96,542,134,93,44,119,2,105.8,116.1,-10.3,0.514,0.493,0.233,0.123,0.091,0.08,102.96,2024-25
200768,Kyle Lowry,Kyle,1610612755,PHI,39.0,35,14,21,0.4,18.8,1.2,3.3,0.35,0.8,2.5,0.33,0.8,0.9,0.818,0.3,1.6,1.9,2.7,0.6,0.9,0.3,0.2,1.8,1.1,3.9,-2.0,13.5,0,0,11.9,381,364,297,389,296,462,423,508,297,292,311,313,340,169,465,389,416,142,380,129,262,396,226,292,432,414,348,281,44,368,1,103.8,109.6,-5.8,0.525,0.474,0.1,0.206,0.05,0.067,99.28,2024-25
1630283,Kylor Kelley,Kylor,1610612747,LAL,27.0,11,3,8,0.273,11.5,1.3,2.0,0.636,0.0,0.0,0.0,0.5,0.9,0.6,1.1,2.5,3.5,0.5,0.4,0.1,0.3,0.0,1.4,0.5,3.1,-6.8,8.8,1,0,7.8,501,508,459,475,433,452,492,28,499,542,499,393,349,482,167,277,239,498,466,531,293,522,342,432,465,546,447,198,44,459,2,101.4,130.5,-29.1,0.644,0.636,0.097,0.056,0.134,0.072,104.42,2024-25
202681,Kyrie Irving,Kyrie,1610612742,DAL,33.0,50,28,22,0.56,36.1,8.9,18.9,0.473,2.9,7.2,0.401,3.9,4.3,0.916,1.2,3.6,4.8,4.6,2.2,1.3,0.5,0.8,2.0,3.3,24.7,2.5,40.5,0,0,40.5,283,220,288,221,13,16,13,201,26,32,76,32,45,32,144,126,141,61,61,41,177,61,167,60,16,108,31,281,44,25,1,116.5,113.9,2.6,0.594,0.549,0.264,0.198,0.064,0.129,99.98,2024-25
1642273,Kyshawn George,Kyshawn,1610612764,WAS,21.0,68,15,53,0.221,26.5,3.0,8.0,0.372,1.7,5.2,0.322,1.0,1.4,0.753,0.7,3.5,4.2,2.5,1.4,1.0,0.7,0.5,3.0,1.4,8.7,-5.3,21.2,1,0,20.5,138,349,14,511,158,259,189,491,144,101,337,253,255,308,282,139,180,160,148,101,81,158,15,231,243,524,194,198,44,191,1,105.4,115.5,-10.1,0.503,0.476,0.156,0.133,0.074,0.058,102.7,2024-25
1630163,LaMelo Ball,LaMelo,1610612766,CHA,23.0,47,16,31,0.34,32.0,8.6,21.3,0.405,3.8,11.2,0.339,4.1,4.9,0.843,1.0,3.9,4.9,7.4,3.6,1.1,0.3,0.9,3.3,4.7,25.2,-2.8,42.9,13,0,44.1,298,340,158,434,68,21,2,433,5,1,282,29,34,118,183,107,132,9,8,67,288,37,3,20,13,448,20,46,44,14,1,112.7,116.5,-3.9,0.536,0.494,0.342,0.39,0.072,0.127,101.33,2024-25
1630205,Lamar Stevens,Lamar,1610612763,MEM,27.0,17,7,10,0.412,9.1,1.7,3.7,0.46,0.5,1.6,0.296,0.5,0.6,0.727,0.2,2.0,2.2,0.5,0.6,0.3,0.2,0.5,0.9,0.5,4.4,3.9,8.6,0,0,8.5,464,460,443,383,464,399,398,240,378,374,385,415,415,349,500,339,387,494,386,457,387,193,447,458,405,69,453,281,44,441,1,128.2,101.8,26.4,0.545,0.524,0.21,0.063,0.114,0.09,102.46,2024-25
1629013,Landry Shamet,Landry,1610612752,NYK,28.0,50,30,20,0.6,15.2,2.1,4.6,0.461,1.2,3.1,0.397,0.2,0.4,0.667,0.2,1.0,1.2,0.5,0.4,0.5,0.0,0.2,1.0,0.7,5.7,1.8,9.1,0,0,9.7,283,196,318,168,361,355,359,238,201,240,92,493,488,438,508,460,488,483,442,375,513,361,408,383,358,131,438,281,44,411,1,111.6,106.5,5.1,0.601,0.596,0.143,0.049,0.039,0.062,99.55,2024-25
1626204,Larry Nance Jr.,Larry,1610612737,ATL,32.0,24,10,14,0.417,19.3,3.3,6.5,0.516,1.4,3.2,0.447,0.4,0.5,0.692,1.0,3.3,4.3,1.6,0.7,0.8,0.5,0.3,1.5,1.0,8.5,-4.0,19.4,3,0,18.5,432,419,392,375,286,217,268,99,178,234,16,445,442,402,203,157,170,276,357,182,130,348,303,294,250,494,232,134,44,237,1,107.5,116.5,-9.0,0.632,0.626,0.155,0.125,0.108,0.106,104.76,2024-25
1628374,Lauri Markkanen,Lauri,1610612762,UTA,28.0,47,9,38,0.191,31.4,6.3,14.9,0.423,2.9,8.5,0.346,3.4,3.9,0.876,1.5,4.4,5.9,1.5,1.4,0.7,0.4,0.8,1.7,3.4,19.0,-4.0,30.1,5,0,31.4,298,434,85,529,83,75,56,379,24,15,256,49,64,75,97,86,85,290,151,243,239,56,251,56,57,493,95,106,44,81,1,111.4,117.5,-6.1,0.571,0.521,0.231,0.074,0.09,0.103,101.64,2024-25
2544,LeBron James,LeBron,1610612747,LAL,40.0,70,44,26,0.629,34.9,9.3,18.1,0.513,2.1,5.7,0.376,3.7,4.7,0.782,1.0,6.8,7.8,8.2,3.7,1.0,0.6,0.7,1.4,3.8,24.4,-0.8,47.1,32,10,45.7,118,62,237,125,27,7,21,104,75,85,146,41,37,244,177,23,39,6,5,101,126,83,332,41,20,312,9,17,3,9,1,112.7,114.0,-1.3,0.604,0.571,0.291,0.395,0.112,0.169,100.62,2024-25
1631159,Leonard Miller,Leonard,1610612750,MIN,21.0,13,11,2,0.846,2.4,0.5,1.2,0.4,0.0,0.4,0.0,0.6,0.6,1.0,0.2,0.6,0.8,0.0,0.2,0.2,0.1,0.1,0.2,0.3,1.5,-0.9,3.1,0,0,2.8,489,407,532,19,562,538,545,445,499,491,499,363,426,1,502,524,525,558,538,508,483,495,549,505,527,325,538,281,44,539,1,79.2,98.6,-19.4,0.54,0.4,0.239,0.0,0.145,0.202,107.87,2024-25
1631311,Lester Quiñones,Lester,1610612740,NOP,24.0,13,3,10,0.231,14.1,2.4,6.0,0.397,1.0,3.4,0.295,0.8,1.0,0.846,0.3,1.2,1.5,1.8,1.1,0.2,0.2,0.2,1.4,1.4,6.6,-2.0,11.2,0,0,11.7,489,508,443,506,384,330,287,451,257,217,388,285,314,113,468,449,462,234,228,486,408,368,339,222,314,409,387,281,44,371,2,104.5,110.4,-5.9,0.514,0.481,0.213,0.198,0.048,0.065,105.49,2024-25
1641857,Liam Robbins,Liam,1610612749,MIL,25.0,13,8,5,0.615,4.4,0.2,0.6,0.25,0.0,0.2,0.0,0.4,0.8,0.5,0.5,0.4,0.9,0.2,0.5,0.2,0.2,0.2,0.7,0.8,0.7,-0.4,2.5,0,0,2.4,489,445,495,144,542,556,561,545,499,516,499,441,387,506,364,552,519,551,433,508,408,368,480,360,554,271,550,281,44,550,1,80.3,85.6,-5.3,0.363,0.25,0.128,0.056,0.098,-0.025,106.17,2024-25
1630322,Lindy Waters III,Lindy,1610612765,DET,27.0,52,27,25,0.519,15.0,1.8,4.8,0.369,1.2,3.6,0.344,0.2,0.2,0.727,0.4,1.7,2.1,1.0,0.4,0.5,0.2,0.2,1.2,0.3,4.9,0.3,10.8,0,0,10.7,267,232,256,257,369,393,346,493,202,202,262,516,524,349,435,376,399,384,462,347,354,409,381,500,384,216,399,281,44,392,2,111.6,110.2,1.4,0.504,0.498,0.145,0.092,0.067,0.061,99.37,2024-25
1629022,Lonnie Walker IV,Lonnie,1610612755,PHI,26.0,20,3,17,0.15,23.8,4.5,10.6,0.42,2.3,6.4,0.354,1.2,1.5,0.8,0.3,2.9,3.2,2.5,1.3,0.5,0.3,0.4,1.4,1.0,12.4,-7.1,20.9,1,0,21.8,448,508,360,540,206,145,117,393,61,48,229,213,232,213,473,213,288,159,183,355,309,223,346,300,135,549,202,198,44,170,1,104.7,118.7,-14.1,0.548,0.526,0.214,0.167,0.063,0.091,101.6,2024-25
1628366,Lonzo Ball,Lonzo,1610612741,CHI,27.0,35,16,19,0.457,22.2,2.5,6.9,0.366,1.9,5.6,0.344,0.6,0.8,0.815,0.7,2.7,3.4,3.3,1.2,1.3,0.5,0.1,1.6,0.5,7.6,2.9,20.9,0,0,19.9,381,340,329,332,229,304,246,495,97,90,265,360,386,180,284,242,259,115,206,36,166,466,288,440,272,91,200,281,44,204,1,113.5,108.0,5.5,0.524,0.504,0.152,0.187,0.068,0.078,105.6,2024-25
1629652,Luguentz Dort,Luguentz,1610612760,OKC,26.0,71,57,14,0.803,29.2,3.6,8.4,0.435,2.4,5.8,0.412,0.5,0.6,0.717,1.3,2.9,4.1,1.6,0.7,1.1,0.5,0.3,2.9,1.5,10.1,7.7,21.8,0,0,21.6,108,10,392,31,112,195,176,331,48,76,56,419,414,371,133,211,184,270,337,73,129,285,18,198,187,5,184,281,44,175,1,120.4,107.3,13.1,0.586,0.578,0.133,0.067,0.067,0.063,101.75,2024-25
1629029,Luka Dončić,Luka,1610612747,LAL,26.0,50,31,19,0.62,35.4,9.2,20.5,0.45,3.5,9.6,0.368,6.2,7.9,0.782,0.8,7.4,8.2,7.7,3.6,1.8,0.4,0.6,2.5,5.9,28.2,6.9,52.5,21,5,51.9,283,186,329,138,19,8,5,276,6,6,181,7,6,245,262,14,29,7,7,7,207,127,55,5,4,13,5,28,8,3,2,119.6,110.5,9.1,0.587,0.536,0.328,0.342,0.112,0.17,100.22,2024-25
1630568,Luka Garza,Luka,1610612750,MIN,26.0,39,28,11,0.718,5.6,1.3,2.7,0.495,0.3,0.9,0.278,0.6,0.9,0.686,0.8,0.6,1.4,0.3,0.3,0.2,0.1,0.2,0.7,0.7,3.5,0.0,6.0,0,0,5.9,353,220,425,67,517,443,468,145,431,442,412,363,352,414,266,527,469,531,492,508,483,392,470,385,451,234,490,281,44,483,1,107.9,107.5,0.4,0.573,0.543,0.241,0.082,0.121,0.101,105.17,2024-25
1628379,Luke Kennard,Luke,1610612763,MEM,29.0,65,37,28,0.569,22.6,3.2,6.6,0.478,1.7,4.0,0.433,0.8,0.9,0.895,0.6,2.2,2.8,3.3,1.1,0.8,0.1,0.2,0.9,0.7,8.9,1.9,18.6,0,0,18.4,162,124,209,215,223,239,260,181,125,172,32,309,358,45,347,308,328,114,223,214,483,425,442,392,232,126,253,281,44,238,1,117.6,114.5,3.1,0.631,0.609,0.14,0.179,0.059,0.093,104.99,2024-25
1628436,Luke Kornet,Luke,1610612738,BOS,29.0,73,53,20,0.726,18.6,2.6,3.8,0.668,0.0,0.0,0.0,0.9,1.3,0.691,2.6,2.7,5.3,1.6,0.4,0.5,1.0,0.3,1.6,1.4,6.0,5.5,18.8,3,0,15.9,86,17,318,65,307,301,391,16,499,535,499,277,261,406,31,234,111,272,450,363,49,316,269,215,341,28,246,134,44,287,1,121.2,106.3,14.9,0.683,0.668,0.111,0.115,0.136,0.114,95.87,2024-25
1631247,Luke Travers,Luke,1610612739,CLE,23.0,12,10,2,0.833,7.3,0.4,1.7,0.25,0.0,0.8,0.0,0.2,0.2,1.0,0.7,1.0,1.7,0.7,0.7,0.1,0.1,0.3,0.5,0.1,1.0,-0.1,3.8,0,0,3.7,498,419,532,21,496,543,517,545,499,461,499,509,530,1,309,460,434,451,357,534,474,270,509,548,541,246,529,281,44,525,1,109.1,109.7,-0.5,0.287,0.25,0.132,0.113,0.097,0.022,101.62,2024-25
1630644,Mac McClung,Mac,1610612753,ORL,26.0,2,1,1,0.5,5.1,0.0,1.0,0.0,0.0,0.5,0.0,0.0,0.0,0.0,0.0,0.5,0.5,1.5,0.0,0.0,0.0,0.0,1.0,0.5,0.0,-1.0,2.9,0,0,2.0,557,539,548,266,526,558,549,558,499,483,499,544,548,544,548,534,551,287,551,541,519,522,416,442,561,334,541,281,44,552,1,119.0,128.6,-9.5,0.0,0.0,0.087,0.333,0.05,0.0,98.5,2024-25
1630201,Malachi Flynn,Malachi,1610612759,SAS,27.0,4,2,2,0.5,10.9,1.3,3.3,0.385,0.3,1.0,0.25,1.3,1.5,0.833,0.8,1.0,1.8,1.8,1.0,0.8,0.0,0.0,1.0,1.3,4.0,0.3,10.0,0,0,9.3,541,525,532,266,445,455,432,473,432,419,439,205,232,131,273,460,427,247,250,219,519,522,416,250,429,216,417,281,44,422,1,112.8,109.1,3.7,0.512,0.423,0.196,0.233,0.079,0.084,95.6,2024-25
1631103,Malaki Branham,Malaki,1610612759,SAS,22.0,47,18,29,0.383,9.1,1.9,4.0,0.458,0.7,1.8,0.405,0.6,0.7,0.818,0.1,0.9,1.1,0.8,0.7,0.2,0.0,0.3,0.6,0.5,5.0,-0.7,7.6,0,0,8.2,298,312,188,404,466,385,385,252,319,359,73,383,403,169,533,480,501,433,334,485,511,326,492,453,380,305,467,281,44,449,1,106.1,109.8,-3.7,0.575,0.547,0.233,0.139,0.057,0.087,103.25,2024-25
1627763,Malcolm Brogdon,Malcolm,1610612764,WAS,32.0,24,6,18,0.25,23.5,4.3,10.0,0.433,0.7,2.3,0.286,3.4,3.8,0.88,0.9,2.9,3.8,4.1,1.6,0.5,0.2,0.8,1.3,2.8,12.7,-5.0,24.1,2,0,22.8,432,473,345,489,213,150,127,334,333,312,396,54,69,67,232,205,210,83,127,337,359,63,366,78,128,516,152,159,44,153,1,106.5,116.9,-10.4,0.544,0.467,0.231,0.267,0.077,0.113,103.18,2024-25
1642502,Malevy Leons,Malevy,1610612760,OKC,25.0,6,6,0,1.0,3.5,0.0,0.3,0.0,0.0,0.2,0.0,0.3,0.7,0.5,0.2,0.3,0.5,0.2,0.2,0.0,0.0,0.2,0.7,0.3,0.3,-3.0,1.0,0,0,1.0,524,473,561,1,553,558,562,558,499,514,499,456,406,506,526,553,551,548,532,541,519,426,483,490,559,457,567,281,44,564,1,61.4,104.7,-43.3,0.266,0.0,0.102,0.111,0.065,-0.069,99.59,2024-25
1627736,Malik Beasley,Malik,1610612765,DET,28.0,82,44,38,0.537,27.8,5.6,13.1,0.43,3.9,9.3,0.416,1.2,1.7,0.679,0.6,2.0,2.6,1.7,1.0,0.9,0.1,0.4,1.5,1.3,16.3,2.1,23.8,1,0,26.4,1,62,85,240,130,90,80,345,3,7,48,219,208,428,344,337,354,258,249,157,502,259,312,240,83,116,157,198,44,116,1,113.3,110.2,3.1,0.59,0.579,0.215,0.089,0.045,0.091,102.76,2024-25
1628370,Malik Monk,Malik,1610612758,SAC,27.0,65,36,29,0.554,31.6,6.3,14.4,0.439,2.1,6.6,0.325,2.4,2.7,0.865,0.5,3.3,3.8,5.6,2.4,0.9,0.6,0.8,2.4,2.3,17.2,1.8,32.2,4,0,31.7,162,136,188,226,77,73,58,313,74,42,327,96,111,86,404,160,215,35,53,133,121,55,66,117,75,129,82,116,44,78,1,117.0,114.5,2.5,0.549,0.513,0.236,0.246,0.059,0.099,101.33,2024-25
1630699,MarJon Beauchamp,MarJon,1610612752,NYK,24.0,35,19,16,0.543,4.5,0.8,1.9,0.415,0.3,0.8,0.345,0.4,0.6,0.75,0.3,0.9,1.3,0.3,0.4,0.1,0.0,0.1,0.4,0.3,2.3,0.3,4.2,0,0,4.4,381,302,369,236,536,500,501,405,424,453,258,430,435,310,465,477,486,525,447,524,516,445,522,489,493,215,519,281,44,515,3,94.8,92.0,2.9,0.535,0.492,0.222,0.124,0.129,0.123,106.73,2024-25
1630542,Marcus Bagley,Marcus,1610612755,PHI,23.0,10,1,9,0.1,25.3,2.7,6.9,0.391,0.5,3.2,0.156,0.8,1.0,0.8,2.3,4.7,7.0,1.0,0.7,0.9,1.2,0.5,1.6,1.0,6.7,-8.4,22.2,2,0,19.4,503,539,454,551,175,286,251,459,366,232,488,302,314,213,42,73,55,384,348,150,29,172,279,300,311,562,180,159,44,215,1,101.1,117.0,-15.9,0.456,0.428,0.128,0.056,0.124,0.077,102.58,2024-25
1630585,Marcus Garrett,Marcus,1610612766,CHA,26.0,4,1,3,0.25,19.8,2.8,6.8,0.407,0.8,2.0,0.375,0.8,1.0,0.75,0.3,1.3,1.5,3.3,1.5,0.8,0.5,0.8,2.5,0.8,7.0,-9.8,15.9,0,0,15.0,541,539,521,489,274,283,254,422,311,333,150,321,314,310,491,432,453,116,138,219,149,75,57,369,296,565,304,281,44,306,1,95.6,119.3,-23.6,0.487,0.463,0.193,0.255,0.036,0.057,97.05,2024-25
1631204,Marcus Sasser,Marcus,1610612765,DET,24.0,57,30,27,0.526,14.2,2.4,5.2,0.463,1.0,2.7,0.382,0.8,0.9,0.843,0.3,0.9,1.2,2.3,0.9,0.6,0.1,0.3,1.3,0.9,6.6,0.7,12.7,1,0,12.6,232,196,222,251,381,326,317,231,252,282,132,320,354,117,463,485,490,173,266,278,493,323,363,334,315,182,366,198,44,354,1,110.4,107.5,2.9,0.589,0.561,0.187,0.239,0.04,0.095,102.0,2024-25
203935,Marcus Smart,Marcus,1610612764,WAS,31.0,34,17,17,0.5,20.0,3.0,7.6,0.393,1.4,4.1,0.348,1.6,2.1,0.761,0.5,1.6,2.1,3.2,1.6,1.1,0.3,0.3,1.6,2.0,9.0,1.2,19.0,0,0,18.6,387,323,360,266,270,260,215,456,174,164,253,160,158,294,371,392,398,119,125,68,302,334,295,132,227,155,238,281,44,235,2,109.9,107.3,2.6,0.529,0.488,0.198,0.221,0.047,0.086,107.13,2024-25
1631109,Mark Williams,Mark,1610612766,CHA,23.0,44,9,35,0.205,26.6,6.1,10.2,0.604,0.0,0.1,0.0,3.0,3.7,0.804,3.0,7.2,10.2,2.5,1.6,0.7,1.2,0.6,2.4,2.9,15.3,-6.8,35.4,21,0,31.8,322,434,116,519,157,80,124,38,499,523,499,71,71,209,17,17,13,161,120,232,28,142,75,75,93,547,61,28,44,77,1,106.3,118.9,-12.7,0.647,0.604,0.21,0.154,0.178,0.156,100.77,2024-25
1628365,Markelle Fultz,Markelle,1610612758,SAC,27.0,21,9,12,0.429,8.8,1.3,3.2,0.418,0.2,0.4,0.5,0.0,0.0,1.0,0.3,0.7,1.0,1.3,0.7,0.5,0.1,0.1,0.6,0.1,2.9,0.2,7.0,0,0,6.5,445,434,414,365,470,443,439,401,455,492,7,542,547,1,480,518,518,330,339,369,468,488,499,540,473,219,474,281,44,477,1,109.3,105.7,3.6,0.452,0.448,0.196,0.208,0.058,0.065,99.36,2024-25
202693,Markieff Morris,Markieff,1610612747,LAL,35.0,15,7,8,0.467,11.0,1.4,4.7,0.3,0.6,2.4,0.25,0.3,0.4,0.833,0.2,1.3,1.5,1.4,0.3,0.1,0.2,0.1,1.1,0.3,3.7,-1.9,8.3,0,0,7.9,476,460,459,319,442,431,355,533,347,307,439,456,476,131,514,421,450,309,479,516,364,451,405,490,440,399,456,281,44,457,2,106.1,113.9,-7.8,0.385,0.364,0.202,0.191,0.066,0.045,100.86,2024-25
1628963,Marvin Bagley III,Marvin,1610612763,MEM,26.0,31,7,24,0.226,8.6,1.8,3.4,0.519,0.1,0.6,0.158,0.7,1.1,0.657,1.2,1.5,2.7,0.4,0.4,0.3,0.3,0.1,0.6,0.8,4.4,-0.3,9.4,1,0,8.6,402,460,271,508,474,392,417,95,479,475,487,326,289,453,140,404,341,518,460,459,305,457,495,343,401,262,429,198,44,436,2,108.2,108.8,-0.6,0.56,0.533,0.2,0.063,0.143,0.123,103.88,2024-25
1630222,Mason Jones,Mason,1610612758,SAC,26.0,10,4,6,0.4,4.5,0.9,1.8,0.5,0.1,0.8,0.125,0.4,0.5,0.8,0.2,0.7,0.9,1.1,0.1,0.0,0.1,0.0,0.3,0.3,2.3,0.1,5.2,0,0,4.6,503,493,481,389,534,486,505,125,476,454,493,437,451,213,514,512,521,366,548,541,457,522,537,508,491,229,505,281,44,511,1,107.4,105.3,2.2,0.569,0.528,0.193,0.379,0.099,0.159,99.93,2024-25
203486,Mason Plumlee,Mason,1610612756,PHX,35.0,74,33,41,0.446,17.6,1.7,2.7,0.619,0.0,0.1,0.0,1.1,1.7,0.648,1.6,4.6,6.1,1.8,0.8,0.4,0.6,0.4,2.1,1.5,4.5,0.7,17.0,2,0,14.6,71,166,54,352,321,401,466,33,499,529,499,233,203,458,92,79,73,238,313,386,109,260,154,203,396,180,281,159,44,317,1,115.2,115.0,0.2,0.645,0.619,0.105,0.133,0.176,0.098,100.08,2024-25
1641824,Matas Buzelis,Matas,1610612741,CHI,20.0,80,39,41,0.488,18.9,3.2,6.9,0.454,1.2,3.3,0.361,1.1,1.4,0.815,0.7,2.8,3.5,1.0,0.9,0.4,0.9,0.4,1.6,1.0,8.6,-0.4,17.2,1,0,16.9,16,100,54,299,294,242,247,266,209,221,205,240,258,180,298,225,246,396,273,424,56,252,279,300,248,276,276,198,44,269,1,110.4,112.1,-1.7,0.571,0.541,0.181,0.072,0.085,0.079,105.38,2024-25
1629680,Matisse Thybulle,Matisse,1610612757,POR,28.0,15,8,7,0.533,20.8,2.8,5.9,0.477,1.4,3.2,0.438,0.5,1.0,0.467,0.9,2.5,3.5,1.9,0.9,2.2,0.6,0.2,0.9,0.9,7.5,0.1,22.0,0,0,19.8,476,445,467,242,258,277,294,183,180,232,21,418,314,531,216,261,248,232,290,2,119,396,433,331,275,232,182,281,44,205,1,105.3,105.1,0.2,0.592,0.597,0.135,0.126,0.076,0.114,102.37,2024-25
1630346,Matt Ryan,Matt,1610612740,NOP,28.0,19,14,5,0.737,3.6,0.5,1.6,0.323,0.3,1.0,0.316,0.1,0.1,1.0,0.0,0.4,0.4,0.2,0.2,0.1,0.0,0.1,0.1,0.1,1.5,-2.1,2.4,0,0,2.6,457,364,495,59,551,532,519,525,411,419,348,535,541,1,548,549,558,550,537,527,519,476,553,545,531,419,553,281,44,545,1,80.5,108.8,-28.3,0.439,0.419,0.208,0.083,0.056,0.062,104.75,2024-25
1631108,Max Christie,Max,1610612742,DAL,22.0,78,40,38,0.513,27.3,3.2,7.6,0.427,1.5,4.0,0.366,1.7,1.9,0.855,0.5,2.8,3.3,1.9,1.1,0.8,0.4,0.5,1.5,1.4,9.6,-1.1,18.9,0,0,18.7,35,89,85,260,140,230,214,364,170,171,185,142,176,100,392,216,271,231,216,191,220,172,322,211,201,344,241,281,44,229,2,112.6,114.3,-1.7,0.57,0.525,0.15,0.093,0.061,0.069,100.27,2024-25
1629622,Max Strus,Max,1610612739,CLE,29.0,50,39,11,0.78,25.5,3.3,7.5,0.442,2.3,5.9,0.386,0.6,0.7,0.824,1.1,3.3,4.3,3.2,1.1,0.5,0.2,0.2,2.1,1.1,9.4,4.4,20.6,0,0,20.7,283,100,425,45,173,221,223,304,60,72,122,388,404,156,172,162,165,121,227,345,323,379,156,276,209,52,208,281,44,187,1,120.1,112.2,7.9,0.607,0.594,0.143,0.157,0.081,0.083,101.34,2024-25
1628467,Maxi Kleber,Maxi,1610612747,LAL,33.0,34,18,16,0.529,18.7,1.1,2.8,0.385,0.4,1.4,0.265,0.5,0.6,0.762,0.7,2.1,2.8,1.3,0.7,0.3,0.5,0.2,1.9,0.9,3.0,-0.5,9.9,0,0,9.0,387,312,369,249,303,468,460,471,400,381,429,415,425,288,279,334,332,334,354,468,149,390,184,337,466,283,421,281,44,425,1,111.9,112.3,-0.4,0.489,0.453,0.085,0.087,0.073,0.035,101.75,2024-25
1641721,Maxwell Lewis,Maxwell,1610612751,BKN,22.0,28,9,19,0.321,11.7,1.6,3.9,0.417,0.7,1.8,0.38,0.3,0.4,0.7,0.6,1.3,2.0,0.7,0.5,0.3,0.3,0.4,1.0,0.3,4.1,-2.4,8.7,0,0,8.6,416,434,329,444,429,415,390,403,331,360,136,488,492,393,323,425,414,450,415,443,309,256,409,512,419,438,448,281,44,437,2,101.2,110.7,-9.6,0.516,0.505,0.164,0.091,0.082,0.066,99.39,2024-25
1630695,Micah Potter,Micah,1610612762,UTA,27.0,38,10,28,0.263,18.6,1.5,3.6,0.422,0.8,2.6,0.316,0.4,0.5,0.85,1.1,3.2,4.3,0.8,0.8,0.4,0.4,0.1,1.3,0.7,4.3,-2.7,12.1,0,0,11.7,357,419,209,483,310,425,410,382,301,290,347,422,445,106,157,171,168,430,307,422,233,454,353,395,408,445,376,281,44,372,1,108.6,116.2,-7.6,0.563,0.537,0.102,0.058,0.107,0.063,101.29,2024-25
1629008,Michael Porter Jr.,Michael,1610612743,DEN,27.0,77,47,30,0.61,33.7,6.9,13.6,0.504,2.5,6.4,0.395,1.9,2.5,0.768,1.8,5.2,7.0,2.1,1.4,0.6,0.5,0.6,2.0,1.8,18.2,3.4,31.9,15,0,32.1,43,36,176,155,41,60,73,119,40,47,103,124,120,278,73,49,54,195,166,277,158,119,163,158,67,76,84,37,44,73,1,119.8,115.4,4.4,0.617,0.596,0.197,0.084,0.103,0.101,101.52,2024-25
1628969,Mikal Bridges,Mikal,1610612752,NYK,28.0,82,51,31,0.622,37.0,7.2,14.4,0.5,2.0,5.6,0.354,1.2,1.4,0.814,0.9,2.3,3.2,3.7,1.6,0.9,0.5,0.3,1.5,1.6,17.6,4.1,29.7,1,0,29.4,1,22,158,135,4,52,59,124,86,86,230,217,244,185,237,302,286,94,121,146,141,308,299,188,71,63,97,198,44,94,1,118.4,112.9,5.6,0.585,0.57,0.192,0.141,0.043,0.09,98.1,2024-25
201144,Mike Conley,Mike,1610612750,MIN,37.0,71,44,27,0.62,24.7,2.6,6.6,0.4,1.8,4.4,0.41,1.1,1.3,0.9,0.5,2.1,2.6,4.5,1.1,1.1,0.2,0.3,1.6,1.4,8.2,3.7,20.9,1,0,19.7,108,62,222,140,186,293,262,449,118,149,59,223,268,42,409,329,356,65,234,73,369,346,291,218,260,72,201,198,44,208,1,115.5,109.0,6.5,0.573,0.535,0.141,0.243,0.052,0.092,97.92,2024-25
1628970,Miles Bridges,Miles,1610612766,CHA,27.0,64,16,48,0.25,31.7,7.3,17.0,0.431,2.2,7.0,0.313,3.5,4.0,0.87,1.1,6.4,7.5,3.9,2.1,0.7,0.7,1.1,1.5,2.8,20.3,-4.0,37.2,14,1,36.7,170,340,23,489,75,50,32,343,64,37,354,48,60,83,158,27,44,88,65,252,86,15,326,81,48,498,48,40,20,48,1,108.2,113.6,-5.5,0.541,0.495,0.273,0.203,0.11,0.135,100.58,2024-25
1630540,Miles McBride,Miles,1610612752,NYK,24.0,64,39,25,0.609,24.9,3.5,8.5,0.406,1.8,4.9,0.369,0.8,1.0,0.813,0.7,1.8,2.5,2.9,0.6,1.0,0.3,0.5,1.7,1.1,9.5,3.3,20.2,0,0,19.4,170,100,256,156,184,205,170,430,115,120,176,294,314,186,280,367,362,130,366,91,301,168,248,287,203,78,212,281,44,214,1,116.8,109.7,7.1,0.531,0.511,0.162,0.155,0.049,0.077,99.2,2024-25
1641936,Miles Norris,Miles,1610612738,BOS,25.0,3,2,1,0.667,11.6,0.7,3.0,0.222,0.7,2.3,0.286,0.3,0.7,0.5,0.7,2.3,3.0,0.0,0.0,0.7,0.3,0.3,0.0,0.3,2.3,-4.7,8.9,0,0,8.0,549,525,548,84,432,513,448,548,333,312,396,456,406,506,309,294,300,558,551,259,248,270,554,490,490,511,440,281,44,453,1,87.7,110.9,-23.2,0.354,0.333,0.127,0.0,0.108,0.088,88.67,2024-25
1629011,Mitchell Robinson,Mitchell,1610612752,NYK,27.0,17,10,7,0.588,17.1,2.2,3.3,0.661,0.0,0.0,0.0,0.8,1.1,0.684,3.1,2.9,5.9,0.8,0.6,0.9,1.1,0.1,1.5,1.0,5.1,1.4,18.8,2,0,15.8,464,419,467,186,332,350,427,20,499,542,499,316,292,416,16,209,82,444,386,130,37,509,309,300,376,146,245,159,44,288,1,113.8,108.2,5.7,0.676,0.661,0.109,0.062,0.175,0.122,96.37,2024-25
1628964,Mo Bamba,Mo,1610612740,NOP,27.0,32,19,13,0.594,12.9,1.6,3.5,0.464,0.5,1.7,0.278,0.6,0.8,0.704,1.0,3.5,4.5,0.6,0.6,0.3,1.0,0.2,1.8,0.6,4.3,-2.3,13.7,0,0,12.4,397,302,403,182,402,410,413,228,379,366,412,372,366,390,183,136,155,480,372,465,51,410,230,417,406,430,343,281,44,361,2,103.5,112.5,-9.0,0.557,0.531,0.15,0.068,0.175,0.1,98.15,2024-25
1628420,Monte Morris,Monte,1610612756,PHX,30.0,45,21,24,0.467,12.7,1.8,4.3,0.426,0.7,1.9,0.36,0.8,0.9,0.857,0.3,1.2,1.5,1.6,0.5,0.4,0.1,0.3,0.5,0.6,5.2,1.0,10.5,0,0,10.0,318,280,271,319,404,386,373,369,327,346,208,302,342,95,485,438,458,268,431,388,495,296,508,406,374,165,407,281,44,406,1,111.1,108.3,2.8,0.546,0.505,0.173,0.188,0.056,0.096,99.99,2024-25
1629021,Moritz Wagner,Moritz,1610612753,ORL,28.0,30,18,12,0.6,18.8,4.7,8.3,0.562,0.9,2.5,0.36,2.6,3.7,0.718,1.3,3.6,4.9,1.4,1.6,0.8,0.4,0.5,1.8,3.2,12.9,-0.6,22.9,1,0,22.5,409,312,414,168,300,138,179,61,285,293,210,78,73,369,118,126,133,309,117,199,217,197,212,62,126,291,168,198,44,156,1,106.1,107.0,-0.9,0.649,0.616,0.254,0.135,0.131,0.165,99.97,2024-25
1629650,Moses Brown,Moses,1610612742,DAL,25.0,13,5,8,0.385,9.1,2.6,3.8,0.694,0.0,0.0,0.0,0.6,0.8,0.727,0.9,2.5,3.4,0.2,0.8,0.5,0.3,0.2,1.3,0.6,5.8,-1.1,11.6,1,0,10.9,489,485,459,400,465,294,396,10,499,542,499,363,365,349,221,274,257,551,299,374,263,368,354,413,354,345,385,198,44,385,2,101.5,105.9,-4.4,0.706,0.694,0.216,0.029,0.165,0.154,108.49,2024-25
1630541,Moses Moody,Moses,1610612744,GSW,23.0,74,45,29,0.608,22.3,3.3,7.7,0.433,1.7,4.6,0.374,1.4,1.8,0.797,0.7,1.9,2.6,1.3,0.7,0.8,0.4,0.5,1.6,1.4,9.8,1.8,17.7,0,0,17.8,71,56,188,157,227,219,208,336,138,139,158,176,189,226,290,359,357,328,330,203,208,184,290,219,199,130,268,281,44,250,1,113.2,108.9,4.3,0.578,0.544,0.17,0.084,0.056,0.076,100.74,2024-25
1631243,Mouhamed Gueye,Mouhamed,1610612737,ATL,22.0,33,15,18,0.455,16.1,2.2,5.2,0.421,0.6,2.5,0.259,1.0,1.3,0.762,1.3,2.9,4.2,0.8,0.5,0.8,1.0,0.3,1.7,0.9,6.0,2.6,17.3,2,0,15.3,390,349,345,339,348,349,318,388,341,303,430,264,267,288,118,210,178,429,436,176,42,270,258,324,346,100,271,159,44,299,1,113.4,104.7,8.8,0.52,0.482,0.155,0.064,0.127,0.085,103.84,2024-25
1631217,Moussa Diabaté,Moussa,1610612766,CHA,23.0,71,15,56,0.211,17.5,2.4,3.9,0.596,0.0,0.1,0.0,1.0,1.6,0.595,2.6,3.5,6.2,0.8,0.9,0.6,0.6,0.3,1.5,1.6,5.7,-1.7,17.0,7,0,15.1,108,349,7,517,325,332,388,42,499,525,499,263,215,489,29,134,71,437,294,280,124,269,306,182,360,396,282,87,44,305,1,106.9,110.3,-3.4,0.609,0.596,0.13,0.069,0.169,0.115,97.32,2024-25
1626167,Myles Turner,Myles,1610612754,IND,29.0,72,44,28,0.611,30.2,5.4,11.3,0.481,2.2,5.5,0.396,2.6,3.3,0.773,1.3,5.3,6.5,1.5,1.7,0.8,2.0,0.5,2.5,2.8,15.6,2.8,32.3,13,0,31.3,95,62,209,153,97,101,107,176,69,92,99,83,83,267,134,46,64,282,110,219,5,169,49,78,89,95,81,46,44,82,1,116.1,111.5,4.7,0.612,0.577,0.207,0.072,0.109,0.103,100.19,2024-25
1642368,N'Faly Dante,N'Faly,1610612745,HOU,23.0,4,0,4,0.0,12.7,2.5,3.3,0.769,0.0,0.0,0.0,1.0,1.3,0.8,1.5,3.8,5.3,0.5,0.5,0.3,1.3,0.0,2.3,0.8,6.0,-2.8,17.1,0,0,14.8,541,557,507,557,406,308,432,4,499,542,499,255,269,213,100,115,112,486,415,471,25,522,110,369,342,446,279,281,44,311,1,114.9,123.5,-8.6,0.789,0.769,0.133,0.05,0.2,0.125,108.58,2024-25
1641772,Nae'Qwan Tomlin,Nae'Qwan,1610612739,CLE,24.0,5,4,1,0.8,12.7,2.6,6.4,0.406,0.4,2.0,0.2,1.6,2.2,0.727,1.8,2.4,4.2,0.4,0.4,0.0,0.2,0.8,1.8,1.6,7.2,1.4,13.0,1,0,12.6,535,493,548,32,405,295,272,426,394,333,471,157,144,349,72,282,179,509,454,541,364,61,220,186,286,143,356,198,44,353,1,96.4,92.0,4.4,0.489,0.438,0.23,0.053,0.131,0.096,104.1,2024-25
1630230,Naji Marshall,Naji,1610612742,DAL,27.0,69,32,37,0.464,27.8,5.2,10.3,0.508,0.9,3.2,0.275,1.9,2.3,0.813,1.1,3.7,4.8,3.0,1.6,1.0,0.2,0.5,1.6,1.7,13.2,-2.0,25.4,6,0,24.2,129,179,96,325,131,109,122,109,292,235,416,129,134,186,162,122,143,128,119,98,405,156,285,170,121,408,136,93,44,139,1,111.5,114.7,-3.2,0.584,0.551,0.197,0.161,0.084,0.105,101.27,2024-25
1631466,Nate Williams,Nate,1610612745,HOU,26.0,20,14,6,0.7,7.3,1.4,3.1,0.435,0.3,1.3,0.231,0.3,0.4,0.625,0.3,0.4,0.7,0.5,0.7,0.4,0.2,0.0,0.8,0.4,3.3,-1.2,5.8,0,0,5.9,448,364,481,72,495,438,443,329,416,393,456,488,476,469,491,550,542,499,348,407,364,522,461,487,460,365,495,281,44,487,1,110.6,116.8,-6.2,0.496,0.484,0.212,0.079,0.043,0.038,108.85,2024-25
1629675,Naz Reid,Naz,1610612750,MIN,25.0,80,47,33,0.588,27.5,5.3,11.5,0.462,2.2,5.8,0.379,1.4,1.8,0.776,1.2,4.9,6.0,2.3,1.4,0.7,0.9,0.5,2.4,1.5,14.2,4.3,28.3,10,0,27.9,16,36,130,191,136,104,104,233,65,79,139,186,191,259,153,65,81,180,167,234,61,171,81,202,107,59,109,62,44,105,1,116.2,108.8,7.4,0.577,0.556,0.21,0.123,0.106,0.11,99.34,2024-25
1629674,Neemias Queta,Neemias,1610612738,BOS,25.0,62,46,16,0.742,13.9,2.1,3.3,0.65,0.0,0.0,0.0,0.7,1.0,0.754,1.4,2.4,3.8,0.7,0.6,0.3,0.7,0.2,1.7,0.9,5.0,2.5,12.9,0,0,11.5,192,45,369,57,386,354,431,22,499,533,499,326,326,303,107,287,208,447,364,459,94,386,243,320,380,105,361,281,44,378,1,117.4,108.3,9.1,0.674,0.65,0.136,0.076,0.137,0.102,95.52,2024-25
1629651,Nic Claxton,Nic,1610612751,BKN,26.0,70,20,50,0.286,26.9,4.6,8.1,0.563,0.1,0.3,0.238,1.1,2.2,0.513,2.2,5.1,7.4,2.2,1.2,0.9,1.4,0.4,2.1,2.6,10.3,-7.1,28.2,13,0,24.6,118,296,18,464,150,140,184,60,483,504,452,228,144,505,45,54,48,185,185,161,17,207,137,98,177,549,110,46,44,133,1,103.6,116.2,-12.6,0.569,0.568,0.166,0.14,0.137,0.115,97.38,2024-25
1630208,Nick Richards,Nick,1610612756,PHX,27.0,57,17,40,0.298,22.0,3.6,6.1,0.591,0.0,0.0,0.0,2.1,2.8,0.744,2.6,5.6,8.2,0.9,1.4,0.2,1.0,0.9,2.5,2.1,9.3,-4.1,22.6,16,0,20.7,232,323,59,459,231,200,286,44,499,536,499,106,106,331,32,39,30,422,149,478,52,44,61,131,213,501,176,35,44,186,2,112.3,120.9,-8.7,0.634,0.591,0.169,0.058,0.181,0.107,98.62,2024-25
1641733,Nick Smith Jr.,Nick,1610612766,CHA,21.0,60,14,46,0.233,22.8,3.7,9.5,0.391,1.7,5.1,0.34,0.7,0.8,0.935,0.2,1.9,2.1,2.4,1.4,0.3,0.1,0.4,1.3,0.7,9.9,-6.6,15.8,1,0,16.9,206,364,32,505,217,187,144,462,130,106,279,338,388,25,509,354,397,163,162,464,457,235,352,399,197,543,305,198,44,268,1,102.1,116.4,-14.3,0.502,0.482,0.205,0.169,0.043,0.064,99.74,2024-25
1629638,Nickeil Alexander-Walker,Nickeil,1610612750,MIN,26.0,82,49,33,0.598,25.3,3.3,7.5,0.438,1.7,4.5,0.381,1.1,1.4,0.78,0.7,2.6,3.2,2.7,1.2,0.6,0.4,0.3,1.7,1.7,9.4,3.3,19.3,1,0,19.1,1,25,130,173,176,226,220,316,134,142,133,232,244,250,318,249,278,143,197,294,212,308,246,175,208,79,234,198,44,217,1,115.1,108.5,6.6,0.579,0.553,0.155,0.149,0.062,0.081,99.57,2024-25
201587,Nicolas Batum,Nicolas,1610612746,LAC,36.0,78,47,31,0.603,17.5,1.3,3.1,0.437,1.1,2.6,0.433,0.2,0.3,0.81,0.6,2.2,2.8,1.1,0.4,0.7,0.5,0.1,1.4,0.3,4.0,1.9,11.9,0,0,11.3,35,36,158,165,323,443,446,323,227,287,27,500,515,199,334,321,331,368,445,259,175,506,330,518,428,123,378,281,44,381,1,110.5,104.7,5.9,0.633,0.622,0.087,0.082,0.077,0.069,100.22,2024-25
203999,Nikola Jokić,Nikola,1610612743,DEN,30.0,70,46,24,0.657,36.7,11.2,19.5,0.576,2.0,4.7,0.417,5.2,6.4,0.8,2.9,9.9,12.7,10.2,3.3,1.8,0.6,0.9,2.3,5.9,29.6,8.5,64.3,59,34,59.4,118,45,271,93,5,3,10,52,90,127,46,17,13,212,24,2,3,2,10,6,104,43,100,6,3,3,1,2,1,1,1,125.6,115.1,10.5,0.663,0.627,0.285,0.398,0.173,0.206,101.99,2024-25
1631107,Nikola Jović,Nikola,1610612748,MIA,22.0,46,21,25,0.457,25.1,3.7,8.2,0.456,1.7,4.6,0.371,1.6,1.9,0.828,0.6,3.3,3.9,2.8,1.3,0.8,0.3,0.3,1.8,1.7,10.7,-0.4,21.7,0,0,21.4,307,280,256,333,178,183,182,257,139,138,168,164,182,147,348,155,200,135,176,187,284,337,223,174,167,274,185,281,44,178,1,109.6,110.7,-1.1,0.595,0.56,0.178,0.174,0.076,0.098,98.48,2024-25
202696,Nikola Vučević,Nikola,1610612741,CHI,34.0,73,34,39,0.466,31.2,7.5,14.2,0.53,1.8,4.4,0.402,1.6,2.0,0.805,2.4,7.6,10.1,3.5,1.6,0.8,0.7,0.5,2.2,2.2,18.5,-1.3,38.8,45,1,36.9,86,157,68,324,86,40,61,82,120,146,75,149,160,206,34,11,15,104,118,181,85,164,116,121,65,375,40,7,20,43,1,113.6,116.0,-2.4,0.611,0.592,0.221,0.165,0.154,0.136,104.11,2024-25
1641730,Noah Clowney,Noah,1610612751,BKN,20.0,46,11,35,0.239,22.7,2.9,8.1,0.358,1.9,5.7,0.333,1.5,1.7,0.838,0.9,3.0,3.9,0.9,1.0,0.5,0.5,0.6,2.3,1.8,9.1,-5.7,17.1,0,0,17.8,307,407,116,502,222,269,187,501,102,83,297,173,202,125,215,196,196,419,250,344,181,124,102,161,215,534,277,281,44,249,1,103.0,115.2,-12.3,0.516,0.474,0.185,0.063,0.084,0.061,97.91,2024-25
1626181,Norman Powell,Norman,1610612746,LAC,32.0,60,39,21,0.65,32.6,7.6,15.8,0.484,3.0,7.1,0.418,3.6,4.4,0.804,0.4,2.8,3.2,2.1,1.8,1.2,0.2,0.9,1.9,3.5,21.8,5.9,31.0,1,0,32.7,206,100,297,99,57,39,48,168,21,34,44,43,40,208,451,217,285,201,95,53,415,50,194,52,36,27,90,198,44,70,1,116.2,107.4,8.8,0.615,0.578,0.255,0.096,0.049,0.11,99.69,2024-25
1628384,OG Anunoby,OG,1610612752,NYK,27.0,74,45,29,0.608,36.6,6.6,13.9,0.476,2.3,6.2,0.372,2.5,3.1,0.81,1.3,3.5,4.8,2.2,1.4,1.5,0.9,1.2,2.3,2.4,18.0,4.1,32.8,1,0,32.1,71,56,188,157,6,65,66,191,57,54,167,89,96,198,124,137,137,188,157,26,64,8,91,110,69,64,75,198,44,74,1,117.7,112.3,5.4,0.591,0.559,0.195,0.084,0.067,0.093,97.73,2024-25
1630167,Obi Toppin,Obi,1610612754,IND,27.0,79,48,31,0.608,19.6,4.0,7.6,0.529,1.4,3.8,0.365,1.1,1.4,0.781,0.7,3.3,4.0,1.6,0.9,0.6,0.4,0.3,1.4,1.1,10.5,-1.0,19.8,2,0,19.5,23,30,158,160,283,166,212,83,182,184,188,229,242,249,286,159,190,269,293,314,242,292,340,279,172,332,223,159,44,212,1,113.6,116.1,-2.6,0.642,0.621,0.191,0.116,0.101,0.115,103.97,2024-25
1630534,Ochai Agbaji,Ochai,1610612761,TOR,25.0,64,19,45,0.297,27.2,4.2,8.3,0.498,1.6,4.0,0.399,0.5,0.8,0.708,1.0,2.8,3.8,1.5,0.8,0.9,0.5,0.6,2.0,0.8,10.4,-3.3,20.5,0,0,20.1,170,302,38,460,143,159,177,136,157,177,87,394,393,388,206,215,212,283,301,148,172,144,182,369,173,472,209,281,44,196,1,106.4,112.2,-5.7,0.601,0.593,0.144,0.081,0.066,0.081,101.93,2024-25
1641765,Olivier-Maxence Prosper,Olivier-Maxence,1610612742,DAL,22.0,52,27,25,0.519,11.2,1.3,3.3,0.402,0.2,1.0,0.235,0.9,1.5,0.645,0.8,1.6,2.4,0.8,0.3,0.5,0.1,0.3,0.5,1.0,3.9,-2.0,9.5,0,0,8.5,267,232,256,257,437,440,422,439,443,434,453,271,238,459,245,394,371,441,505,355,441,278,505,298,434,409,427,281,44,439,1,101.8,109.5,-7.7,0.484,0.437,0.158,0.101,0.103,0.082,103.43,2024-25
1630168,Onyeka Okongwu,Onyeka,1610612737,ATL,24.0,74,35,39,0.473,27.9,5.2,9.2,0.567,0.6,2.0,0.324,2.2,2.9,0.759,3.0,5.9,8.9,2.3,1.2,0.9,0.9,0.7,2.6,2.3,13.4,0.5,31.8,28,0,28.9,71,149,68,311,128,110,148,57,339,333,328,101,101,296,19,35,22,179,195,136,57,102,44,120,119,193,86,22,44,99,1,114.9,113.7,1.1,0.634,0.602,0.169,0.113,0.157,0.122,104.52,2024-25
1631115,Orlando Robinson,Orlando,1610612761,TOR,24.0,44,23,21,0.523,17.5,2.6,5.9,0.444,0.4,1.2,0.327,1.2,1.6,0.771,2.0,3.0,5.0,1.8,1.1,0.4,0.4,0.6,2.3,1.2,6.9,-2.0,16.6,4,0,15.5,322,265,297,253,324,292,291,293,399,400,316,211,221,270,54,200,125,247,219,415,237,132,105,257,304,406,289,116,44,295,2,104.5,109.2,-4.8,0.519,0.477,0.177,0.152,0.127,0.088,102.45,2024-25
1631131,Oscar Tshiebwe,Oscar,1610612762,UTA,25.0,14,3,11,0.214,18.2,3.0,5.0,0.6,0.0,0.0,0.0,1.6,2.2,0.742,3.3,5.4,8.7,0.6,0.7,0.9,0.1,0.7,1.7,1.6,7.6,-0.8,21.4,4,0,19.0,482,508,425,516,314,255,330,40,499,542,499,150,142,332,12,41,23,462,339,140,490,88,241,189,271,313,189,116,44,222,1,113.4,115.8,-2.5,0.64,0.6,0.144,0.051,0.221,0.14,101.2,2024-25
1629052,Oshae Brissett,Oshae,1610612755,PHI,27.0,6,1,5,0.167,23.7,3.2,6.5,0.487,1.0,3.0,0.333,1.3,2.3,0.571,1.2,2.5,3.7,0.7,1.3,0.7,0.5,0.5,2.3,2.0,8.7,-5.2,16.2,0,0,16.3,524,539,495,535,208,240,267,159,257,253,297,197,133,497,148,269,227,451,169,259,149,172,88,132,244,520,296,281,44,278,1,113.6,124.3,-10.7,0.576,0.564,0.154,0.04,0.079,0.05,101.4,2024-25
1642345,Oso Ighodaro,Oso,1610612756,PHX,22.0,61,25,36,0.41,17.1,1.9,3.1,0.604,0.0,0.0,0.0,0.5,0.8,0.58,1.1,2.6,3.6,1.2,0.6,0.5,0.5,0.2,1.7,0.8,4.2,-0.3,12.5,0,0,10.9,201,252,106,384,330,384,445,37,499,538,499,413,372,495,170,253,231,350,368,379,170,357,256,358,415,264,372,281,44,387,1,109.4,110.0,-0.6,0.61,0.604,0.103,0.095,0.104,0.073,99.05,2024-25
1631172,Ousmane Dieng,Ousmane,1610612760,OKC,22.0,37,30,7,0.811,10.9,1.5,3.4,0.432,0.6,1.9,0.324,0.3,0.4,0.688,0.5,1.7,2.2,0.8,0.5,0.5,0.2,0.2,0.9,0.4,3.8,1.2,9.2,0,0,8.8,361,196,467,29,443,428,419,341,345,345,333,473,466,411,393,381,392,425,424,377,374,436,445,486,435,157,434,281,44,434,1,104.3,99.2,5.1,0.538,0.524,0.152,0.107,0.091,0.088,102.86,2024-25
200782,P.J. Tucker,P.J.,1610612752,NYK,40.0,3,1,2,0.333,19.3,1.0,2.3,0.429,1.0,2.0,0.5,0.0,0.0,0.0,1.3,1.3,2.7,0.0,0.3,0.3,0.3,0.0,2.7,0.3,3.0,-7.3,7.9,0,0,8.0,549,539,532,437,287,476,482,355,257,333,7,544,548,544,118,421,346,558,479,434,248,522,36,490,468,553,463,281,44,453,1,106.1,127.4,-21.3,0.643,0.643,0.059,0.0,0.077,0.015,94.56,2024-25
1629023,P.J. Washington,P.J.,1610612742,DAL,26.0,57,31,26,0.544,32.2,5.3,11.7,0.453,1.6,4.2,0.381,2.5,3.5,0.722,1.4,6.3,7.8,2.3,2.1,1.1,1.1,0.9,2.3,2.8,14.7,0.9,31.8,14,0,30.6,232,186,237,234,65,106,103,269,152,160,135,86,78,362,106,28,40,177,69,76,38,47,97,84,98,177,85,40,44,87,1,114.2,113.2,1.1,0.556,0.521,0.198,0.098,0.115,0.097,101.66,2024-25
1628408,PJ Dozier,PJ,1610612750,MIN,28.0,9,7,2,0.778,3.9,0.2,0.3,0.667,0.2,0.3,0.667,0.1,0.7,0.167,0.1,0.4,0.6,0.6,0.1,0.1,0.0,0.0,0.3,0.3,0.8,-0.4,2.5,0,0,2.3,509,460,532,46,547,554,562,17,444,495,3,534,406,543,540,548,545,481,545,525,519,522,531,490,551,277,549,281,44,551,1,98.8,107.8,-9.0,0.621,1.0,0.082,0.167,0.088,0.054,107.91,2024-25
1641790,PJ Hall,PJ,1610612743,DEN,23.0,19,12,7,0.632,3.5,0.7,1.3,0.583,0.1,0.4,0.25,0.2,0.2,0.75,0.3,0.8,1.2,0.2,0.1,0.0,0.2,0.1,0.6,0.2,1.7,-0.1,4.0,0,0,3.6,457,393,467,115,554,505,539,47,473,489,439,514,525,310,463,492,496,545,547,541,356,476,496,536,516,247,523,281,44,528,1,91.9,91.3,0.5,0.641,0.625,0.176,0.118,0.148,0.168,99.0,2024-25
1642359,Pacôme Dadiet,Pacôme,1610612752,NYK,19.0,18,14,4,0.778,6.2,0.6,1.7,0.323,0.3,1.1,0.316,0.2,0.3,0.667,0.2,0.8,1.0,0.3,0.2,0.2,0.1,0.1,0.4,0.3,1.7,-0.9,3.9,0,0,3.8,462,364,507,46,509,526,513,525,408,414,348,496,496,438,526,493,510,532,517,504,443,513,527,490,519,323,528,281,44,521,1,103.8,113.0,-9.2,0.446,0.419,0.142,0.063,0.08,0.047,100.38,2024-25
1631094,Paolo Banchero,Paolo,1610612753,ORL,22.0,46,21,25,0.457,34.4,9.0,19.8,0.452,1.9,5.9,0.32,6.1,8.4,0.727,1.1,6.4,7.5,4.8,3.0,0.8,0.6,1.1,2.1,5.8,25.9,-0.5,43.3,11,0,42.8,307,280,256,333,30,14,8,270,102,68,341,8,4,349,161,26,45,56,20,208,116,17,148,7,11,279,17,55,44,18,1,109.1,109.6,-0.6,0.551,0.5,0.33,0.262,0.108,0.157,97.29,2024-25
1627783,Pascal Siakam,Pascal,1610612754,IND,31.0,78,47,31,0.603,32.7,7.9,15.2,0.519,1.6,4.2,0.389,2.9,3.9,0.734,1.7,5.2,6.9,3.4,1.4,0.9,0.5,0.6,2.4,3.4,20.2,4.0,36.5,11,0,35.0,35,36,158,165,55,37,52,96,151,163,116,72,62,341,79,50,58,112,152,152,134,138,71,53,49,67,52,55,44,57,1,114.5,108.9,5.5,0.599,0.572,0.237,0.155,0.104,0.13,101.43,2024-25
1626192,Pat Connaughton,Pat,1610612749,MIL,32.0,41,19,22,0.463,14.7,2.0,4.3,0.469,0.6,2.0,0.321,0.6,0.8,0.774,0.5,2.2,2.7,1.7,0.6,0.2,0.3,0.2,1.1,0.8,5.3,-0.3,11.9,1,0,11.2,336,302,288,326,374,362,375,214,342,341,338,375,392,265,403,320,347,254,389,489,298,358,399,366,372,260,379,198,44,382,1,111.7,114.6,-2.9,0.567,0.542,0.151,0.159,0.088,0.088,99.41,2024-25
1630311,Pat Spencer,Pat,1610612744,GSW,28.0,39,24,15,0.615,6.4,1.1,2.6,0.406,0.1,0.6,0.227,0.3,0.4,0.733,0.4,0.8,1.2,1.2,0.5,0.4,0.1,0.3,0.5,0.5,2.5,-0.4,6.6,0,0,5.9,353,261,382,144,506,474,470,428,471,481,460,476,481,342,435,501,492,338,433,430,483,344,507,454,484,275,479,281,44,483,1,105.0,107.8,-2.8,0.455,0.431,0.204,0.274,0.09,0.093,103.26,2024-25
1631116,Patrick Baldwin Jr.,Patrick,1610612746,LAC,22.0,24,3,21,0.125,4.4,0.8,1.5,0.543,0.5,1.0,0.565,0.1,0.2,0.5,0.2,0.8,1.0,0.1,0.2,0.1,0.1,0.1,0.3,0.1,2.2,1.2,4.1,0,0,4.3,432,508,297,545,537,495,526,72,360,438,4,539,530,506,511,493,505,554,521,518,474,493,538,542,494,158,522,281,44,517,2,114.6,102.1,12.4,0.721,0.729,0.151,0.042,0.105,0.122,104.77,2024-25
1630172,Patrick Williams,Patrick,1610612741,CHI,23.0,63,31,32,0.492,25.0,3.3,8.2,0.397,1.5,4.3,0.353,1.0,1.3,0.723,0.7,3.1,3.8,2.0,1.4,0.8,0.5,0.6,1.4,1.1,9.0,-2.9,18.9,1,0,18.8,185,186,143,293,179,227,183,452,162,153,235,267,263,361,303,186,216,220,163,217,147,135,336,290,226,454,242,198,44,227,1,108.7,113.5,-4.8,0.512,0.49,0.165,0.106,0.07,0.062,105.94,2024-25
201988,Patty Mills,Patty,1610612746,LAC,36.0,29,12,17,0.414,11.1,1.2,3.3,0.375,0.9,2.6,0.347,0.4,0.5,0.929,0.1,0.6,0.8,0.9,0.6,0.4,0.1,0.1,0.8,0.6,3.8,-0.5,7.2,0,0,7.5,412,393,360,381,439,457,424,485,286,288,254,421,456,27,535,523,531,413,388,383,449,479,457,410,437,286,473,281,44,463,2,104.6,108.0,-3.4,0.543,0.51,0.15,0.123,0.032,0.055,103.29,2024-25
202331,Paul George,Paul,1610612755,PHI,35.0,41,15,26,0.366,32.5,6.0,13.9,0.43,2.3,6.5,0.358,1.9,2.4,0.814,0.6,4.8,5.3,4.3,2.6,1.8,0.5,0.5,2.5,2.7,16.2,-2.0,33.5,3,0,32.9,336,349,237,416,58,84,64,348,52,44,215,125,132,183,340,69,109,75,40,5,162,183,62,90,85,413,70,134,44,68,1,108.3,112.2,-3.8,0.543,0.514,0.233,0.217,0.083,0.106,98.87,2024-25
1630194,Paul Reed,Paul,1610612765,DET,26.0,45,22,23,0.489,9.7,1.6,3.2,0.507,0.2,0.6,0.286,0.7,0.9,0.762,0.9,1.8,2.7,1.0,0.6,0.9,0.6,0.2,1.7,0.8,4.1,1.0,12.5,0,0,10.8,318,274,280,298,461,417,442,114,459,471,396,339,342,288,228,361,338,399,393,167,127,438,258,367,422,171,371,281,44,390,1,111.3,105.7,5.6,0.573,0.535,0.179,0.141,0.142,0.115,101.81,2024-25
1630202,Payton Pritchard,Payton,1610612738,BOS,27.0,80,59,21,0.738,28.4,5.1,10.8,0.472,3.2,7.8,0.407,0.9,1.1,0.845,1.3,2.6,3.8,3.5,1.0,0.9,0.2,0.5,1.5,1.1,14.3,5.4,26.2,5,0,26.9,16,6,297,58,119,116,114,205,14,23,66,281,304,116,129,251,207,105,241,163,389,191,321,288,106,33,126,106,44,109,1,118.4,108.9,9.5,0.633,0.62,0.186,0.184,0.065,0.116,96.45,2024-25
1641796,Pelle Larsson,Pelle,1610612748,MIA,24.0,55,24,31,0.436,14.2,1.6,3.7,0.438,0.6,1.7,0.337,0.7,1.1,0.672,0.5,1.2,1.7,1.2,0.4,0.6,0.1,0.2,1.7,1.0,4.6,0.2,10.0,0,0,9.4,253,261,158,360,382,413,399,314,349,363,288,324,294,434,377,446,433,345,444,315,432,396,267,300,394,223,416,281,44,418,1,111.1,108.7,2.4,0.546,0.517,0.141,0.116,0.058,0.055,98.71,2024-25
1631250,Pete Nance,Pete,1610612749,MIL,25.0,13,8,5,0.615,10.6,1.1,2.5,0.438,0.7,1.8,0.375,0.1,0.2,0.5,0.4,1.2,1.6,0.8,0.3,0.2,0.2,0.1,1.3,0.1,2.9,-1.1,6.6,0,0,6.6,489,445,495,144,448,472,478,319,326,353,150,540,536,506,435,437,441,441,492,508,408,495,354,551,471,345,478,281,44,474,2,107.8,114.8,-7.0,0.578,0.578,0.116,0.106,0.076,0.054,97.1,2024-25
1631212,Peyton Watson,Peyton,1610612743,DEN,22.0,68,40,28,0.588,24.3,3.0,6.3,0.477,0.7,2.0,0.353,1.4,2.0,0.693,0.7,2.7,3.4,1.4,0.8,0.7,1.4,0.5,1.8,1.4,8.1,-0.4,19.7,0,0,17.8,138,89,209,186,196,255,277,189,322,333,235,184,164,401,297,229,250,313,304,242,20,158,219,225,262,270,227,281,44,251,1,113.9,113.9,0.0,0.564,0.533,0.138,0.073,0.069,0.066,101.83,2024-25
1630762,Phillip Wheeler,Phillip,1610612755,PHI,23.0,5,0,5,0.0,8.9,0.6,4.2,0.143,0.0,2.0,0.0,0.4,0.4,1.0,0.4,1.2,1.6,0.4,0.2,0.2,0.4,0.2,0.2,0.2,1.6,2.6,5.7,0,0,4.8,535,557,495,557,468,521,380,553,499,333,499,437,476,1,427,439,443,509,524,494,217,396,546,528,523,102,496,281,44,505,1,110.0,96.6,13.4,0.183,0.143,0.221,0.065,0.077,-0.005,96.76,2024-25
1630173,Precious Achiuwa,Precious,1610612752,NYK,25.0,57,36,21,0.632,20.5,2.9,5.7,0.502,0.2,0.6,0.278,0.7,1.2,0.594,1.8,3.8,5.6,1.0,0.8,0.8,0.7,0.4,1.4,0.9,6.6,-0.8,18.7,3,0,16.5,232,136,297,115,262,271,301,122,460,469,412,336,277,490,75,113,104,401,314,188,79,214,331,326,312,317,252,134,44,275,1,110.2,111.4,-1.2,0.53,0.517,0.143,0.065,0.135,0.092,100.16,2024-25
1629656,Quentin Grimes,Quentin,1610612755,PHI,25.0,75,29,46,0.387,26.8,5.1,11.0,0.467,2.2,5.6,0.385,2.2,2.9,0.757,0.8,3.5,4.3,3.0,1.9,1.0,0.3,0.4,1.8,2.3,14.6,-3.5,26.3,4,0,26.6,59,212,32,399,151,114,112,222,72,88,123,103,105,299,270,135,167,127,89,113,276,211,210,115,101,478,125,116,44,113,2,111.9,118.1,-6.2,0.595,0.565,0.218,0.172,0.077,0.105,100.7,2024-25
1631245,Quenton Jackson,Quenton,1610612754,IND,26.0,28,14,14,0.5,13.6,2.1,4.4,0.475,0.5,1.4,0.375,1.1,1.4,0.775,0.5,1.1,1.6,1.9,0.6,0.8,0.2,0.5,1.5,1.6,5.8,0.0,12.7,0,0,11.6,416,364,392,266,391,357,371,193,361,383,150,238,246,264,378,455,447,229,396,219,382,199,305,189,357,242,367,281,44,373,1,110.9,110.1,0.8,0.58,0.537,0.167,0.193,0.057,0.089,104.12,2024-25
1642439,Quincy Olivari,Quincy,1610612747,LAL,24.0,2,1,1,0.5,5.2,0.5,2.5,0.2,0.5,2.5,0.2,0.0,0.0,0.0,0.0,0.0,0.0,0.5,0.5,0.0,0.0,0.0,0.0,0.5,1.5,-9.0,1.8,0,0,2.5,557,539,548,266,525,533,473,550,366,293,471,544,548,544,548,564,565,486,415,541,519,522,554,442,528,563,559,281,44,546,1,68.2,150.0,-81.8,0.3,0.3,0.231,0.2,0.0,-0.022,102.52,2024-25
1642366,Quinten Post,Quinten,1610612744,GSW,25.0,42,26,16,0.619,16.3,2.9,6.5,0.449,1.7,4.3,0.408,0.5,0.6,0.778,0.8,2.7,3.5,1.3,0.8,0.4,0.4,0.4,2.0,0.6,8.1,1.0,16.0,0,0,16.3,330,240,369,141,344,266,266,278,126,158,64,400,417,252,249,236,242,322,316,417,201,237,176,422,263,167,302,281,44,280,1,111.5,109.1,2.4,0.595,0.582,0.197,0.131,0.106,0.095,100.02,2024-25
1629628,RJ Barrett,RJ,1610612761,TOR,25.0,58,23,35,0.397,32.2,7.9,16.9,0.468,1.8,5.3,0.35,3.4,5.4,0.63,1.1,5.3,6.3,5.4,2.9,0.8,0.3,1.4,2.4,4.0,21.1,-2.4,37.2,10,2,36.8,223,265,116,394,64,34,35,218,108,97,247,53,25,467,173,48,70,39,28,204,277,4,82,34,42,436,49,62,15,46,1,110.1,113.4,-3.4,0.547,0.523,0.281,0.257,0.094,0.121,102.74,2024-25
1642484,RayJ Dennis,RayJ,1610612754,IND,24.0,11,7,4,0.636,6.4,1.0,3.0,0.333,0.5,1.9,0.286,0.2,0.2,1.0,0.2,0.9,1.1,1.3,0.5,0.6,0.2,0.3,0.6,0.2,2.7,4.0,7.9,0,0,7.3,501,460,507,110,507,476,448,514,358,347,396,505,526,1,523,482,499,333,436,284,380,328,487,530,475,67,461,281,44,466,1,113.5,86.3,27.3,0.443,0.424,0.212,0.255,0.073,0.11,105.02,2024-25
1641712,Rayan Rupert,Rayan,1610612757,POR,21.0,52,23,29,0.442,8.8,1.1,2.7,0.408,0.3,1.1,0.271,0.4,0.6,0.767,0.5,0.8,1.3,0.5,0.6,0.3,0.1,0.3,0.7,0.5,3.0,-1.7,5.9,1,0,5.9,267,265,188,355,469,466,465,420,412,406,423,424,433,280,378,491,473,492,394,449,483,315,475,459,470,391,492,198,44,486,1,100.6,109.8,-9.2,0.499,0.465,0.156,0.083,0.071,0.055,104.66,2024-25
1641736,Reece Beekman,Reece,1610612751,BKN,23.0,36,13,23,0.361,13.0,1.0,3.0,0.327,0.2,1.1,0.175,0.4,0.6,0.762,0.4,0.7,1.1,1.8,0.6,0.9,0.1,0.2,1.0,0.8,2.6,-3.3,8.8,0,0,7.6,370,382,280,422,401,482,451,520,454,410,485,423,431,288,444,507,502,247,390,145,503,376,416,354,480,467,443,281,44,462,2,98.5,110.4,-12.0,0.4,0.36,0.122,0.205,0.041,0.051,99.16,2024-25
1642263,Reed Sheppard,Reed,1610612745,HOU,21.0,52,30,22,0.577,12.6,1.6,4.6,0.351,0.9,2.7,0.338,0.3,0.3,0.813,0.3,1.2,1.5,1.4,0.7,0.7,0.3,0.3,1.0,0.2,4.4,-1.0,10.7,0,0,10.3,267,196,288,204,407,414,361,507,279,277,283,488,503,186,468,441,453,296,343,257,258,348,414,527,400,330,402,281,44,399,1,108.5,111.1,-2.7,0.465,0.452,0.171,0.153,0.054,0.06,104.93,2024-25
202704,Reggie Jackson,Reggie,1610612755,PHI,35.0,31,11,20,0.355,12.4,1.7,4.3,0.391,0.8,2.4,0.338,0.2,0.3,0.778,0.3,1.1,1.4,1.5,0.5,0.5,0.1,0.1,1.1,0.3,4.4,-0.6,9.5,0,0,9.2,402,407,318,427,414,402,377,461,303,308,284,495,511,252,490,454,471,294,407,348,466,485,401,520,401,294,428,281,44,423,1,108.3,111.8,-3.5,0.496,0.485,0.17,0.172,0.055,0.067,98.88,2024-25
1626158,Richaun Holmes,Richaun,1610612764,WAS,31.0,31,9,22,0.29,17.2,2.9,4.5,0.647,0.0,0.1,0.0,1.6,1.9,0.833,2.0,3.7,5.7,1.4,0.7,0.3,0.7,0.3,1.6,1.7,7.4,-1.2,18.7,3,0,16.5,402,434,288,462,329,268,365,24,499,522,499,153,177,131,55,119,92,317,353,459,77,287,284,171,277,359,249,134,44,273,1,110.2,114.5,-4.3,0.695,0.647,0.143,0.112,0.161,0.135,100.78,2024-25
1641741,Ricky Council IV,Ricky,1610612755,PHI,23.0,73,16,57,0.219,17.1,2.4,6.3,0.382,0.8,2.9,0.258,1.7,2.1,0.804,0.7,2.2,2.9,1.3,0.7,0.4,0.2,0.3,0.9,1.6,7.3,-2.2,13.9,3,0,13.5,86,340,4,515,331,321,274,478,310,259,435,140,155,207,292,311,316,326,342,396,384,266,435,185,280,422,339,134,44,339,1,109.9,116.0,-6.1,0.502,0.442,0.196,0.115,0.084,0.08,99.93,2024-25
1642434,Riley Minix,Riley,1610612759,SAS,24.0,1,0,1,0.0,6.8,0.0,1.0,0.0,0.0,1.0,0.0,0.0,0.0,0.0,0.0,2.0,2.0,0.0,0.0,0.0,0.0,0.0,0.0,0.0,0.0,0.0,2.4,0,0,2.0,562,557,548,557,504,558,549,558,499,419,499,544,548,544,548,339,410,558,551,541,519,522,554,556,561,236,552,281,44,552,1,93.3,93.3,0.0,0.0,0.0,0.063,0.0,0.118,0.039,106.67,2024-25
1642265,Rob Dillingham,Rob,1610612750,MIN,20.0,49,30,19,0.612,10.5,1.9,4.3,0.441,0.5,1.5,0.338,0.2,0.3,0.533,0.2,0.8,1.0,2.0,1.1,0.4,0.0,0.2,0.8,0.6,4.5,0.4,8.9,0,0,8.9,293,196,329,150,450,378,376,307,364,377,284,513,505,502,498,502,509,208,226,405,518,435,467,422,397,203,442,281,44,431,1,112.3,111.1,1.2,0.503,0.5,0.215,0.283,0.046,0.078,101.82,2024-25
1629057,Robert Williams III,Robert,1610612757,POR,27.0,20,7,13,0.35,17.6,2.5,3.9,0.641,0.1,0.2,0.333,0.8,0.9,0.882,1.8,4.2,5.9,1.1,0.9,0.7,1.7,0.3,1.6,0.7,5.8,-0.9,20.5,0,0,17.4,448,460,403,430,322,308,389,26,486,517,297,321,364,62,76,94,87,378,298,276,8,302,297,405,356,318,211,281,44,257,1,106.3,108.3,-2.0,0.679,0.647,0.12,0.09,0.159,0.137,100.69,2024-25
1631199,Ron Harper Jr.,Ron,1610612765,DET,25.0,1,0,1,0.0,17.0,1.0,8.0,0.125,0.0,6.0,0.0,2.0,2.0,1.0,4.0,3.0,7.0,2.0,0.0,0.0,0.0,0.0,0.0,2.0,4.0,-1.0,15.4,0,0,13.0,562,557,548,557,333,476,190,556,499,61,499,112,165,1,2,196,55,208,551,541,519,522,554,132,429,334,313,281,44,347,1,120.6,116.7,3.9,0.225,0.125,0.205,0.143,0.189,0.071,98.82,2024-25
1641842,Ronald Holland II,Ronald,1610612765,DET,19.0,81,44,37,0.543,15.6,2.4,5.1,0.474,0.4,1.9,0.238,1.1,1.5,0.754,0.5,2.2,2.7,1.0,0.9,0.6,0.2,0.3,1.7,1.4,6.4,-0.7,12.7,0,0,12.2,12,62,96,235,354,319,321,199,383,350,451,226,231,303,388,319,344,383,280,300,357,319,234,224,326,303,365,281,44,364,1,109.8,110.9,-1.0,0.556,0.517,0.177,0.095,0.083,0.078,101.0,2024-25
1626220,Royce O'Neale,Royce,1610612756,PHX,32.0,75,33,42,0.44,24.5,3.2,7.6,0.423,2.4,5.9,0.406,0.3,0.3,0.731,0.7,3.9,4.7,2.2,0.9,0.9,0.4,0.3,2.0,0.4,9.1,-2.1,21.0,1,0,20.9,59,166,47,356,191,234,211,380,50,70,68,487,495,347,287,106,149,193,290,154,196,347,168,467,220,416,196,198,44,185,1,112.1,116.4,-4.2,0.585,0.58,0.151,0.128,0.094,0.085,100.27,2024-25
203497,Rudy Gobert,Rudy,1610612750,MIN,33.0,72,43,29,0.597,33.2,4.7,7.1,0.669,0.0,0.0,0.0,2.6,3.8,0.674,3.7,7.2,10.9,1.8,1.2,0.8,1.4,0.8,2.5,3.6,12.0,4.5,33.2,36,0,29.1,95,75,188,175,45,136,239,15,499,542,499,83,70,432,6,16,9,245,189,210,16,75,53,46,145,46,72,14,44,98,1,114.3,107.6,6.7,0.687,0.669,0.129,0.075,0.161,0.126,97.63,2024-25
1629060,Rui Hachimura,Rui,1610612747,LAL,27.0,59,37,22,0.627,31.7,5.0,9.8,0.509,1.7,4.2,0.413,1.5,1.9,0.77,1.3,3.7,5.0,1.4,0.8,0.8,0.4,0.7,1.8,1.4,13.1,2.7,24.0,1,0,23.7,218,124,288,126,76,120,137,108,133,162,53,171,179,271,117,121,125,305,303,216,195,101,224,213,122,98,153,198,44,144,1,114.8,110.9,3.9,0.619,0.597,0.156,0.063,0.079,0.086,99.44,2024-25
201566,Russell Westbrook,Russell,1610612743,DEN,36.0,75,43,32,0.573,27.9,5.0,11.1,0.449,1.3,3.9,0.323,2.1,3.1,0.661,1.4,3.6,4.9,6.1,3.2,1.4,0.5,0.7,2.5,2.3,13.3,-0.3,30.8,13,4,29.3,59,75,143,208,127,119,108,279,198,182,334,111,90,451,115,130,133,23,13,32,159,91,56,116,120,261,92,46,9,95,1,115.7,116.2,-0.6,0.532,0.505,0.23,0.289,0.086,0.093,103.3,2024-25
1642346,Ryan Dunn,Ryan,1610612756,PHX,22.0,74,32,42,0.432,19.1,2.8,6.4,0.43,1.1,3.6,0.311,0.3,0.5,0.487,1.2,2.4,3.6,0.8,0.5,0.6,0.5,0.3,2.2,0.4,6.9,-2.3,15.3,3,0,14.7,71,179,47,363,293,281,269,349,231,204,362,486,444,529,136,289,235,440,409,309,132,320,125,477,303,426,318,134,44,316,1,110.4,115.1,-4.7,0.517,0.516,0.161,0.059,0.09,0.059,98.59,2024-25
1631157,Ryan Rollins,Ryan,1610612749,MIL,22.0,56,30,26,0.536,14.6,2.4,4.8,0.487,0.9,2.1,0.408,0.6,0.8,0.8,0.4,1.6,1.9,1.9,0.9,0.8,0.3,0.4,1.6,0.8,6.2,1.5,13.5,1,0,13.0,246,196,237,241,377,331,342,160,290,322,63,354,374,213,438,399,415,233,267,219,269,242,288,342,334,140,346,198,44,347,1,114.0,108.6,5.4,0.6,0.577,0.179,0.173,0.065,0.088,101.74,2024-25
1630573,Sam Hauser,Sam,1610612738,BOS,27.0,71,52,19,0.732,21.7,3.0,6.7,0.451,2.3,5.6,0.416,0.2,0.2,1.0,0.6,2.5,3.2,0.9,0.3,0.6,0.2,0.1,1.2,0.4,8.5,4.6,15.6,0,0,16.4,108,19,329,62,237,253,258,273,54,87,49,515,535,1,331,260,287,411,489,318,379,512,374,469,249,44,310,281,44,276,1,119.8,109.8,10.0,0.632,0.627,0.14,0.057,0.07,0.083,96.4,2024-25
1630241,Sam Merrill,Sam,1610612739,CLE,29.0,71,54,17,0.761,19.7,2.4,6.0,0.406,1.9,5.2,0.372,0.4,0.4,0.966,0.5,1.7,2.2,1.5,0.5,0.7,0.2,0.2,1.7,0.8,7.2,4.5,14.4,0,0,14.7,108,16,360,54,278,323,289,431,95,102,165,439,475,23,366,387,390,285,422,226,369,385,231,357,289,47,328,281,44,312,1,117.4,107.1,10.3,0.583,0.567,0.14,0.099,0.052,0.069,101.26,2024-25
1630572,Sandro Mamukelashvili,Sandro,1610612759,SAS,26.0,61,23,38,0.377,11.2,2.3,4.6,0.502,1.0,2.6,0.373,0.7,1.0,0.741,1.0,2.0,3.1,0.8,0.4,0.4,0.3,0.2,1.0,0.7,6.3,-0.5,12.7,2,0,12.4,201,265,85,406,438,339,358,121,270,286,161,341,335,334,179,336,295,438,449,427,286,434,426,389,333,280,368,159,44,357,1,111.6,112.9,-1.4,0.628,0.609,0.202,0.108,0.131,0.124,102.07,2024-25
1630583,Santi Aldama,Santi,1610612763,MEM,24.0,65,38,27,0.585,25.5,4.8,10.0,0.483,1.8,5.0,0.368,1.0,1.4,0.691,1.4,5.0,6.4,2.9,1.1,0.8,0.4,0.3,1.2,1.3,12.5,2.3,27.1,10,0,26.1,162,110,222,196,171,129,130,170,106,109,178,255,241,404,105,62,68,132,225,199,191,286,388,248,133,112,117,62,44,117,1,116.1,112.6,3.5,0.588,0.576,0.179,0.149,0.116,0.121,105.41,2024-25
1630703,Scoot Henderson,Scoot,1610612757,POR,21.0,66,30,36,0.455,26.7,4.3,10.4,0.419,1.6,4.5,0.354,2.4,3.1,0.767,0.8,2.2,3.0,5.1,2.7,1.0,0.2,0.7,2.7,2.8,12.7,-0.6,24.9,2,0,24.8,156,196,106,339,156,149,121,396,154,143,233,95,88,279,267,315,300,48,38,94,371,104,33,85,129,292,141,159,44,131,1,112.5,113.7,-1.3,0.54,0.496,0.22,0.274,0.054,0.084,100.99,2024-25
1630567,Scottie Barnes,Scottie,1610612761,TOR,23.0,65,26,39,0.4,32.8,7.3,16.4,0.446,1.2,4.3,0.271,3.5,4.6,0.755,1.7,6.0,7.7,5.8,2.8,1.4,1.0,0.6,1.7,3.8,19.3,-2.0,41.6,26,1,38.8,162,240,68,389,50,51,44,290,218,154,422,45,38,301,81,33,43,29,31,31,50,121,235,42,52,409,24,26,20,32,1,107.4,110.1,-2.7,0.523,0.482,0.262,0.279,0.111,0.139,102.48,2024-25
1630590,Scotty Pippen Jr.,Scotty,1610612763,MEM,24.0,79,46,33,0.582,21.3,3.6,7.5,0.48,1.1,2.8,0.397,1.5,2.2,0.713,0.8,2.5,3.3,4.4,1.7,1.3,0.4,0.5,2.6,2.4,9.9,0.6,23.7,9,1,22.0,23,45,130,200,245,199,219,179,235,271,94,165,148,379,255,276,275,73,101,43,228,152,45,112,196,192,159,71,20,165,1,111.0,109.7,1.3,0.582,0.553,0.188,0.283,0.07,0.106,105.6,2024-25
203552,Seth Curry,Seth,1610612766,CHA,34.0,68,17,51,0.25,15.6,2.4,5.0,0.478,1.2,2.7,0.456,0.5,0.6,0.846,0.4,1.3,1.7,0.9,0.5,0.4,0.1,0.1,0.9,0.8,6.5,-2.5,10.9,0,0,11.3,138,323,16,489,356,325,328,180,205,281,15,409,434,113,448,426,437,416,428,410,453,481,449,361,320,441,396,281,44,379,1,106.2,114.1,-8.0,0.616,0.599,0.151,0.087,0.049,0.083,99.1,2024-25
1631101,Shaedon Sharpe,Shaedon,1610612757,POR,22.0,72,32,40,0.444,31.3,6.9,15.3,0.452,2.0,6.6,0.311,2.6,3.4,0.785,0.9,3.6,4.5,2.8,2.1,0.9,0.2,0.7,1.7,2.6,18.5,-1.9,29.2,3,0,30.0,95,179,59,353,84,57,51,271,84,43,358,77,82,241,212,132,157,141,68,170,334,104,258,93,63,402,104,134,44,90,1,111.4,114.4,-3.0,0.551,0.519,0.25,0.138,0.07,0.102,99.88,2024-25
1628983,Shai Gilgeous-Alexander,Shai,1610612760,OKC,26.0,76,63,13,0.829,34.2,11.3,21.8,0.519,2.1,5.7,0.375,7.9,8.8,0.898,0.9,4.1,5.0,6.4,2.4,1.7,1.0,1.0,2.2,6.1,32.7,12.1,54.1,6,0,51.7,51,2,403,23,35,2,1,93,73,80,155,1,3,44,230,97,128,19,55,11,41,29,132,4,1,1,4,93,44,5,1,122.4,105.7,16.7,0.637,0.569,0.336,0.299,0.069,0.199,101.91,2024-25
1629003,Shake Milton,Shake,1610612747,LAL,28.0,57,29,28,0.509,14.7,2.0,4.5,0.453,0.7,1.9,0.358,0.8,1.0,0.797,0.5,1.3,1.8,1.8,0.7,0.4,0.1,0.3,1.2,1.1,5.5,-2.1,11.2,1,0,10.8,232,212,209,263,375,363,366,268,333,351,214,290,309,227,362,430,422,241,346,393,493,270,386,281,362,418,386,198,44,389,2,106.2,113.1,-6.9,0.563,0.528,0.162,0.184,0.061,0.081,98.81,2024-25
1631321,Sidy Cissoko,Sidy,1610612757,POR,21.0,22,11,11,0.5,5.2,0.6,1.4,0.433,0.1,0.6,0.231,0.1,0.4,0.333,0.4,0.6,1.0,0.7,0.5,0.1,0.0,0.2,0.5,0.3,1.5,0.4,3.5,0,0,3.5,441,407,425,266,524,522,532,334,469,478,456,525,473,539,442,525,517,449,415,531,509,372,515,502,532,205,533,281,44,530,2,91.2,89.0,2.1,0.471,0.483,0.156,0.197,0.085,0.057,103.79,2024-25
1631323,Simone Fontecchio,Simone,1610612765,DET,29.0,75,38,37,0.507,16.5,2.0,5.0,0.402,1.0,3.0,0.335,0.9,1.1,0.833,0.7,2.2,2.9,0.9,0.7,0.4,0.2,0.2,1.3,0.9,5.9,0.2,11.7,0,0,11.8,59,110,96,264,340,364,334,440,254,252,294,272,291,131,296,322,324,420,336,404,403,361,362,323,347,221,384,281,44,369,1,110.7,109.5,1.2,0.544,0.504,0.152,0.071,0.083,0.068,103.26,2024-25
1627746,Skal Labissiere,Skal,1610612758,SAC,29.0,4,2,2,0.5,3.0,0.5,1.0,0.5,0.3,0.3,1.0,0.0,0.0,0.0,0.3,0.5,0.8,0.3,0.0,0.0,0.0,0.0,0.3,0.0,1.3,-0.3,2.5,0,0,2.5,541,525,532,266,559,533,549,125,432,506,1,544,548,544,491,534,532,534,551,541,519,522,540,556,538,253,548,281,44,546,1,114.8,128.0,-13.2,0.625,0.625,0.129,0.125,0.143,0.092,104.35,2024-25
203915,Spencer Dinwiddie,Spencer,1610612742,DAL,32.0,79,37,42,0.468,27.0,3.6,8.6,0.416,1.4,4.1,0.334,2.5,3.1,0.802,0.2,2.4,2.6,4.4,1.3,0.9,0.2,0.3,1.5,2.5,11.0,-2.8,22.9,5,0,21.7,23,124,47,316,149,201,166,404,183,166,296,90,94,211,504,281,350,72,178,160,348,313,308,101,161,451,169,106,44,172,1,110.1,115.1,-5.0,0.553,0.496,0.175,0.228,0.048,0.089,101.4,2024-25
1642461,Spencer Jones,Spencer,1610612743,DEN,24.0,20,13,7,0.65,6.2,0.6,1.7,0.324,0.1,0.9,0.059,0.2,0.2,1.0,0.4,0.5,0.9,0.3,0.3,0.3,0.3,0.0,0.9,0.1,1.3,-2.3,3.9,0,0,3.5,448,382,467,99,508,528,515,522,486,450,497,520,537,1,427,547,524,534,507,471,309,522,454,546,537,425,524,281,44,533,1,89.4,107.4,-18.0,0.368,0.338,0.128,0.06,0.062,0.013,104.76,2024-25
1630649,Stanley Umude,Stanley,1610612749,MIL,26.0,22,15,7,0.682,3.9,0.2,1.2,0.192,0.1,0.7,0.2,0.1,0.2,0.5,0.2,0.6,0.8,0.2,0.1,0.1,0.3,0.0,0.4,0.1,0.7,-0.7,3.0,0,0,2.6,441,349,467,79,546,553,544,552,469,467,471,537,526,506,523,525,530,546,543,514,293,517,529,547,555,304,540,281,44,544,1,85.6,95.8,-10.1,0.27,0.25,0.137,0.071,0.089,0.022,107.72,2024-25
201939,Stephen Curry,Stephen,1610612744,GSW,37.0,70,41,29,0.586,32.2,8.1,18.0,0.448,4.4,11.2,0.397,4.0,4.3,0.933,0.6,3.9,4.4,6.0,2.9,1.1,0.4,0.7,1.4,3.5,24.5,4.3,40.7,9,0,42.6,118,83,188,194,66,31,24,280,1,2,96,31,46,26,345,110,162,26,29,69,201,103,345,49,18,58,29,71,44,19,1,118.4,112.7,5.7,0.618,0.572,0.286,0.284,0.066,0.145,101.72,2024-25
1642264,Stephon Castle,Stephon,1610612759,SAS,20.0,81,33,48,0.407,26.7,5.2,12.2,0.428,1.2,4.1,0.285,3.1,4.2,0.724,1.1,2.6,3.7,4.1,2.2,0.9,0.3,0.8,2.0,3.2,14.7,-3.0,26.6,6,0,26.0,12,166,23,386,155,111,90,359,216,167,404,68,48,359,166,250,227,82,63,147,297,60,166,61,97,455,119,93,44,121,1,111.8,116.6,-4.7,0.522,0.476,0.253,0.231,0.066,0.087,101.89,2024-25
203500,Steven Adams,Steven,1610612745,HOU,31.0,58,38,20,0.655,13.7,1.6,2.9,0.545,0.0,0.0,0.0,0.7,1.6,0.462,2.9,2.8,5.6,1.1,0.9,0.4,0.5,0.2,1.0,1.8,3.9,3.0,14.0,3,0,12.4,223,110,318,95,390,419,456,71,499,537,499,328,219,532,22,226,99,355,271,418,167,423,410,162,433,89,337,134,44,360,1,115.3,105.9,9.4,0.541,0.545,0.127,0.107,0.187,0.109,99.77,2024-25
1629004,Svi Mykhailiuk,Svi,1610612762,UTA,28.0,38,6,32,0.158,20.0,3.1,7.9,0.391,1.8,5.3,0.345,0.7,0.9,0.8,0.6,1.8,2.4,2.0,1.4,0.5,0.2,0.4,1.1,0.8,8.8,-2.8,15.3,0,0,16.4,357,473,143,538,271,245,193,463,110,96,258,329,345,213,341,364,376,208,161,355,377,214,393,351,234,450,316,281,44,277,1,110.3,117.7,-7.4,0.526,0.507,0.198,0.144,0.055,0.067,101.83,2024-25
204456,T.J. McConnell,T.J.,1610612754,IND,33.0,79,49,30,0.62,17.9,4.1,7.9,0.519,0.2,0.6,0.306,0.7,1.0,0.74,0.6,1.9,2.4,4.4,1.4,1.1,0.3,0.5,1.0,1.2,9.1,-0.7,21.3,2,0,18.8,23,25,176,137,316,160,196,94,456,472,371,334,328,336,353,356,367,69,156,89,300,157,416,258,216,306,191,159,44,225,1,111.1,113.8,-2.7,0.547,0.531,0.226,0.359,0.069,0.129,103.69,2024-25
201959,Taj Gibson,Taj,1610612766,CHA,40.0,37,10,27,0.27,11.1,1.3,2.6,0.495,0.0,0.1,0.5,0.3,0.5,0.6,1.4,1.9,3.2,0.6,0.7,0.2,0.5,0.3,1.5,0.5,2.9,-3.4,9.1,1,0,8.2,361,419,222,478,440,453,472,146,494,529,7,463,443,482,113,358,277,477,355,479,164,281,324,434,474,473,436,198,44,448,1,96.6,110.4,-13.8,0.515,0.5,0.132,0.081,0.133,0.068,99.38,2024-25
1629659,Talen Horton-Tucker,Talen,1610612741,CHI,24.0,58,26,32,0.448,12.5,2.3,5.0,0.457,0.7,2.1,0.336,1.2,1.7,0.735,0.3,1.4,1.7,1.4,0.7,0.4,0.2,0.3,1.0,1.2,6.5,0.3,11.7,0,0,11.5,223,240,143,348,409,340,329,256,321,327,291,209,210,340,460,416,430,301,350,425,373,307,415,271,319,211,383,281,44,376,1,111.4,109.8,1.7,0.567,0.527,0.208,0.162,0.063,0.09,106.82,2024-25
1631106,Tari Eason,Tari,1610612745,HOU,24.0,57,36,21,0.632,24.9,4.8,9.8,0.487,1.1,3.2,0.342,1.4,1.8,0.76,2.2,4.1,6.4,1.5,1.1,1.7,0.9,0.8,2.4,1.3,12.0,2.5,28.4,6,0,26.1,232,136,297,115,183,134,136,162,232,230,270,187,187,295,44,97,69,293,213,12,65,64,76,236,144,104,107,93,44,118,1,114.8,109.2,5.6,0.567,0.543,0.185,0.082,0.118,0.117,101.55,2024-25
1627752,Taurean Prince,Taurean,1610612749,MIL,31.0,80,46,34,0.575,27.1,2.9,6.4,0.457,1.8,4.2,0.439,0.5,0.6,0.813,0.4,3.2,3.6,1.9,1.0,1.0,0.2,0.3,2.1,0.8,8.2,-0.3,17.8,1,0,17.8,16,45,124,207,145,265,271,255,112,161,19,408,429,186,420,173,236,225,246,125,375,327,160,369,259,256,265,198,44,247,1,114.0,114.5,-0.4,0.613,0.6,0.123,0.093,0.065,0.064,100.95,2024-25
1641707,Taylor Hendricks,Taylor,1610612762,UTA,21.0,3,0,3,0.0,24.8,1.3,6.0,0.222,1.0,4.0,0.25,1.0,1.3,0.75,1.7,3.3,5.0,0.7,0.7,1.7,1.3,0.0,2.7,0.7,4.7,-7.3,20.0,0,0,17.3,549,557,521,557,185,443,287,548,257,174,439,255,259,310,82,157,125,451,357,13,22,522,36,399,389,553,216,281,44,260,1,95.7,109.2,-13.5,0.354,0.306,0.113,0.04,0.083,0.036,105.0,2024-25
1631386,Taze Moore,Taze,1610612757,POR,27.0,2,0,2,0.0,9.9,1.0,5.0,0.2,0.5,2.0,0.25,0.5,1.0,0.5,2.0,2.0,4.0,0.5,1.0,1.0,0.0,0.5,0.0,0.5,3.0,-3.5,10.6,0,0,10.0,557,557,532,557,460,476,330,550,366,333,439,400,314,506,55,339,191,486,250,101,519,172,554,442,468,479,404,281,44,406,1,58.7,77.3,-18.6,0.276,0.25,0.224,0.125,0.138,0.105,108.82,2024-25
1629611,Terance Mann,Terance,1610612737,ATL,28.0,67,37,30,0.552,21.1,3.1,6.2,0.496,0.9,2.4,0.368,0.7,1.0,0.691,1.0,2.0,3.0,1.8,0.7,0.7,0.2,0.4,1.9,1.0,7.7,-1.4,16.1,0,0,15.2,147,124,176,227,254,249,283,141,288,304,178,344,313,405,181,347,309,239,347,244,333,217,190,315,270,379,298,281,44,301,2,112.9,115.2,-2.3,0.584,0.569,0.145,0.118,0.07,0.074,100.43,2024-25
1629056,Terence Davis,Terence,1610612758,SAC,28.0,1,1,0,1.0,7.9,0.0,2.0,0.0,0.0,1.0,0.0,0.0,0.0,0.0,0.0,1.0,1.0,1.0,0.0,0.0,0.0,0.0,0.0,0.0,0.0,-3.0,2.7,0,0,2.0,562,539,561,1,484,558,492,558,499,419,499,544,548,544,548,460,510,384,551,541,519,522,554,556,561,457,544,281,44,552,1,86.7,106.7,-20.0,0.0,0.0,0.111,0.167,0.059,0.0,91.33,2024-25
1630545,Terrence Shannon Jr.,Terrence,1610612750,MIN,24.0,32,21,11,0.656,10.6,1.7,3.6,0.482,0.3,1.0,0.355,0.5,0.7,0.81,0.3,1.2,1.5,1.0,0.5,0.2,0.2,0.6,0.8,0.5,4.3,0.3,8.2,1,0,7.9,397,280,425,94,449,397,409,173,406,437,227,394,413,199,467,447,460,384,430,490,407,144,456,442,406,209,459,198,44,458,1,107.8,107.0,0.8,0.56,0.531,0.166,0.139,0.065,0.082,103.77,2024-25
1626179,Terry Rozier,Terry,1610612748,MIA,31.0,64,27,37,0.422,25.9,3.9,9.9,0.391,1.4,4.8,0.295,1.4,1.7,0.852,0.7,3.0,3.7,2.6,1.2,0.6,0.2,0.6,1.1,1.5,10.6,-2.2,20.2,0,0,20.0,170,232,96,371,163,174,133,465,177,124,388,175,211,104,298,194,218,151,194,317,342,144,391,195,171,424,214,281,44,200,1,107.3,112.3,-4.9,0.497,0.462,0.195,0.152,0.068,0.078,99.13,2024-25
1630678,Terry Taylor,Terry,1610612758,SAC,25.0,3,1,2,0.333,2.1,0.0,0.3,0.0,0.0,0.0,0.0,0.0,0.0,0.0,0.3,0.0,0.3,0.7,0.0,0.0,0.0,0.0,0.0,0.0,0.0,3.0,1.4,0,0,1.0,549,539,532,437,564,558,562,558,499,542,499,544,548,544,456,564,560,451,551,541,519,522,554,556,561,86,563,281,44,564,1,135.7,71.4,64.3,0.0,0.0,0.067,0.286,0.083,0.043,106.11,2024-25
1628418,Thomas Bryant,Thomas,1610612754,IND,27.0,66,44,22,0.667,14.6,2.5,4.9,0.508,0.7,2.2,0.324,0.8,1.0,0.859,1.3,2.5,3.8,0.8,0.5,0.4,0.6,0.3,1.2,0.9,6.5,-0.6,15.0,1,0,13.9,156,62,288,84,379,315,339,113,317,318,328,287,331,93,132,257,209,434,436,400,111,341,390,317,322,289,321,198,44,331,2,109.9,113.4,-3.5,0.614,0.583,0.162,0.078,0.128,0.11,102.45,2024-25
1642275,Tidjane Salaün,Tidjane,1610612766,CHA,19.0,60,12,48,0.2,20.7,1.9,5.8,0.33,1.0,3.4,0.283,1.1,1.6,0.713,1.2,3.5,4.7,1.2,1.0,0.5,0.2,0.5,1.4,1.3,5.9,-5.4,14.5,2,0,14.2,206,393,23,520,260,376,300,517,273,215,406,235,223,380,148,138,148,337,261,365,328,186,334,241,351,525,326,159,44,325,1,99.4,111.2,-11.9,0.457,0.414,0.15,0.092,0.106,0.065,98.5,2024-25
203501,Tim Hardaway Jr.,Tim,1610612765,DET,33.0,77,41,36,0.532,28.0,3.6,8.8,0.406,2.2,5.9,0.368,1.6,1.9,0.855,0.2,2.1,2.4,1.6,0.6,0.5,0.1,0.2,1.2,2.0,11.0,0.3,17.3,0,0,18.3,43,83,106,243,124,202,160,429,66,65,182,155,183,101,501,325,375,274,374,362,471,356,368,140,163,212,272,281,44,240,1,113.8,114.2,-0.5,0.567,0.529,0.151,0.074,0.042,0.066,100.66,2024-25
202699,Tobias Harris,Tobias,1610612765,DET,32.0,73,40,33,0.548,31.6,5.3,11.0,0.477,1.2,3.6,0.345,2.0,2.3,0.861,0.9,5.0,5.9,2.2,1.2,1.0,0.8,0.6,1.9,1.7,13.7,2.6,28.4,5,0,26.7,86,89,130,233,78,107,109,188,200,195,261,119,138,91,227,56,84,187,207,100,75,118,198,178,116,103,108,106,44,112,1,114.7,110.8,3.9,0.571,0.534,0.173,0.095,0.092,0.1,100.89,2024-25
1642449,Tolu Smith,Tolu,1610612765,DET,24.0,1,0,1,0.0,22.4,6.0,9.0,0.667,0.0,0.0,0.0,2.0,3.0,0.667,4.0,4.0,8.0,0.0,2.0,0.0,0.0,2.0,3.0,4.0,14.0,7.0,21.6,0,0,22.0,562,557,548,557,226,82,156,17,499,542,499,112,98,438,2,102,36,558,78,541,519,2,10,35,113,12,186,281,44,165,1,117.4,104.4,12.9,0.678,0.667,0.2,0.0,0.157,0.149,97.72,2024-25
1628396,Tony Bradley,Tony,1610612754,IND,27.0,14,11,3,0.786,8.1,2.1,3.2,0.644,0.1,0.2,0.333,0.1,0.4,0.333,1.3,1.7,3.0,0.4,0.4,0.1,0.6,0.3,0.8,0.7,4.4,3.1,10.6,1,0,9.4,482,407,521,40,483,357,436,25,483,510,297,523,467,539,127,378,300,504,469,512,104,317,463,386,404,81,403,198,44,417,1,112.6,93.6,19.0,0.64,0.656,0.182,0.08,0.172,0.16,105.38,2024-25
1628470,Torrey Craig,Torrey,1610612738,BOS,34.0,26,16,10,0.615,12.1,1.5,3.5,0.422,0.9,2.5,0.364,0.3,0.5,0.667,1.0,1.8,2.8,0.7,0.3,0.3,0.5,0.1,1.3,0.4,4.2,-1.9,10.5,0,0,10.1,424,340,443,144,423,427,416,382,279,291,195,469,461,438,176,368,330,460,492,449,175,465,354,475,418,400,406,281,44,405,2,104.9,109.8,-5.0,0.567,0.556,0.139,0.078,0.106,0.08,98.16,2024-25
1641787,Tosan Evbuomwan,Tosan,1610612751,BKN,24.0,28,8,20,0.286,23.7,3.4,7.9,0.427,0.9,2.8,0.312,2.0,2.6,0.753,1.1,3.1,4.3,2.0,1.4,0.9,0.4,0.8,2.0,2.1,9.5,-2.4,19.9,0,0,19.1,416,445,318,464,207,216,197,363,293,273,356,117,115,307,155,178,171,222,154,173,241,75,180,128,204,433,219,281,44,219,1,103.4,108.4,-5.0,0.53,0.482,0.183,0.132,0.087,0.087,97.96,2024-25
1641739,Toumani Camara,Toumani,1610612757,POR,25.0,78,33,45,0.423,32.7,4.2,9.2,0.458,1.7,4.6,0.375,1.2,1.6,0.722,2.2,3.6,5.8,2.2,1.4,1.5,0.6,0.4,2.9,2.8,11.3,-1.5,26.6,4,0,25.3,35,166,38,370,54,156,150,250,132,134,150,218,216,362,48,133,90,184,152,25,107,254,17,78,154,383,120,116,44,127,1,111.5,113.3,-1.8,0.572,0.552,0.143,0.096,0.086,0.076,99.38,2024-25
1629027,Trae Young,Trae,1610612737,ATL,26.0,76,36,40,0.474,36.0,7.4,18.1,0.411,2.9,8.4,0.34,6.5,7.4,0.875,0.5,2.6,3.1,11.6,4.7,1.2,0.2,0.9,1.9,5.7,24.2,0.4,44.7,51,0,44.5,51,136,59,309,14,44,23,414,27,18,280,4,7,76,400,246,292,1,1,59,406,49,192,9,22,198,13,6,44,13,1,115.2,114.6,0.6,0.567,0.491,0.285,0.452,0.042,0.129,105.51,2024-25
1631218,Trayce Jackson-Davis,Trayce,1610612744,GSW,25.0,62,33,29,0.532,15.6,2.8,4.9,0.576,0.0,0.0,0.0,1.0,1.6,0.578,2.0,3.0,5.0,1.7,0.7,0.4,0.6,0.7,1.2,1.2,6.6,-1.0,17.3,4,0,15.2,192,166,188,244,358,276,338,53,499,533,499,269,214,496,58,191,123,260,333,421,114,98,385,255,316,333,273,116,44,302,1,107.8,111.3,-3.5,0.587,0.576,0.164,0.163,0.152,0.12,101.53,2024-25
1630200,Tre Jones,Tre,1610612741,CHI,25.0,46,21,25,0.457,19.7,2.8,5.2,0.538,0.4,1.0,0.396,1.2,1.5,0.821,0.7,1.8,2.5,4.2,0.8,0.8,0.2,0.4,1.2,1.5,7.2,-0.7,18.8,1,0,16.3,307,280,256,333,280,280,319,74,389,417,100,215,240,166,307,360,361,81,321,197,343,231,380,209,287,302,248,198,44,279,2,112.0,113.5,-1.5,0.617,0.578,0.136,0.289,0.059,0.11,103.35,2024-25
1630544,Tre Mann,Tre,1610612766,CHA,24.0,13,6,7,0.462,24.5,5.4,12.4,0.435,1.8,4.6,0.4,1.5,1.6,0.905,0.9,2.0,2.9,3.0,1.9,0.5,0.3,1.0,1.8,1.6,14.1,-4.2,22.7,0,0,23.5,489,473,467,327,190,102,86,332,106,134,78,172,216,38,221,339,317,129,84,341,263,30,206,184,109,503,173,281,44,146,1,107.0,114.4,-7.3,0.537,0.509,0.25,0.219,0.056,0.098,99.0,2024-25
1630570,Trendon Watford,Trendon,1610612751,BKN,24.0,44,16,28,0.364,20.7,3.7,8.0,0.469,0.7,2.0,0.33,2.1,2.8,0.762,0.8,2.8,3.6,2.6,1.9,0.6,0.3,0.8,2.2,2.4,10.2,-1.5,19.3,1,0,18.9,322,340,209,419,259,184,191,216,336,333,311,105,109,287,246,224,232,149,88,293,293,59,129,107,183,385,233,198,44,223,1,105.1,109.4,-4.4,0.557,0.51,0.226,0.211,0.084,0.101,97.8,2024-25
1642280,Trentyn Flowers,Trentyn,1610612746,LAC,20.0,6,4,2,0.667,4.4,0.7,1.8,0.364,0.0,0.3,0.0,0.5,0.5,1.0,0.2,0.5,0.7,0.0,0.2,0.0,0.0,0.0,0.7,0.3,1.8,-1.0,2.5,0,0,2.5,524,493,532,84,539,513,504,497,499,495,499,400,451,1,526,534,536,558,532,541,519,522,483,490,512,334,551,281,44,546,1,88.5,101.7,-13.2,0.446,0.364,0.194,0.0,0.073,0.029,108.62,2024-25
1630243,Trevelin Queen,Trevelin,1610612753,ORL,28.0,31,15,16,0.484,13.9,1.8,4.7,0.381,0.7,2.5,0.286,0.6,0.7,0.857,0.8,0.9,1.7,1.2,0.7,1.0,0.3,0.4,1.2,0.5,4.9,-2.8,12.1,0,0,11.2,402,349,369,304,387,389,350,479,320,299,396,378,405,95,247,483,429,340,344,101,259,257,373,431,385,449,374,281,44,383,1,101.9,111.1,-9.2,0.486,0.456,0.176,0.141,0.063,0.071,98.95,2024-25
1641725,Trey Alexander,Trey,1610612743,DEN,22.0,24,14,10,0.583,4.9,0.5,1.7,0.317,0.1,0.7,0.176,0.1,0.2,0.75,0.0,0.5,0.5,0.5,0.2,0.1,0.0,0.0,0.4,0.2,1.3,-1.0,2.8,0,0,2.7,432,364,443,197,530,529,514,528,472,465,483,528,530,310,547,545,551,497,521,534,512,519,517,531,536,342,543,281,44,542,1,94.2,105.1,-10.9,0.374,0.354,0.165,0.136,0.047,0.029,105.44,2024-25
1641998,Trey Jemison III,Trey,1610612747,LAL,25.0,38,17,21,0.447,10.3,1.1,1.9,0.554,0.0,0.0,0.0,0.3,0.9,0.394,1.2,1.6,2.8,0.4,0.6,0.2,0.4,0.3,1.8,0.5,2.5,-0.5,7.7,0,0,6.9,357,323,297,350,453,471,499,66,499,542,499,455,360,538,151,388,335,506,370,483,223,335,217,438,485,281,465,281,44,469,2,105.6,107.8,-2.2,0.537,0.554,0.121,0.058,0.128,0.044,99.06,2024-25
1626168,Trey Lyles,Trey,1610612758,SAC,29.0,69,34,35,0.493,19.6,2.3,5.4,0.42,1.2,3.4,0.34,0.8,1.2,0.7,1.2,3.4,4.6,1.2,0.6,0.6,0.3,0.2,1.2,1.1,6.5,-1.0,16.0,1,0,15.3,129,157,116,292,281,341,309,394,215,213,277,295,284,393,150,144,152,344,400,310,248,422,369,274,318,340,300,198,44,299,1,111.8,113.8,-2.0,0.551,0.528,0.139,0.084,0.114,0.087,100.04,2024-25
1630530,Trey Murphy III,Trey,1610612740,NOP,25.0,53,14,39,0.264,35.0,7.2,15.8,0.454,3.0,8.3,0.361,3.8,4.3,0.887,0.9,4.2,5.1,3.5,1.9,1.1,0.7,0.5,2.1,3.5,21.2,-7.2,36.0,2,0,36.4,263,364,68,482,24,53,47,265,22,19,207,36,41,56,229,91,121,103,83,86,80,151,146,50,40,552,55,159,44,49,1,109.0,118.7,-9.7,0.598,0.548,0.229,0.157,0.069,0.11,102.03,2024-25
202684,Tristan Thompson,Tristan,1610612739,CLE,34.0,40,31,9,0.775,8.2,0.8,1.8,0.437,0.0,0.1,0.0,0.2,0.8,0.233,0.8,2.6,3.4,0.6,0.4,0.1,0.3,0.2,0.9,0.6,1.7,-2.1,7.3,0,0,6.3,342,186,454,48,479,499,508,324,499,526,499,507,393,542,262,256,262,470,472,539,289,418,443,430,517,421,471,281,44,478,1,97.2,109.8,-12.5,0.41,0.437,0.123,0.109,0.177,0.083,100.56,2024-25
1641774,Tristan Vukcevic,Tristan,1610612764,WAS,22.0,35,7,28,0.2,14.6,3.4,6.9,0.496,1.1,2.9,0.373,1.5,1.9,0.776,0.7,3.0,3.7,1.1,1.2,0.3,0.7,0.3,1.6,1.7,9.4,-3.6,17.3,1,0,17.3,381,460,209,520,376,207,248,144,242,261,163,167,180,260,278,201,220,361,199,445,101,342,271,179,207,482,275,198,44,262,1,102.6,114.3,-11.7,0.608,0.574,0.252,0.136,0.116,0.127,102.79,2024-25
1641783,Tristan da Silva,Tristan,1610612753,ORL,24.0,74,35,39,0.473,22.0,2.7,6.5,0.412,1.1,3.2,0.335,0.7,0.9,0.873,1.0,2.3,3.3,1.5,0.8,0.4,0.2,0.3,1.3,0.8,7.2,-1.7,14.8,1,0,14.5,71,149,68,311,233,287,265,411,243,229,295,325,363,80,194,298,269,284,322,386,320,281,360,359,285,395,324,198,44,320,1,106.1,110.3,-4.2,0.522,0.495,0.149,0.105,0.076,0.074,96.97,2024-25
1641803,Tristen Newton,Tristen,1610612750,MIN,24.0,8,2,6,0.25,2.0,0.1,1.0,0.125,0.0,0.4,0.0,0.1,0.1,1.0,0.3,0.3,0.5,0.3,0.3,0.1,0.0,0.1,0.5,0.1,0.4,-0.6,1.5,0,0,1.4,516,525,481,489,566,557,549,556,499,494,499,528,538,1,491,559,551,534,507,518,519,458,509,542,558,297,561,281,44,562,2,83.3,97.6,-14.2,0.178,0.125,0.185,0.182,0.087,-0.068,123.38,2024-25
1629660,Ty Jerome,Ty,1610612739,CLE,27.0,70,55,15,0.786,19.9,4.6,8.8,0.516,1.6,3.6,0.439,1.8,2.1,0.872,0.7,1.8,2.5,3.4,1.3,1.1,0.0,0.4,1.5,1.8,12.5,4.3,22.7,0,0,22.3,118,11,382,40,273,141,161,98,155,196,20,131,154,81,284,373,365,110,175,72,510,234,325,163,132,57,172,281,44,162,1,120.3,110.4,9.9,0.643,0.606,0.229,0.241,0.06,0.134,101.92,2024-25
1631102,TyTy Washington Jr.,TyTy,1610612756,PHX,23.0,16,4,12,0.25,7.4,0.9,2.8,0.311,0.3,1.3,0.19,0.2,0.4,0.5,0.3,0.6,0.8,1.0,0.2,0.2,0.0,0.0,0.3,0.3,2.2,0.1,5.0,0,0,4.6,469,493,414,489,494,489,461,532,432,391,480,504,485,506,491,529,527,384,530,500,519,522,540,521,495,226,508,281,44,509,1,109.2,105.7,3.5,0.367,0.356,0.187,0.188,0.05,0.049,98.56,2024-25
1629639,Tyler Herro,Tyler,1610612748,MIA,25.0,77,37,40,0.481,35.4,8.5,17.9,0.472,3.3,8.7,0.375,3.7,4.2,0.878,0.5,4.7,5.2,5.5,2.6,0.9,0.2,1.0,1.1,2.9,23.9,1.3,39.2,9,0,40.1,43,124,59,307,18,23,25,204,12,14,156,40,49,73,408,72,115,37,42,153,339,33,397,74,26,149,39,71,44,28,1,113.9,112.6,1.3,0.605,0.563,0.271,0.254,0.073,0.139,97.78,2024-25
1642278,Tyler Kolek,Tyler,1610612752,NYK,24.0,41,27,14,0.659,7.2,0.7,2.0,0.329,0.3,1.1,0.298,0.3,0.4,0.765,0.2,0.5,0.7,1.7,0.4,0.3,0.1,0.1,0.6,0.5,2.0,0.0,6.1,0,0,5.5,336,232,392,92,498,519,492,518,407,404,384,465,471,283,520,544,540,254,443,458,464,501,488,441,505,240,489,281,44,494,1,104.1,104.4,-0.3,0.453,0.415,0.152,0.321,0.043,0.072,102.35,2024-25
1641890,Tyler Smith,Tyler,1610612749,MIL,20.0,23,12,11,0.522,5.3,1.0,2.2,0.48,0.6,1.3,0.433,0.3,0.3,0.75,0.3,0.8,1.1,0.2,0.3,0.1,0.2,0.0,0.5,0.3,2.9,0.3,5.0,0,0,5.3,438,393,425,255,523,475,486,177,352,392,28,484,494,310,488,497,500,547,474,517,390,518,514,507,472,207,507,281,44,497,1,103.4,96.3,7.1,0.626,0.61,0.205,0.056,0.098,0.123,105.22,2024-25
1630169,Tyrese Haliburton,Tyrese,1610612754,IND,25.0,73,46,27,0.63,33.6,6.5,13.8,0.473,3.0,7.7,0.388,2.6,3.0,0.851,0.6,3.0,3.5,9.2,1.6,1.4,0.7,0.3,1.3,2.4,18.6,3.0,41.4,31,0,38.6,86,45,222,121,42,70,67,200,20,25,118,81,97,105,343,203,241,3,116,30,95,293,364,108,62,85,27,18,44,33,1,117.7,114.2,3.5,0.616,0.582,0.21,0.384,0.052,0.143,100.82,2024-25
1631213,Tyrese Martin,Tyrese,1610612751,BKN,26.0,60,16,44,0.267,21.9,3.2,7.8,0.406,1.7,4.7,0.351,0.8,1.0,0.793,1.0,2.7,3.7,2.0,1.2,0.6,0.2,0.3,1.3,0.8,8.7,-4.3,17.1,1,0,17.5,206,340,42,480,235,242,204,424,146,128,243,315,332,230,201,237,230,205,190,321,415,348,358,345,239,505,278,198,44,255,1,103.2,113.4,-10.2,0.533,0.513,0.179,0.15,0.083,0.084,98.64,2024-25
1630178,Tyrese Maxey,Tyrese,1610612755,PHI,24.0,52,20,32,0.385,37.7,9.2,21.0,0.437,3.1,9.2,0.337,4.9,5.6,0.879,0.3,3.1,3.3,6.1,2.4,1.8,0.4,1.2,2.2,4.3,26.3,-2.4,43.6,8,1,43.2,267,296,143,400,1,11,3,322,15,8,290,21,23,69,479,189,263,22,57,9,215,11,117,27,8,435,15,77,20,16,1,113.8,117.4,-3.5,0.562,0.511,0.293,0.276,0.045,0.127,98.34,2024-25
1630623,Tyson Etienne,Tyson,1610612751,BKN,25.0,7,1,6,0.143,21.6,2.4,7.4,0.327,1.9,6.3,0.295,1.1,1.4,0.8,0.4,0.9,1.3,1.7,1.1,0.4,0.1,0.3,2.4,1.1,7.9,-10.0,12.5,0,0,13.9,521,539,481,541,240,320,224,521,105,51,388,222,246,213,417,490,483,251,212,398,420,317,67,275,267,567,370,281,44,333,1,98.8,119.3,-20.5,0.488,0.452,0.177,0.126,0.03,0.024,105.16,2024-25
1626145,Tyus Jones,Tyus,1610612756,PHX,29.0,81,36,45,0.444,26.8,3.8,8.4,0.448,2.0,5.0,0.414,0.6,0.7,0.895,0.5,1.9,2.4,5.3,1.1,0.9,0.1,0.3,0.8,0.9,10.2,-1.1,22.8,6,0,21.9,12,136,38,353,152,181,172,284,82,115,51,359,402,45,388,352,372,43,217,175,463,289,464,318,182,354,171,93,44,169,1,113.6,116.1,-2.5,0.585,0.57,0.16,0.276,0.045,0.099,99.19,2024-25
1642279,Ulrich Chomche,Ulrich,1610612761,TOR,19.0,7,3,4,0.429,4.6,0.3,0.7,0.4,0.0,0.0,0.0,0.1,0.3,0.5,0.6,0.6,1.1,0.3,0.3,0.0,0.1,0.0,0.7,0.1,0.7,-3.4,2.7,0,0,2.4,521,508,507,365,533,550,559,445,499,542,499,523,512,506,345,528,497,530,499,541,420,522,473,540,553,476,547,281,44,549,1,96.9,140.3,-43.4,0.425,0.4,0.108,0.111,0.151,0.02,94.73,2024-25
203995,Vasilije Micic,Vasilije,1610612756,PHX,31.0,41,8,33,0.195,19.1,2.3,6.7,0.348,1.1,3.0,0.36,0.8,1.0,0.829,0.5,1.7,2.2,3.1,1.9,0.4,0.0,0.6,1.1,1.2,6.6,-3.0,13.1,1,0,13.7,336,445,130,526,292,338,259,510,238,250,210,289,314,142,391,386,394,123,90,423,519,147,399,268,317,456,354,198,44,337,2,102.2,109.4,-7.2,0.462,0.43,0.199,0.258,0.053,0.061,97.45,2024-25
1641705,Victor Wembanyama,Victor,1610612759,SAS,21.0,46,21,25,0.457,33.2,8.9,18.6,0.476,3.1,8.8,0.352,3.4,4.1,0.836,1.8,9.2,11.0,3.7,3.2,1.1,3.8,0.6,2.3,4.9,24.3,2.2,54.6,28,1,51.9,307,280,256,333,44,18,15,192,16,13,240,51,54,128,74,5,8,99,12,70,1,136,102,18,21,115,3,22,20,4,1,112.5,110.0,2.6,0.594,0.559,0.3,0.184,0.159,0.168,100.98,2024-25
1631246,Vince Williams Jr.,Vince,1610612763,MEM,24.0,27,10,17,0.37,18.5,2.5,6.2,0.401,1.0,3.5,0.274,0.7,0.9,0.792,0.8,2.8,3.6,2.0,1.2,0.4,0.3,0.3,1.7,1.3,6.6,0.2,14.9,1,0,14.7,421,419,360,411,312,312,282,443,274,207,419,342,356,232,258,219,233,204,192,388,304,339,258,249,313,220,322,198,44,315,1,117.4,116.2,1.2,0.504,0.479,0.166,0.14,0.096,0.065,105.23,2024-25
1628427,Vlatko Cancar,Vlatko,1610612743,DEN,28.0,13,2,11,0.154,10.4,0.8,2.0,0.385,0.3,1.2,0.267,0.0,0.0,0.0,0.5,2.0,2.5,0.7,0.8,0.2,0.2,0.2,0.8,0.3,1.8,-1.4,6.1,0,0,6.1,489,525,425,539,451,501,492,473,412,402,425,544,548,544,404,339,366,448,299,486,408,439,466,505,511,377,486,281,44,480,1,93.5,100.3,-6.9,0.462,0.462,0.109,0.095,0.102,0.062,102.84,2024-25
1630249,Vít Krejčí,Vít,1610612737,ATL,25.0,57,28,29,0.491,20.2,2.5,5.1,0.497,1.6,3.6,0.437,0.6,0.8,0.711,0.4,2.4,2.7,2.6,0.9,0.6,0.5,0.1,1.8,0.7,7.2,-1.2,16.8,1,0,16.3,232,220,188,295,267,303,323,139,156,197,23,387,379,382,434,291,337,154,285,287,183,448,207,384,283,358,286,198,44,282,1,109.7,111.6,-1.9,0.661,0.651,0.131,0.175,0.067,0.086,102.63,2024-25
1631117,Walker Kessler,Walker,1610612762,UTA,23.0,58,14,44,0.241,30.0,4.8,7.2,0.663,0.1,0.6,0.176,1.4,2.6,0.52,4.6,7.6,12.2,1.7,1.5,0.6,2.4,0.7,2.2,2.2,11.1,-5.7,35.7,28,0,31.0,223,364,42,500,101,131,231,19,475,480,483,190,114,504,1,12,5,261,142,291,2,90,113,122,159,533,59,22,44,83,1,109.2,118.3,-9.1,0.66,0.671,0.133,0.083,0.19,0.127,100.8,2024-25
1628976,Wendell Carter Jr.,Wendell,1610612753,ORL,26.0,68,31,37,0.456,25.9,3.3,7.2,0.46,0.5,2.3,0.234,1.9,2.6,0.737,2.2,5.0,7.2,2.0,1.1,0.8,0.6,0.5,2.9,2.6,9.1,-0.2,23.7,10,0,21.6,138,186,96,338,167,220,232,241,359,314,454,127,117,338,47,58,50,218,215,215,118,204,19,94,218,250,158,62,44,176,1,107.8,107.8,0.0,0.544,0.498,0.159,0.117,0.14,0.099,97.19,2024-25
1631111,Wendell Moore Jr.,Wendell,1610612766,CHA,23.0,36,11,25,0.306,13.9,1.6,3.5,0.468,0.4,1.1,0.341,0.5,0.6,0.818,0.8,1.8,2.6,1.2,0.8,0.6,0.1,0.3,0.9,0.5,4.2,-3.7,10.4,1,0,9.8,370,407,256,452,388,407,413,219,398,405,273,400,428,169,249,362,352,349,323,325,424,270,453,437,416,487,410,198,44,410,2,99.6,112.0,-12.4,0.553,0.524,0.133,0.13,0.09,0.083,100.73,2024-25
1630214,Xavier Tillman,Xavier,1610612738,BOS,26.0,33,26,7,0.788,7.0,0.4,1.6,0.245,0.2,1.0,0.156,0.1,0.1,0.75,0.3,1.0,1.3,0.2,0.4,0.3,0.2,0.1,0.5,0.2,1.0,-0.4,3.9,0,0,3.7,390,240,467,38,500,545,521,547,464,436,488,537,539,310,472,460,480,544,451,434,412,461,504,538,540,268,525,281,44,525,1,106.6,108.9,-2.3,0.31,0.292,0.125,0.043,0.091,0.022,97.6,2024-25
1642530,Yuki Kawamura,Yuki,1610612763,MEM,24.0,22,17,5,0.773,4.2,0.5,1.4,0.367,0.3,1.0,0.304,0.3,0.4,0.778,0.0,0.5,0.5,0.9,0.2,0.1,0.0,0.0,0.4,0.3,1.6,1.2,3.6,0,0,3.5,441,323,495,50,544,533,532,494,410,416,375,464,473,252,548,530,547,421,515,531,519,522,529,517,521,156,531,281,44,529,1,114.6,102.5,12.1,0.53,0.483,0.167,0.257,0.063,0.086,106.19,2024-25
1641879,Yuri Collins,Yuri,1610612744,GSW,24.0,2,2,0,1.0,8.2,0.5,1.5,0.333,0.0,0.0,0.0,0.0,0.0,0.0,1.0,0.5,1.5,2.0,0.0,1.0,0.0,0.0,2.5,0.5,1.0,-2.5,8.8,0,0,6.5,557,525,561,1,480,533,525,514,499,542,499,544,548,544,183,534,453,208,551,101,519,522,57,442,541,439,445,281,44,476,1,94.4,111.4,-17.0,0.333,0.333,0.068,0.333,0.079,0.048,104.54,2024-25
1642274,Yves Missi,Yves,1610612740,NOP,21.0,73,19,54,0.26,26.8,3.7,6.7,0.547,0.0,0.0,0.0,1.7,2.8,0.623,3.5,4.7,8.2,1.4,1.1,0.5,1.3,0.9,2.0,2.3,9.1,-7.0,25.4,14,0,22.4,86,302,8,485,154,190,255,70,499,541,499,135,108,473,9,71,28,316,218,352,21,46,172,119,217,548,135,40,44,159,1,107.8,120.5,-12.7,0.572,0.547,0.141,0.072,0.149,0.09,99.85,2024-25
1642258,Zaccharie Risacher,Zaccharie,1610612737,ATL,20.0,75,38,37,0.507,24.6,4.8,10.4,0.458,1.6,4.6,0.355,1.4,2.0,0.711,1.1,2.4,3.6,1.2,1.2,0.7,0.5,0.7,2.0,1.4,12.6,-1.6,21.0,1,0,21.4,59,110,96,264,188,135,120,248,150,136,228,180,172,381,154,280,238,339,191,250,159,91,171,217,131,389,197,198,44,179,1,112.3,115.0,-2.7,0.558,0.537,0.203,0.068,0.071,0.071,104.57,2024-25
1628380,Zach Collins,Zach,1610612741,CHI,27.0,64,34,30,0.531,15.3,2.4,4.7,0.507,0.5,1.7,0.302,1.1,1.2,0.885,1.6,2.9,4.5,1.7,0.9,0.5,0.5,0.3,2.1,1.3,6.4,-0.5,16.1,4,0,14.9,170,157,176,246,360,329,351,115,366,371,378,243,276,59,88,207,157,250,269,381,185,305,160,242,330,278,297,116,44,307,2,109.4,109.9,-0.4,0.605,0.56,0.166,0.162,0.136,0.106,102.77,2024-25
1641744,Zach Edey,Zach,1610612763,MEM,23.0,66,35,31,0.53,21.5,3.8,6.6,0.58,0.3,0.8,0.346,1.4,1.9,0.709,3.5,4.8,8.3,1.0,1.3,0.5,1.3,0.5,2.8,1.8,9.2,2.5,24.9,12,0,22.5,156,149,158,248,243,178,263,51,428,457,255,189,178,387,8,67,27,398,169,336,24,195,30,159,214,107,142,53,44,158,1,116.8,111.5,5.3,0.624,0.6,0.156,0.059,0.179,0.111,104.2,2024-25
203897,Zach LaVine,Zach,1610612758,SAC,30.0,74,32,42,0.432,35.2,8.4,16.5,0.511,3.2,7.2,0.446,3.2,3.9,0.825,0.3,4.0,4.3,4.2,2.8,0.8,0.2,0.6,1.6,3.1,23.3,-0.9,34.7,6,0,36.9,71,179,47,363,22,24,41,105,13,31,18,63,68,153,474,104,173,80,33,207,402,110,268,67,29,328,65,93,44,45,2,115.4,116.8,-1.4,0.639,0.609,0.251,0.178,0.059,0.115,101.28,2024-25
1630192,Zeke Nnaji,Zeke,1610612743,DEN,24.0,57,36,21,0.632,10.7,1.2,2.5,0.496,0.3,0.9,0.327,0.5,0.8,0.614,0.6,1.0,1.6,0.4,0.2,0.4,0.7,0.2,1.1,0.7,3.2,-0.4,8.8,0,0,7.7,232,136,297,115,447,459,476,140,419,443,316,414,385,480,341,460,446,508,511,393,96,371,402,399,461,273,446,281,44,460,1,107.3,108.9,-1.6,0.574,0.557,0.119,0.051,0.067,0.063,102.16,2024-25
1630533,Ziaire Williams,Ziaire,1610612751,BKN,23.0,63,22,41,0.349,24.5,3.4,8.3,0.412,1.6,4.8,0.341,1.6,2.0,0.821,1.0,3.6,4.6,1.3,1.1,1.0,0.4,0.6,2.4,1.8,10.0,-5.2,20.7,2,0,20.4,185,274,54,433,192,210,181,413,149,125,275,156,175,165,200,129,153,322,233,116,192,126,80,151,192,521,205,159,44,192,1,106.5,116.2,-9.7,0.55,0.511,0.179,0.086,0.093,0.081,97.77,2024-25
1629627,Zion Williamson,Zion,1610612740,NOP,24.0,30,10,20,0.333,28.6,9.6,16.9,0.567,0.1,0.4,0.231,5.3,8.0,0.656,2.5,4.7,7.2,5.3,3.0,1.2,0.9,2.0,2.7,5.7,24.6,-1.4,44.6,8,2,41.4,409,419,318,437,118,5,34,58,476,488,456,14,5,455,33,74,52,42,17,51,61,1,35,8,17,378,14,77,15,21,1,113.7,115.5,-1.8,0.6,0.57,0.325,0.325,0.116,0.167,103.3,2024-25
1642389,Zyon Pullin,Zyon,1610612763,MEM,24.0,3,1,2,0.333,0.9,0.0,0.3,0.0,0.0,0.0,0.0,0.0,0.0,0.0,0.0,0.0,0.0,0.0,0.0,0.0,0.0,0.0,0.0,0.0,0.0,0.3,0.0,0,0,0.0,549,539,532,437,569,558,562,558,499,542,499,544,548,544,548,564,565,558,551,541,519,522,554,556,561,210,569,281,44,569,1,83.3,66.7,16.7,0.0,0.0,0.167,0.0,0.0,-0.087,110.7,2024-25
1630639,A.J. Lawson,A.J.,1610612761,TOR,25.0,24,12,12,0.5,9.4,1.4,3.3,0.436,0.8,1.9,0.422,0.6,0.8,0.778,0.4,1.4,1.8,0.3,0.3,0.5,0.2,0.2,1.1,0.6,4.2,-0.4,8.5,0,0,8.4,433,395,419,303,486,454,442,363,316,362,53,413,425,284,450,423,443,554,529,373,399,445,439,450,445,286,481,284,38,467,1,107.6,110.7,-3.1,0.588,0.558,0.172,0.046,0.096,0.091,99.45,2025-26
1631260,AJ Green,AJ,1610612749,MIL,26.0,78,31,47,0.397,29.1,3.4,7.9,0.424,3.0,7.1,0.419,0.7,0.8,0.855,0.4,2.4,2.7,1.9,1.0,0.5,0.1,0.2,2.3,1.0,10.4,-1.9,17.4,0,0,19.2,28,188,32,387,109,237,211,403,18,28,59,377,415,124,452,282,337,245,279,373,464,439,121,335,201,398,292,284,38,231,1,113.1,116.7,-3.6,0.627,0.612,0.135,0.09,0.046,0.058,99.28,2025-26
1642358,AJ Johnson,AJ,1610612742,DAL,21.0,48,9,39,0.188,9.4,1.2,3.7,0.324,0.3,1.2,0.211,0.7,0.8,0.85,0.3,0.9,1.1,1.0,0.6,0.2,0.1,0.5,0.6,0.6,3.3,-1.1,6.4,0,0,6.3,310,432,76,538,485,486,421,552,456,436,487,368,403,132,487,506,510,409,398,508,503,178,520,456,475,339,502,284,38,501,2,105.7,112.1,-6.4,0.413,0.358,0.195,0.151,0.057,0.045,102.05,2025-26
203932,Aaron Gordon,Aaron,1610612743,DEN,30.0,36,27,9,0.75,27.9,5.5,11.1,0.497,1.7,4.4,0.389,3.5,4.5,0.767,1.4,4.4,5.8,2.7,1.1,0.6,0.3,0.4,1.7,3.4,16.2,7.6,28.7,4,0,28.1,384,225,455,46,129,101,119,168,128,151,123,54,52,309,115,82,82,162,246,325,295,254,274,66,88,12,113,114,38,111,1,124.7,112.0,12.7,0.62,0.574,0.213,0.13,0.102,0.117,99.99,2025-26
1628988,Aaron Holiday,Aaron,1610612745,HOU,29.0,57,38,19,0.667,13.7,1.8,4.4,0.417,1.2,3.0,0.394,0.6,0.7,0.854,0.2,0.8,1.0,1.1,0.7,0.5,0.1,0.1,1.3,0.8,5.5,2.3,9.3,0,0,9.8,235,128,333,106,414,402,385,434,223,259,110,402,431,127,516,518,525,387,379,398,483,491,405,393,386,115,457,284,38,430,1,114.6,106.3,8.3,0.578,0.55,0.159,0.105,0.035,0.063,99.63,2025-26
1630174,Aaron Nesmith,Aaron,1610612754,IND,26.0,45,10,35,0.222,29.7,4.7,11.4,0.414,2.3,6.2,0.379,2.0,2.5,0.829,1.1,3.1,4.2,1.9,1.4,0.6,0.5,0.8,2.8,2.6,13.8,-4.5,23.5,0,0,24.4,331,411,112,514,97,142,110,445,61,59,157,128,146,174,177,187,185,249,173,328,152,53,43,115,121,513,172,284,38,151,1,111.1,118.4,-7.3,0.554,0.517,0.19,0.091,0.067,0.067,103.09,2025-26
1630598,Aaron Wiggins,Aaron,1610612760,OKC,27.0,65,50,15,0.769,21.8,3.6,8.2,0.431,1.5,4.2,0.356,0.8,1.1,0.736,0.6,2.4,3.1,1.7,1.2,0.9,0.4,0.4,1.3,0.9,9.4,2.7,18.4,0,0,18.3,166,32,382,34,250,220,197,381,163,167,235,340,338,365,335,273,293,277,212,150,187,222,402,373,227,97,269,284,38,257,1,112.8,106.7,6.2,0.538,0.521,0.194,0.11,0.066,0.082,101.47,2025-26
1642846,Ace Bailey,Ace,1610612762,UTA,19.0,72,19,53,0.264,27.6,5.5,12.4,0.443,1.9,5.5,0.344,0.9,1.2,0.75,1.4,2.8,4.2,1.8,1.5,0.8,0.7,0.4,2.7,1.2,13.8,-6.2,24.6,1,0,24.7,84,316,12,479,137,102,87,340,102,82,275,317,314,333,109,234,182,260,157,199,105,236,49,299,122,543,157,201,38,143,1,109.8,120.4,-10.7,0.533,0.52,0.21,0.098,0.072,0.069,104.58,2025-26
1642380,Adama Bal,Adama,1610612763,MEM,22.0,8,1,7,0.125,30.2,3.5,8.5,0.412,2.3,5.5,0.409,1.1,1.3,0.9,0.8,2.4,3.1,2.4,0.8,1.1,0.1,0.5,3.4,1.4,10.4,-20.8,20.7,0,0,20.6,515,549,475,559,87,224,189,449,66,83,73,265,303,53,286,279,288,199,360,85,444,178,11,254,200,581,223,284,38,210,1,99.6,130.0,-30.3,0.573,0.544,0.134,0.119,0.049,0.052,105.82,2025-26
1641737,Adem Bona,Adem,1610612755,PHI,23.0,71,41,30,0.577,17.4,1.8,3.1,0.595,0.0,0.1,0.333,1.1,1.6,0.708,1.8,2.5,4.3,0.5,0.8,0.4,1.2,0.4,2.2,1.4,4.8,-0.1,14.7,1,0,12.8,98,97,172,206,337,400,453,59,506,534,302,264,250,416,79,261,176,522,346,424,31,265,159,247,409,268,347,201,38,376,1,113.1,112.9,0.3,0.638,0.6,0.108,0.034,0.119,0.069,102.35,2025-26
1642876,Adou Thiero,Adou,1610612747,LAL,22.0,25,15,10,0.6,6.0,0.6,1.2,0.516,0.0,0.1,0.333,0.6,0.9,0.636,0.4,0.8,1.1,0.4,0.4,0.3,0.1,0.2,0.8,0.6,1.9,-1.3,4.5,0,0,4.2,429,365,440,174,543,547,559,122,502,528,302,420,393,486,456,524,516,530,495,488,488,415,500,443,538,355,542,284,38,543,1,109.2,122.4,-13.2,0.578,0.532,0.143,0.094,0.104,0.054,100.41,2025-26
1642349,Ajay Mitchell,Ajay,1610612760,OKC,24.0,57,50,7,0.877,25.8,5.0,10.4,0.485,1.1,3.1,0.347,2.5,2.8,0.87,0.7,2.6,3.3,3.6,1.4,1.2,0.3,0.5,2.1,2.6,13.6,8.8,26.3,1,0,24.7,235,32,475,5,172,126,134,197,251,245,268,95,118,98,314,245,264,97,169,59,265,207,180,104,129,6,138,201,38,144,1,118.2,102.5,15.6,0.585,0.536,0.21,0.194,0.062,0.116,102.48,2025-26
201143,Al Horford,Al,1610612744,GSW,40.0,45,22,23,0.489,21.5,3.1,7.2,0.426,1.6,4.6,0.361,0.5,0.6,0.846,1.0,3.9,4.9,2.6,0.9,0.7,1.1,0.2,1.1,0.5,8.3,-0.2,22.4,0,0,21.0,331,277,275,334,255,272,242,394,138,135,219,441,462,136,206,119,147,177,286,276,32,464,437,485,271,277,188,284,38,204,1,112.7,113.5,-0.9,0.554,0.54,0.163,0.171,0.111,0.104,101.08,2025-26
1630828,Alex Antetokounmpo,Alex,1610612749,MIL,24.0,6,2,4,0.333,3.4,0.5,1.3,0.375,0.3,1.2,0.286,1.8,2.5,0.733,0.3,0.7,1.0,0.2,0.2,0.0,0.2,0.0,0.2,1.2,3.2,0.8,5.0,0,0,5.0,527,526,509,419,572,554,555,513,429,437,428,152,136,370,467,534,526,569,548,564,399,540,577,303,483,191,535,284,38,522,1,102.2,89.4,12.8,0.651,0.5,0.314,0.083,0.113,0.196,108.15,2025-26
1627936,Alex Caruso,Alex,1610612760,OKC,32.0,56,47,9,0.839,18.2,2.3,5.4,0.423,0.9,3.2,0.293,0.7,0.9,0.804,0.5,2.3,2.8,2.0,0.9,1.3,0.3,0.2,1.2,1.0,6.2,6.8,16.4,0,0,15.1,247,44,455,9,327,357,334,405,286,230,422,364,381,221,379,295,330,242,315,54,275,403,417,356,349,22,310,284,38,324,1,116.9,99.3,17.6,0.54,0.512,0.152,0.145,0.073,0.093,102.74,2025-26
1631457,Alex Morales,Alex,1610612753,ORL,28.0,4,3,1,0.75,5.9,0.8,1.8,0.429,0.0,0.3,0.0,0.5,0.5,1.0,0.3,0.5,0.8,1.0,1.0,0.0,0.0,0.3,1.8,0.3,2.0,2.0,3.4,0,0,3.8,551,503,556,46,545,528,538,385,517,518,517,435,481,1,504,550,550,394,257,564,524,372,266,531,531,120,560,284,38,553,1,120.4,104.1,16.3,0.508,0.429,0.203,0.19,0.073,-0.006,99.73,2025-26
1642259,Alex Sarr,Alex,1610612764,WAS,21.0,48,11,37,0.229,27.2,6.6,13.7,0.482,1.0,3.1,0.333,2.1,3.0,0.692,2.2,5.2,7.4,2.7,1.7,0.8,2.0,1.3,2.2,2.6,16.3,-7.3,35.9,12,0,33.0,310,406,93,510,145,60,62,206,257,241,302,122,102,437,51,47,45,160,121,204,2,6,148,106,86,557,47,47,38,62,1,108.0,120.4,-12.4,0.544,0.52,0.252,0.161,0.126,0.121,103.35,2025-26
1642918,Alijah Martin,Alijah,1610612761,TOR,24.0,23,10,13,0.435,6.3,0.7,2.2,0.32,0.2,0.9,0.19,0.7,0.8,0.789,0.4,0.5,0.9,0.5,0.3,0.3,0.2,0.1,0.5,0.5,2.2,-0.6,5.3,0,0,4.9,436,411,409,365,537,538,520,554,474,465,496,390,405,250,440,549,539,508,498,461,392,486,540,466,524,300,528,284,38,528,1,101.3,107.1,-5.8,0.437,0.36,0.185,0.129,0.068,0.062,98.07,2025-26
1631214,Alondes Williams,Alondes,1610612764,WAS,27.0,4,2,2,0.5,25.2,4.0,6.5,0.615,1.3,3.5,0.357,1.8,2.0,0.875,1.3,5.0,6.3,3.0,1.3,0.8,0.8,0.0,1.0,1.5,11.0,8.8,26.3,1,0,24.5,551,526,540,303,184,190,278,44,206,209,232,164,189,87,137,55,72,138,207,234,85,540,462,226,187,7,140,201,38,146,1,122.5,106.9,15.6,0.745,0.712,0.141,0.14,0.128,0.133,103.59,2025-26
1630578,Alperen Sengun,Alperen,1610612745,HOU,23.0,72,46,26,0.639,33.3,8.1,15.6,0.519,0.6,1.8,0.305,3.6,5.2,0.691,3.0,5.9,8.9,6.2,3.2,1.2,1.1,0.9,3.3,5.1,20.4,2.8,43.9,34,4,40.5,84,52,232,140,32,23,39,119,380,373,397,50,39,438,22,28,22,25,16,73,38,42,15,18,39,92,16,9,7,22,1,117.1,113.7,3.4,0.569,0.537,0.259,0.282,0.133,0.142,98.02,2025-26
1642873,Amari Williams,Amari,1610612738,BOS,24.0,22,15,7,0.682,6.6,0.5,0.9,0.5,0.0,0.0,0.0,0.5,0.6,0.714,0.4,1.4,1.8,0.5,0.5,0.1,0.5,0.1,0.9,0.6,1.4,-2.6,5.5,0,0,4.8,440,365,475,94,531,561,571,156,517,548,517,454,448,400,426,425,440,520,444,543,178,507,486,438,556,437,524,284,38,529,1,89.0,106.4,-17.4,0.573,0.5,0.103,0.116,0.12,0.079,102.44,2025-26
1641708,Amen Thompson,Amen,1610612745,HOU,23.0,79,49,30,0.62,37.4,7.1,13.2,0.534,0.3,1.5,0.216,3.8,4.9,0.779,3.0,4.8,7.8,5.3,2.4,1.5,0.6,0.9,2.2,3.7,18.3,4.7,39.5,20,0,35.9,25,37,172,160,2,46,71,99,438,407,483,45,44,281,23,65,35,45,52,24,126,44,140,48,60,49,35,21,38,41,1,117.0,110.4,6.6,0.594,0.545,0.195,0.202,0.101,0.128,98.4,2025-26
1629599,Amir Coffey,Amir,1610612756,PHX,29.0,46,20,26,0.435,10.7,1.2,2.5,0.487,0.4,1.1,0.347,0.5,0.6,0.786,0.4,0.8,1.2,0.6,0.2,0.2,0.1,0.0,0.7,0.5,3.2,-0.7,6.3,0,0,6.0,324,302,232,365,468,483,495,192,426,452,266,446,456,264,424,511,498,491,545,526,456,533,516,487,482,309,504,284,38,507,2,107.6,109.8,-2.2,0.594,0.562,0.117,0.076,0.057,0.068,98.4,2025-26
1643158,Andersson Garcia,Andersson,1610612762,UTA,25.0,5,1,4,0.2,33.8,1.8,5.8,0.31,0.2,2.6,0.077,1.4,1.8,0.778,3.4,5.0,8.4,2.8,1.4,1.6,0.8,0.6,3.2,2.6,5.2,-7.4,25.3,0,0,21.4,539,549,509,526,23,408,310,558,466,297,515,209,219,284,11,55,28,150,173,16,75,125,21,107,397,560,148,284,38,195,1,105.8,115.6,-9.8,0.394,0.328,0.094,0.107,0.117,0.052,103.68,2025-26
203083,Andre Drummond,Andre,1610612755,PHI,32.0,63,33,30,0.524,19.5,2.5,5.3,0.472,0.5,1.4,0.356,0.8,1.3,0.631,3.2,5.3,8.4,1.3,1.0,0.6,0.8,0.3,2.0,1.3,6.4,-1.4,21.6,17,0,19.4,194,175,172,284,305,326,335,239,391,412,235,334,290,491,15,45,27,351,278,316,80,296,213,263,343,359,207,30,38,226,1,110.3,113.6,-3.2,0.539,0.519,0.143,0.09,0.202,0.113,100.54,2025-26
1641748,Andre Jackson Jr.,Andre,1610612749,MIL,24.0,48,12,36,0.25,8.5,0.8,2.5,0.328,0.3,1.3,0.25,0.4,0.7,0.625,0.5,1.0,1.5,0.9,0.6,0.4,0.1,0.1,0.9,0.6,2.4,-1.5,6.3,0,0,6.0,310,395,102,485,508,522,493,549,439,430,458,465,439,492,375,492,478,429,391,437,485,488,481,456,518,367,505,284,38,508,1,103.2,110.6,-7.5,0.425,0.391,0.17,0.16,0.09,0.044,100.27,2025-26
1629614,Andrew Nembhard,Andrew,1610612754,IND,26.0,57,13,44,0.228,31.3,5.8,13.2,0.442,1.9,5.2,0.361,3.4,4.1,0.825,0.4,2.4,2.8,7.7,2.4,0.9,0.1,0.7,2.2,3.3,16.9,-6.9,32.5,13,0,31.4,235,384,43,511,60,82,72,342,108,102,218,57,58,187,413,280,324,9,53,166,430,96,141,70,76,550,76,42,38,76,1,109.3,119.3,-10.0,0.564,0.513,0.233,0.37,0.044,0.111,102.27,2025-26
203952,Andrew Wiggins,Andrew,1610612748,MIA,31.0,68,35,33,0.515,30.3,5.7,12.1,0.475,2.0,4.9,0.414,1.9,2.4,0.784,1.7,3.1,4.8,2.7,1.5,1.1,1.0,0.6,2.3,1.9,15.4,0.1,30.1,2,0,29.2,135,162,135,290,82,87,92,229,81,116,63,148,157,270,83,182,148,161,148,87,40,124,122,180,93,241,99,159,38,97,1,113.7,113.9,-0.1,0.586,0.559,0.194,0.123,0.074,0.092,104.97,2025-26
1629014,Anfernee Simons,Anfernee,1610612741,CHI,27.0,55,31,24,0.564,24.9,5.2,11.8,0.44,2.7,6.9,0.385,1.3,1.4,0.896,0.6,1.9,2.5,2.4,1.2,0.5,0.1,0.5,1.7,1.1,14.3,1.8,21.5,0,0,23.1,258,188,258,227,191,121,98,349,36,34,137,237,282,59,354,351,375,193,214,392,422,176,278,317,109,134,208,284,38,165,2,116.9,114.0,3.0,0.576,0.552,0.227,0.151,0.047,0.096,97.42,2025-26
1641710,Anthony Black,Anthony,1610612753,ORL,22.0,64,36,28,0.563,29.8,5.4,12.1,0.447,1.6,4.7,0.333,2.6,3.6,0.732,0.7,3.1,3.8,3.7,2.1,1.4,0.7,0.8,2.7,2.9,15.0,-0.2,29.4,2,0,28.3,180,151,205,229,93,107,93,325,143,126,302,87,76,375,299,188,220,92,76,36,98,46,54,80,101,280,106,159,38,107,1,113.3,113.1,0.2,0.549,0.512,0.219,0.185,0.062,0.09,101.05,2025-26
203076,Anthony Davis,Anthony,1610612764,WAS,33.0,20,10,10,0.5,31.3,8.5,16.7,0.506,0.5,1.9,0.27,3.0,4.1,0.728,3.1,8.0,11.1,2.8,2.1,1.1,1.7,0.7,2.1,4.4,20.4,-2.5,44.0,13,0,40.2,449,411,440,303,63,21,27,145,393,366,444,73,63,381,18,8,8,150,77,95,9,88,173,33,40,423,13,42,38,24,1,110.0,114.6,-4.6,0.551,0.521,0.272,0.14,0.172,0.151,101.27,2025-26
1630162,Anthony Edwards,Anthony,1610612750,MIN,24.0,61,37,24,0.607,35.0,9.9,20.2,0.489,3.4,8.4,0.399,5.7,7.2,0.796,0.6,4.4,5.0,3.7,2.9,1.4,0.8,0.5,1.9,4.5,28.8,2.7,43.9,2,0,45.1,210,136,258,170,10,7,4,187,6,11,99,17,14,237,343,85,141,90,26,44,74,198,226,29,3,100,15,159,38,10,1,117.8,114.3,3.5,0.617,0.572,0.309,0.174,0.069,0.145,101.5,2025-26
1630264,Anthony Gill,Anthony,1610612764,WAS,33.0,55,6,49,0.109,17.3,2.5,3.9,0.628,0.3,0.9,0.354,0.6,0.8,0.739,1.1,1.8,2.9,1.3,0.7,0.6,0.4,0.4,1.6,1.1,5.8,-5.3,13.3,0,0,12.2,258,461,19,561,342,334,410,37,441,470,242,400,402,362,182,365,319,353,387,340,222,237,312,330,364,532,371,284,38,384,1,107.0,121.4,-14.4,0.682,0.667,0.116,0.101,0.084,0.08,104.11,2025-26
1641810,Antonio Reeves,Antonio,1610612766,CHA,25.0,10,4,6,0.4,6.8,1.0,2.0,0.5,0.7,1.3,0.538,0.0,0.0,0.0,0.2,0.6,0.8,0.3,0.1,0.1,0.0,0.1,0.3,0.0,2.7,2.9,4.3,0,0,4.7,500,487,485,384,530,500,527,156,337,429,11,563,564,563,531,541,548,551,558,554,524,500,564,571,507,90,546,284,38,532,1,115.0,95.4,19.7,0.675,0.675,0.133,0.068,0.062,0.099,93.27,2025-26
1630574,Ariel Hukporti,Ariel,1610612752,NYK,24.0,54,35,19,0.648,9.2,0.8,1.5,0.563,0.0,0.1,0.25,0.5,0.6,0.788,1.0,1.9,2.9,0.5,0.6,0.2,0.5,0.1,1.2,0.6,2.2,0.6,7.9,0,0,7.0,266,162,333,131,490,518,552,79,510,535,458,445,454,257,186,350,312,504,409,531,167,470,413,447,527,205,489,284,38,495,1,106.8,103.8,3.1,0.619,0.569,0.104,0.08,0.148,0.084,100.1,2025-26
1642854,Asa Newell,Asa,1610612737,ATL,20.0,44,23,21,0.523,11.4,2.1,3.8,0.538,0.7,1.7,0.387,0.4,0.7,0.552,1.0,1.2,2.2,0.6,0.5,0.4,0.3,0.3,1.5,0.7,5.2,-1.0,10.3,2,0,10.0,336,268,305,286,457,378,412,96,350,387,129,478,445,522,193,454,405,490,436,451,243,315,350,415,403,334,433,159,38,425,1,110.2,114.0,-3.8,0.624,0.624,0.16,0.072,0.091,0.074,105.72,2025-26
1641709,Ausar Thompson,Ausar,1610612765,DET,23.0,73,53,20,0.726,26.0,4.2,7.9,0.525,0.1,0.3,0.25,1.5,2.6,0.571,2.1,3.7,5.7,3.1,1.5,2.0,0.9,0.6,2.7,2.1,9.9,5.4,28.8,3,0,24.7,78,19,322,69,170,180,212,108,495,513,458,198,134,514,58,139,85,130,149,4,52,139,45,150,219,37,111,128,38,145,1,118.8,107.2,11.6,0.545,0.53,0.168,0.155,0.108,0.101,100.86,2025-26
1630559,Austin Reaves,Austin,1610612747,LAL,28.0,51,36,15,0.706,34.5,7.3,14.9,0.49,2.3,6.4,0.36,6.3,7.3,0.871,0.6,4.1,4.7,5.5,3.0,1.1,0.4,0.7,2.2,5.4,23.3,3.6,38.7,6,0,38.8,291,151,382,82,16,38,47,185,62,51,223,10,13,97,328,103,155,38,21,96,212,78,157,14,24,70,37,84,38,31,1,117.3,112.3,5.0,0.641,0.567,0.258,0.237,0.071,0.137,100.41,2025-26
1630245,Ayo Dosunmu,Ayo,1610612750,MIN,26.0,69,36,33,0.522,27.3,5.6,10.8,0.517,1.8,4.1,0.439,1.8,2.1,0.876,0.7,2.8,3.4,3.6,1.4,0.8,0.3,0.8,1.9,1.5,14.8,-1.0,26.3,2,1,25.8,118,151,135,287,140,96,124,121,118,175,35,151,182,86,318,232,254,98,176,198,306,47,236,232,104,333,139,159,23,129,2,111.7,113.2,-1.5,0.63,0.599,0.197,0.202,0.059,0.114,103.16,2025-26
1628389,Bam Adebayo,Bam,1610612748,MIA,28.0,73,37,36,0.507,32.4,6.9,15.7,0.442,1.7,5.5,0.318,4.5,5.8,0.778,2.0,8.0,10.0,3.2,1.6,1.2,0.7,0.5,1.7,4.6,20.1,4.5,40.8,35,0,38.8,78,136,102,301,45,52,37,343,124,86,369,36,30,284,60,7,15,129,130,75,109,177,292,26,43,51,25,8,38,32,1,117.1,111.0,6.1,0.551,0.497,0.248,0.142,0.146,0.138,103.89,2025-26
1631248,Baylor Scheierman,Baylor,1610612738,BOS,25.0,77,54,23,0.701,18.6,2.0,4.3,0.453,1.3,3.2,0.399,0.4,0.4,0.903,0.7,2.8,3.5,1.5,0.6,0.5,0.1,0.1,1.4,0.9,5.5,2.6,13.3,4,0,13.1,37,13,275,83,318,389,387,301,205,239,97,478,503,49,297,233,244,302,406,355,490,528,369,360,381,107,372,114,38,368,1,116.3,109.0,7.3,0.616,0.599,0.117,0.108,0.089,0.085,96.77,2025-26
1642879,Ben Saraf,Ben,1610612751,BKN,20.0,44,10,34,0.227,20.8,2.7,6.9,0.396,0.4,2.0,0.211,1.7,2.0,0.83,0.5,1.6,2.1,3.3,2.3,0.9,0.2,1.1,1.8,1.6,7.5,-5.4,15.9,0,0,15.5,336,411,125,513,272,306,252,486,411,344,486,177,189,171,406,399,412,119,64,184,382,19,250,218,300,535,325,284,38,318,1,103.6,116.0,-12.5,0.486,0.427,0.202,0.244,0.052,0.06,100.13,2025-26
1641767,Ben Sheppard,Ben,1610612754,IND,24.0,65,16,49,0.246,21.4,2.6,6.0,0.434,1.3,3.6,0.362,0.6,0.8,0.765,0.7,2.3,3.0,1.8,0.6,0.6,0.1,0.4,1.8,0.7,7.1,-4.1,14.7,0,0,14.5,166,348,19,495,259,319,305,374,197,202,214,405,419,315,325,286,301,270,394,317,476,256,264,432,322,502,346,284,38,340,1,107.1,116.0,-8.8,0.561,0.543,0.131,0.112,0.065,0.066,104.23,2025-26
1631097,Bennedict Mathurin,Bennedict,1610612746,LAC,24.0,54,22,32,0.407,30.0,5.4,12.5,0.43,1.4,4.4,0.315,5.4,6.2,0.869,1.0,4.4,5.4,2.4,2.2,0.8,0.2,0.6,2.5,4.4,17.6,-2.7,28.6,3,0,28.9,266,277,149,380,89,108,82,384,181,147,378,18,21,100,191,81,108,196,69,214,327,131,75,30,66,440,114,128,38,100,2,111.4,115.3,-3.9,0.575,0.485,0.246,0.123,0.088,0.105,101.15,2025-26
1643016,Bez Mbeng,Bez,1610612762,UTA,23.0,15,2,13,0.133,32.8,3.3,6.7,0.5,0.4,2.1,0.194,1.1,1.7,0.64,1.2,2.6,3.8,4.1,1.5,2.3,0.3,0.3,3.1,1.9,8.1,-9.9,25.2,1,1,21.7,465,526,409,557,42,239,264,156,419,336,494,279,240,485,149,249,222,68,161,2,245,296,26,178,279,573,150,201,23,190,1,107.2,120.4,-13.2,0.55,0.53,0.106,0.158,0.054,0.06,107.42,2025-26
1641731,Bilal Coulibaly,Bilal,1610612764,WAS,21.0,56,14,42,0.25,26.2,4.1,9.7,0.425,1.2,3.6,0.319,2.4,3.2,0.746,0.9,3.5,4.3,2.6,1.4,1.3,1.0,0.6,2.3,2.4,11.7,-7.4,26.3,0,0,24.4,247,374,57,485,164,186,148,398,227,196,364,105,98,352,242,148,175,173,163,48,49,147,112,127,171,558,136,284,38,149,1,108.5,121.2,-12.8,0.531,0.485,0.193,0.137,0.077,0.082,104.43,2025-26
202687,Bismack Biyombo,Bismack,1610612759,SAS,33.0,25,20,5,0.8,5.7,0.4,0.6,0.6,0.0,0.0,0.0,0.2,0.3,0.714,0.2,0.8,1.0,0.2,0.3,0.2,0.1,0.1,1.1,0.3,0.9,-4.0,2.9,0,0,2.6,429,302,501,20,549,568,579,49,517,548,517,521,527,400,531,509,520,566,512,536,488,513,449,518,569,496,568,284,38,568,1,94.2,127.1,-32.9,0.636,0.6,0.082,0.056,0.1,0.024,99.67,2025-26
1642396,Blake Hinson,Blake,1610612762,UTA,26.0,14,4,10,0.286,20.4,4.2,8.2,0.513,2.6,5.6,0.468,0.9,1.1,0.75,0.8,1.6,2.4,1.1,0.4,0.4,0.1,0.3,1.7,1.0,11.9,3.2,17.6,0,0,19.1,472,487,440,454,286,173,198,133,38,80,25,329,332,333,274,406,382,372,496,454,423,328,276,341,163,78,286,284,38,237,1,114.5,107.8,6.7,0.684,0.674,0.175,0.077,0.053,0.101,104.01,2025-26
1631104,Blake Wesley,Blake,1610612757,POR,23.0,31,20,11,0.645,11.6,1.8,4.0,0.452,0.3,1.2,0.278,0.8,1.5,0.553,0.3,1.0,1.3,2.0,1.0,0.5,0.2,0.3,1.1,1.4,4.8,-2.5,10.3,0,0,9.7,407,302,432,135,450,407,403,307,437,439,438,335,260,521,502,477,495,233,257,368,406,311,446,248,410,425,431,284,38,434,1,104.4,113.0,-8.6,0.511,0.492,0.189,0.254,0.052,0.075,105.83,2025-26
1626171,Bobby Portis Jr.,Bobby,1610612749,MIL,31.0,67,26,41,0.388,24.2,5.5,11.2,0.488,2.0,4.4,0.456,0.7,1.0,0.706,1.3,5.1,6.4,1.6,1.0,0.6,0.2,0.3,1.6,1.0,13.7,-4.0,25.1,11,0,25.2,147,231,61,395,203,104,114,190,85,145,28,366,358,417,129,52,68,297,274,309,385,307,301,340,125,494,152,53,38,135,1,110.2,118.4,-8.2,0.587,0.578,0.225,0.103,0.129,0.122,98.78,2025-26
1641752,Bobi Klintman,Bobi,1610612765,DET,23.0,12,8,4,0.667,5.9,0.8,2.3,0.333,0.3,1.1,0.308,0.0,0.3,0.0,0.4,1.2,1.6,0.5,0.5,0.3,0.0,0.3,0.9,0.4,1.8,-0.4,4.7,0,0,4.8,485,440,509,106,544,528,514,539,429,451,388,563,529,563,423,456,468,510,444,498,524,296,477,498,540,289,539,284,38,531,1,92.5,96.8,-4.3,0.388,0.407,0.18,0.128,0.113,0.039,106.92,2025-26
203992,Bogdan Bogdanović,Bogdan,1610612746,LAC,33.0,23,8,15,0.348,19.7,2.6,6.6,0.388,1.4,4.1,0.347,0.9,1.1,0.8,0.3,2.3,2.6,2.2,1.2,0.4,0.1,0.3,2.0,1.2,7.4,-1.3,14.4,0,0,14.8,436,440,382,412,301,323,267,499,174,170,263,323,342,229,499,290,353,213,225,418,438,321,203,301,305,351,353,284,38,334,1,109.1,113.5,-4.4,0.525,0.497,0.185,0.184,0.066,0.069,96.68,2025-26
1630538,Bones Hyland,Bones,1610612750,MIN,25.0,71,42,29,0.592,16.6,3.0,6.6,0.453,1.6,4.2,0.388,0.9,1.2,0.78,0.3,1.5,1.8,2.6,1.0,0.6,0.2,0.4,1.7,1.1,8.5,1.7,16.2,0,0,16.3,98,87,189,190,358,289,273,304,139,160,127,320,328,278,477,418,445,168,273,307,329,233,286,324,260,137,311,284,38,294,1,113.8,108.6,5.2,0.599,0.577,0.197,0.222,0.051,0.101,102.82,2025-26
203078,Bradley Beal,Bradley,1610612746,LAC,33.0,6,2,4,0.333,20.2,3.0,8.0,0.375,1.2,3.2,0.368,1.0,1.3,0.75,0.3,0.5,0.8,1.7,1.5,0.5,0.0,0.2,2.3,1.8,8.2,-3.8,11.7,0,0,12.8,527,526,509,419,289,280,206,513,224,236,192,286,290,333,467,550,542,278,150,373,524,445,108,183,277,487,403,284,38,375,1,119.1,128.5,-9.3,0.476,0.448,0.224,0.106,0.022,0.018,97.65,2025-26
1642382,Branden Carlson,Branden,1610612760,OKC,27.0,42,32,10,0.762,11.6,2.3,4.4,0.527,0.7,2.0,0.36,0.4,0.6,0.577,0.7,2.3,3.0,0.7,0.4,0.2,0.6,0.3,0.9,0.5,5.8,-0.6,12.5,3,0,11.8,348,182,440,40,451,349,384,107,325,342,220,481,451,512,317,296,311,474,492,527,115,328,487,482,370,297,385,128,38,393,1,112.6,114.6,-2.0,0.613,0.61,0.185,0.086,0.121,0.109,102.2,2025-26
1641764,Brandin Podziemski,Brandin,1610612744,GSW,23.0,82,37,45,0.451,28.4,4.8,10.6,0.455,1.9,5.0,0.371,2.3,2.9,0.797,0.9,4.2,5.1,3.7,1.6,1.1,0.2,0.4,1.7,2.8,13.8,0.2,27.7,5,0,27.0,1,136,36,358,119,137,129,297,110,111,184,106,108,234,233,94,129,88,135,103,380,281,297,86,120,235,123,96,38,118,1,110.3,110.4,-0.1,0.583,0.543,0.196,0.198,0.087,0.114,101.31,2025-26
1629634,Brandon Clarke,Brandon,1610612763,MEM,29.0,2,1,1,0.5,10.2,1.5,4.5,0.333,0.0,0.0,0.0,1.0,2.0,0.5,2.0,1.0,3.0,0.5,0.0,1.0,0.0,1.5,2.5,1.5,4.0,-6.0,11.4,0,0,9.5,572,549,556,303,474,445,375,539,517,548,517,286,189,531,63,477,301,510,562,121,524,2,79,226,449,539,410,284,38,439,1,87.8,110.0,-22.2,0.372,0.333,0.193,0.071,0.115,0.023,116.25,2025-26
1627742,Brandon Ingram,Brandon,1610612761,TOR,28.0,77,43,34,0.558,33.8,8.0,16.7,0.477,1.8,4.6,0.382,3.8,4.6,0.82,0.8,4.8,5.6,3.7,2.4,0.8,0.7,0.9,1.9,3.6,21.5,0.6,35.7,2,0,35.5,37,75,125,234,22,25,26,221,120,133,150,47,49,199,256,67,95,91,50,233,97,41,229,53,30,211,49,159,38,43,1,114.6,113.7,1.0,0.573,0.529,0.264,0.169,0.083,0.121,98.87,2025-26
1641706,Brandon Miller,Brandon,1610612766,CHA,23.0,65,41,24,0.631,30.3,7.0,16.1,0.435,3.1,8.2,0.383,3.1,3.4,0.892,1.1,3.8,4.9,3.3,2.5,1.0,0.7,0.5,2.8,2.7,20.2,5.7,33.6,3,0,34.9,166,97,258,148,84,50,32,366,13,13,149,69,81,67,176,126,144,112,42,118,107,197,42,95,42,34,67,128,38,45,1,119.8,111.3,8.5,0.574,0.533,0.272,0.173,0.078,0.113,98.44,2025-26
1630314,Brandon Williams,Brandon,1610612742,DAL,26.0,66,23,43,0.348,22.2,4.4,9.3,0.472,0.5,2.3,0.232,3.7,4.6,0.793,0.5,2.4,2.9,3.9,1.9,0.9,0.3,0.8,1.6,3.6,13.0,-2.2,24.1,1,0,22.8,157,268,51,411,239,155,158,240,382,317,477,49,50,246,406,271,317,78,89,146,276,49,324,54,140,410,162,201,38,173,1,111.2,115.6,-4.4,0.572,0.501,0.242,0.256,0.062,0.115,105.52,2025-26
1641729,Brice Sensabaugh,Brice,1610612762,UTA,22.0,75,18,57,0.24,23.5,5.3,11.4,0.46,2.2,5.9,0.367,2.2,2.7,0.826,0.7,2.3,3.1,1.9,1.7,0.7,0.2,0.7,1.9,2.0,14.9,-5.1,22.4,0,0,23.8,60,325,5,499,216,118,106,277,69,70,199,115,129,186,293,287,292,250,129,253,408,106,231,156,102,527,190,284,38,157,1,111.4,120.8,-9.4,0.59,0.554,0.244,0.124,0.063,0.09,105.02,2025-26
1642355,Bronny James,Bronny,1610612747,LAL,21.0,42,24,18,0.571,8.9,1.1,2.7,0.409,0.5,1.4,0.386,0.1,0.2,0.857,0.1,0.4,0.5,1.2,0.6,0.5,0.1,0.1,0.7,0.2,2.9,-1.0,6.4,0,0,6.3,348,252,348,210,494,494,478,454,386,420,132,542,546,116,555,558,562,365,407,413,472,493,511,539,498,331,501,284,38,502,1,106.2,114.2,-8.0,0.517,0.504,0.163,0.195,0.032,0.058,99.45,2025-26
201572,Brook Lopez,Brook,1610612746,LAC,38.0,75,41,34,0.547,21.8,3.1,7.2,0.428,1.5,4.2,0.36,0.7,1.0,0.757,0.6,3.0,3.6,1.3,0.8,0.6,1.2,0.3,2.1,1.3,8.5,0.6,19.2,1,0,18.4,60,97,125,256,249,269,240,390,151,159,225,360,371,328,336,198,231,347,332,317,30,371,190,280,263,210,251,201,38,252,1,113.9,112.7,1.2,0.552,0.533,0.171,0.087,0.085,0.076,97.8,2025-26
1642964,Brooks Barnhizer,Brooks,1610612760,OKC,24.0,40,29,11,0.725,8.7,0.7,1.8,0.38,0.2,0.6,0.292,0.2,0.3,0.7,0.5,1.5,2.0,0.6,0.3,0.3,0.1,0.3,0.7,0.3,1.7,-2.6,5.8,0,0,5.2,362,203,432,70,503,539,537,507,473,487,424,529,529,424,397,417,428,499,529,491,444,372,510,531,545,428,516,284,38,521,1,100.1,114.6,-14.5,0.451,0.43,0.103,0.094,0.103,0.062,101.34,2025-26
1628971,Bruce Brown,Bruce,1610612743,DEN,29.0,82,54,28,0.659,24.4,3.0,6.4,0.475,0.7,1.8,0.385,1.2,1.5,0.762,1.0,2.8,3.9,2.1,1.1,1.0,0.2,0.5,2.4,1.2,7.9,-0.9,18.5,1,0,17.2,1,13,205,124,198,277,287,227,342,374,139,253,255,319,187,223,213,222,237,112,323,173,100,298,288,328,267,201,38,276,1,114.2,115.2,-1.0,0.562,0.53,0.142,0.121,0.077,0.069,100.24,2025-26
1631121,Bryce McGowens,Bryce,1610612740,NOP,23.0,42,14,28,0.333,21.0,2.7,5.6,0.481,0.9,2.2,0.409,1.8,2.3,0.779,0.3,1.8,2.1,1.5,0.4,0.6,0.2,0.5,2.1,2.0,8.1,-1.7,14.9,0,0,14.2,348,374,205,419,269,308,321,208,294,326,75,162,167,283,488,373,411,311,486,292,370,178,175,159,281,386,341,284,38,345,1,115.3,118.9,-3.6,0.61,0.561,0.136,0.091,0.047,0.067,103.45,2025-26
1642267,Bub Carrington,Bub,1610612764,WAS,20.0,82,17,65,0.207,27.7,3.8,9.0,0.424,2.1,5.0,0.408,1.0,1.4,0.73,0.4,3.0,3.4,4.6,2.3,0.6,0.2,0.2,2.2,1.4,10.7,-9.1,21.9,0,0,22.5,1,334,1,523,134,198,169,404,76,109,77,299,288,379,430,207,260,61,59,299,354,385,134,255,194,571,205,284,38,177,1,107.3,122.6,-15.3,0.556,0.538,0.174,0.231,0.058,0.072,103.8,2025-26
1631205,Buddy Boeheim,Buddy,1610612760,OKC,26.0,4,2,2,0.5,3.8,0.5,1.5,0.333,0.5,1.5,0.333,0.0,0.0,0.0,0.0,0.0,0.0,0.0,0.0,0.0,0.0,0.3,0.3,0.3,1.5,1.5,1.5,0,0,2.0,551,526,540,303,568,554,548,539,393,403,302,563,564,563,565,577,579,574,562,564,524,372,570,531,553,153,578,284,38,575,1,84.4,72.4,12.0,0.5,0.5,0.158,0.0,0.0,0.028,97.58,2025-26
1627741,Buddy Hield,Buddy,1610612737,ATL,33.0,51,25,26,0.49,16.1,2.8,6.4,0.437,1.5,4.2,0.349,0.6,0.7,0.811,0.5,1.7,2.3,1.4,0.9,0.8,0.2,0.2,1.1,0.3,7.6,-1.7,14.3,0,0,14.6,291,243,232,332,370,300,284,359,170,166,260,411,430,213,370,387,397,331,285,225,389,402,440,520,297,388,355,284,38,338,2,110.2,115.0,-4.9,0.568,0.55,0.192,0.129,0.069,0.085,103.88,2025-26
1643047,CJ Huntley,CJ,1610612756,PHX,24.0,4,3,1,0.75,10.1,1.5,2.8,0.545,0.0,0.8,0.0,0.0,0.0,0.0,0.5,0.8,1.3,0.5,0.0,0.3,0.0,0.3,0.5,0.0,3.0,3.8,6.0,0,0,5.3,551,503,556,46,476,445,475,90,517,474,517,563,564,563,379,525,496,510,562,498,524,372,541,571,489,64,514,284,38,519,1,122.4,104.7,17.6,0.545,0.545,0.107,0.053,0.067,0.061,100.99,2025-26
203468,CJ McCollum,CJ,1610612737,ATL,34.0,76,37,39,0.487,29.8,6.9,15.2,0.455,2.5,6.7,0.375,2.4,3.1,0.772,0.8,2.5,3.3,3.9,1.8,0.8,0.5,0.6,1.9,2.2,18.7,1.2,30.6,0,0,31.0,54,136,76,335,94,53,45,298,47,42,170,101,100,298,260,264,270,80,103,197,175,133,234,138,55,171,93,284,38,77,2,113.6,112.0,1.5,0.566,0.538,0.247,0.194,0.051,0.105,103.12,2025-26
1630595,Cade Cunningham,Cade,1610612765,DET,24.0,64,47,17,0.734,33.9,8.6,18.6,0.461,2.0,5.7,0.342,4.8,6.0,0.812,0.9,4.7,5.5,9.9,3.7,1.4,0.8,1.1,3.1,4.6,23.9,8.1,48.6,38,3,45.9,180,44,359,60,21,18,13,274,94,78,283,27,26,211,235,71,99,2,4,32,65,18,27,23,21,9,7,6,8,7,1,120.4,109.0,11.4,0.564,0.513,0.296,0.43,0.079,0.159,100.94,2025-26
1631216,Caleb Houstan,Caleb,1610612737,ATL,23.0,18,12,6,0.667,4.2,0.8,1.4,0.538,0.6,1.2,0.524,0.2,0.2,1.0,0.3,0.3,0.6,0.2,0.2,0.1,0.1,0.1,0.6,0.1,2.3,0.1,3.7,0,0,4.1,456,395,485,106,562,525,553,96,361,437,12,531,546,1,492,565,559,564,538,551,506,525,523,566,520,249,557,284,38,544,1,97.6,98.2,-0.6,0.769,0.75,0.168,0.083,0.073,0.103,106.86,2025-26
1631126,Caleb Love,Caleb,1610612757,POR,24.0,49,24,25,0.49,20.7,3.9,10.0,0.388,1.9,6.0,0.318,0.7,1.0,0.735,0.5,1.8,2.3,2.5,1.3,0.6,0.1,0.7,1.0,0.7,10.4,-2.6,17.6,0,0,18.4,305,252,246,333,275,197,142,500,105,65,366,362,360,368,377,367,387,186,204,353,486,91,471,412,199,429,287,284,38,254,1,108.2,114.5,-6.3,0.497,0.483,0.228,0.187,0.053,0.079,102.91,2025-26
1628997,Caleb Martin,Caleb,1610612742,DAL,30.0,58,20,38,0.345,14.8,1.5,3.3,0.45,0.3,1.0,0.351,0.6,1.1,0.607,0.5,2.0,2.5,1.4,0.7,0.7,0.3,0.3,1.5,1.0,3.9,-3.4,11.1,0,0,10.0,230,302,81,415,395,449,440,318,428,460,254,397,352,502,394,340,373,330,374,268,309,362,349,337,452,467,416,284,38,424,1,102.9,112.1,-9.2,0.526,0.503,0.122,0.131,0.077,0.063,105.2,2025-26
1642353,Cam Christie,Cam,1610612746,LAC,20.0,55,26,29,0.473,8.7,1.0,2.5,0.381,0.2,0.9,0.245,0.7,0.9,0.76,0.3,1.1,1.4,0.6,0.4,0.3,0.1,0.3,0.3,0.5,2.8,-0.2,6.0,0,0,5.7,258,231,189,344,501,508,489,506,462,468,469,374,382,322,462,471,486,495,487,484,508,366,560,463,501,279,513,284,38,513,1,107.2,107.8,-0.6,0.484,0.424,0.168,0.097,0.084,0.071,97.75,2025-26
1642285,Cam Spencer,Cam,1610612763,MEM,26.0,72,23,49,0.319,23.8,3.7,7.7,0.473,2.0,4.5,0.449,1.8,1.9,0.94,0.6,2.0,2.5,5.6,1.3,0.7,0.2,0.2,1.4,1.3,11.1,-1.2,23.8,6,0,23.0,84,268,19,435,211,212,216,234,82,139,29,164,212,38,356,339,360,36,196,250,417,391,363,271,184,347,168,84,38,167,1,112.4,116.0,-3.6,0.649,0.604,0.166,0.332,0.051,0.12,101.59,2025-26
1630560,Cam Thomas,Cam,1610612749,MIL,24.0,42,12,30,0.286,21.0,4.5,11.0,0.41,1.2,4.0,0.31,3.3,4.0,0.811,0.3,1.4,1.7,2.6,1.8,0.2,0.1,0.7,1.0,3.5,13.5,-5.1,18.6,0,0,19.6,348,395,172,454,267,152,120,451,209,178,386,62,64,214,498,420,462,178,108,515,472,96,459,56,132,528,266,284,38,222,2,111.7,123.8,-12.1,0.53,0.466,0.295,0.208,0.041,0.089,96.65,2025-26
1641715,Cam Whitmore,Cam,1610612764,WAS,21.0,21,3,18,0.143,16.9,3.7,8.0,0.456,0.8,2.7,0.286,1.1,1.5,0.742,0.9,1.9,2.8,0.7,0.9,0.7,0.4,1.0,1.2,1.0,9.2,-7.2,16.0,0,0,15.6,444,503,348,553,351,208,203,292,323,289,428,271,269,357,221,356,332,472,315,256,224,37,425,341,239,556,322,284,38,315,1,104.4,124.0,-19.6,0.528,0.503,0.225,0.067,0.075,0.082,105.84,2025-26
1629661,Cameron Johnson,Cameron,1610612743,DEN,30.0,54,37,17,0.685,30.5,4.2,8.8,0.48,2.0,4.7,0.43,1.7,2.1,0.839,0.8,3.0,3.8,2.4,0.9,0.7,0.4,0.5,2.3,1.6,12.2,6.4,23.0,1,0,22.8,266,136,359,91,77,172,178,211,79,121,44,169,186,153,270,197,219,192,308,238,215,178,114,214,152,25,181,201,38,174,1,124.2,114.7,9.5,0.629,0.596,0.144,0.098,0.063,0.075,101.38,2025-26
1626166,Cameron Payne,Cameron,1610612755,PHI,31.0,22,12,10,0.545,17.0,2.5,6.8,0.376,1.5,4.4,0.33,0.9,1.0,0.864,0.1,1.9,2.0,2.6,0.5,1.1,0.3,0.4,1.4,1.0,7.4,-2.9,17.5,1,0,16.3,440,395,440,258,348,325,256,512,168,146,334,327,360,109,552,355,418,170,444,97,264,267,377,341,308,448,290,201,38,293,1,105.5,113.6,-8.1,0.514,0.483,0.183,0.22,0.055,0.096,104.63,2025-26
1627747,Caris LeVert,Caris,1610612765,DET,31.0,60,44,16,0.733,19.2,2.7,6.5,0.417,1.0,3.0,0.333,1.0,1.4,0.679,0.4,1.6,2.0,2.7,1.4,0.9,0.7,0.3,1.5,1.3,7.4,-0.1,16.9,0,0,16.1,214,67,368,61,311,307,276,433,268,256,302,308,282,449,445,408,428,167,183,192,103,296,337,276,310,269,301,284,38,302,1,108.6,107.7,0.8,0.518,0.494,0.178,0.202,0.047,0.081,101.1,2025-26
1642868,Carter Bryant,Carter,1610612759,SAS,20.0,71,56,15,0.789,11.5,1.5,3.7,0.408,0.7,2.2,0.335,0.4,0.6,0.714,0.5,2.0,2.5,0.7,0.5,0.2,0.3,0.2,1.3,0.4,4.2,-0.1,9.4,0,0,9.2,98,7,382,27,454,442,418,456,327,329,299,463,460,400,367,343,364,482,467,509,258,436,387,502,446,257,454,284,38,451,1,109.1,108.4,0.8,0.526,0.506,0.158,0.08,0.1,0.071,102.06,2025-26
1641717,Cason Wallace,Cason,1610612760,OKC,22.0,77,61,16,0.792,26.6,3.3,7.6,0.432,1.3,3.7,0.351,0.7,0.9,0.809,0.8,2.3,3.1,2.6,0.9,1.9,0.4,0.5,2.0,0.8,8.6,6.9,22.2,1,0,20.2,37,3,368,26,156,246,226,378,194,187,255,367,390,215,256,294,291,172,282,7,232,165,203,388,257,20,199,201,38,216,1,116.2,103.8,12.4,0.538,0.518,0.141,0.127,0.056,0.076,101.76,2025-26
1642907,Cedric Coward,Cedric,1610612763,MEM,22.0,62,20,42,0.323,25.8,4.9,10.5,0.471,1.5,4.4,0.338,2.3,2.7,0.843,1.3,4.5,5.9,2.8,1.7,0.6,0.4,0.7,2.0,2.1,13.6,0.4,26.3,7,0,25.9,201,302,57,431,176,131,133,243,156,142,291,110,130,140,127,76,77,155,123,291,184,70,196,146,127,223,135,72,38,128,1,113.8,113.5,0.3,0.585,0.542,0.207,0.154,0.106,0.11,104.31,2025-26
1643052,Chaney Johnson,Chaney,1610612751,BKN,24.0,17,4,13,0.235,20.4,3.0,5.5,0.543,0.5,1.8,0.3,1.6,2.1,0.8,1.9,2.7,4.6,2.1,1.2,0.9,0.5,0.4,3.0,1.4,8.2,-4.6,20.0,1,0,18.3,459,487,409,503,283,280,325,94,384,383,403,181,187,229,71,239,158,224,224,176,145,231,29,249,276,516,234,201,38,258,1,107.0,116.0,-9.0,0.635,0.59,0.16,0.165,0.12,0.099,101.29,2025-26
1629646,Charles Bassey,Charles,1610612744,GSW,25.0,13,4,9,0.308,11.7,2.4,3.6,0.66,0.0,0.0,0.0,1.1,1.5,0.7,1.8,2.6,4.4,0.5,0.5,0.3,0.8,0.3,1.5,1.2,5.8,-3.4,14.9,2,0,13.1,480,487,455,443,448,340,422,21,517,548,517,278,254,424,81,246,171,503,469,475,64,319,352,288,361,468,342,159,38,366,4,107.2,120.1,-13.0,0.681,0.66,0.161,0.078,0.184,0.136,101.22,2025-26
1642404,Chaz Lanier,Chaz,1610612765,DET,24.0,34,28,6,0.824,7.7,0.8,2.6,0.315,0.6,2.0,0.284,0.1,0.2,0.833,0.2,0.4,0.7,0.5,0.1,0.2,0.0,0.1,0.4,0.1,2.4,0.2,4.4,0,0,4.5,394,216,485,15,518,521,483,556,379,355,432,541,545,160,512,557,555,510,560,519,524,509,559,565,519,238,544,284,38,537,1,107.7,105.7,2.0,0.436,0.421,0.147,0.085,0.042,0.045,102.32,2025-26
1631096,Chet Holmgren,Chet,1610612760,OKC,24.0,69,56,13,0.812,28.9,6.3,11.3,0.557,1.3,3.5,0.362,3.3,4.1,0.792,1.9,7.0,8.9,1.7,1.6,0.6,1.9,0.8,2.3,3.8,17.1,9.8,36.3,24,0,34.0,118,7,409,19,112,68,112,80,201,206,213,63,57,247,74,18,21,278,140,304,4,65,124,46,71,5,46,16,38,50,1,118.4,102.3,16.1,0.653,0.614,0.214,0.082,0.149,0.154,101.09,2025-26
1628449,Chris Boucher,Chris,1610612738,BOS,33.0,9,4,5,0.444,10.5,0.9,2.8,0.32,0.2,1.7,0.133,0.3,0.4,0.75,0.2,1.8,2.0,0.3,0.1,0.6,0.8,0.1,1.9,0.4,2.3,0.6,9.1,0,0,7.6,507,487,501,362,470,514,473,554,461,391,506,487,495,333,517,383,418,541,555,346,80,496,235,491,520,213,462,284,38,485,1,114.3,109.9,4.4,0.392,0.36,0.128,0.042,0.086,0.04,97.12,2025-26
1641753,Chris Livingston,Chris,1610612739,CLE,22.0,3,2,1,0.667,5.8,1.3,2.3,0.571,0.0,1.0,0.0,0.3,0.3,1.0,0.0,1.0,1.0,0.3,0.0,0.3,0.0,0.0,1.3,0.3,3.0,2.7,5.7,0,0,5.0,566,526,556,106,547,461,504,72,517,455,517,487,516,1,565,477,526,541,562,463,524,540,382,512,489,98,518,284,38,522,1,113.9,86.8,27.0,0.605,0.571,0.189,0.091,0.1,0.104,101.91,2025-26
1643024,Chris Mañon,Chris,1610612747,LAL,24.0,9,4,5,0.444,5.1,0.2,0.7,0.333,0.0,0.3,0.0,0.3,0.4,0.75,0.2,0.9,1.1,0.3,0.1,0.6,0.2,0.0,0.7,0.3,0.8,-0.1,4.8,0,0,3.8,507,487,501,362,554,574,578,539,517,510,517,487,495,333,517,503,517,541,555,346,340,540,511,512,573,266,537,284,38,552,1,105.2,108.4,-3.3,0.451,0.333,0.081,0.091,0.096,0.086,99.99,2025-26
101108,Chris Paul,Chris,1610612746,LAC,41.0,16,4,12,0.25,14.2,1.1,3.5,0.321,0.6,1.9,0.333,0.1,0.1,0.5,0.4,1.4,1.8,3.3,1.0,0.7,0.0,0.2,1.4,0.4,2.9,-5.3,11.1,0,0,10.0,461,487,419,485,405,493,428,553,358,362,302,560,557,531,450,433,452,118,257,269,524,432,359,494,494,530,417,284,38,425,1,99.4,116.6,-17.3,0.413,0.411,0.135,0.351,0.062,0.064,98.62,2025-26
1642959,Chris Youngblood,Chris,1610612757,POR,24.0,34,29,5,0.853,5.4,0.6,1.9,0.349,0.5,1.6,0.333,0.3,0.3,0.9,0.2,0.6,0.8,0.4,0.1,0.1,0.1,0.1,0.6,0.3,2.1,0.3,4.2,0,0,4.2,394,203,501,7,552,546,531,533,384,396,302,507,525,53,529,540,545,540,561,549,482,522,518,530,528,232,550,284,38,542,2,106.6,104.3,2.3,0.527,0.492,0.162,0.092,0.07,0.059,101.66,2025-26
1631128,Christian Braun,Christian,1610612743,DEN,25.0,44,29,15,0.659,31.8,4.6,8.8,0.519,1.0,3.3,0.301,1.8,2.3,0.782,1.4,3.4,4.8,2.7,1.0,0.7,0.3,0.7,2.3,1.7,12.0,6.6,23.7,0,0,22.4,336,203,382,123,54,147,176,118,276,228,402,156,163,276,121,157,151,157,275,272,299,86,106,206,162,23,170,284,38,178,1,124.2,114.1,10.1,0.607,0.575,0.142,0.108,0.075,0.076,101.38,2025-26
1631132,Christian Koloko,Christian,1610612737,ATL,26.0,27,16,11,0.593,13.2,1.1,2.7,0.419,0.0,0.3,0.111,0.4,0.6,0.667,1.1,1.9,3.0,0.7,0.6,0.5,0.9,0.5,1.8,0.7,2.7,-0.5,10.8,0,0,9.1,420,348,432,189,420,490,477,423,503,510,512,476,468,452,159,359,301,478,409,367,63,167,262,433,506,293,420,284,38,454,3,106.9,108.2,-1.3,0.453,0.426,0.109,0.064,0.103,0.046,104.9,2025-26
1642935,Chucky Hepburn,Chucky,1610612761,TOR,23.0,2,0,2,0.0,6.6,0.0,3.0,0.0,0.0,2.5,0.0,0.0,0.0,0.0,0.0,0.5,0.5,1.0,0.5,0.5,0.0,0.0,1.0,0.5,0.0,-8.0,3.1,0,0,2.5,572,567,540,567,532,578,458,578,517,303,517,563,564,563,565,550,564,394,444,373,524,540,462,469,579,567,566,284,38,569,1,73.1,120.7,-47.6,0.0,0.0,0.219,0.286,0.029,-0.1,99.75,2025-26
203991,Clint Capela,Clint,1610612745,HOU,32.0,75,47,28,0.627,12.3,1.6,3.0,0.52,0.0,0.0,0.5,0.6,1.0,0.577,2.1,2.5,4.6,0.7,0.5,0.5,0.8,0.3,1.0,0.8,3.8,2.2,13.7,1,0,11.7,60,44,205,152,434,434,456,114,515,542,13,405,356,512,54,269,162,478,426,395,67,326,469,401,458,117,365,201,38,395,1,113.1,105.1,8.0,0.54,0.522,0.133,0.072,0.169,0.11,98.6,2025-26
1629632,Coby White,Coby,1610612766,CHA,26.0,50,29,21,0.58,25.0,5.6,12.5,0.446,2.3,6.4,0.362,3.9,4.8,0.817,0.3,3.1,3.4,4.0,2.6,0.5,0.1,0.7,2.2,3.7,17.4,1.9,26.7,1,0,28.3,297,203,305,199,188,99,85,329,63,53,216,43,47,205,466,192,256,74,40,373,466,88,138,49,68,130,131,201,38,108,2,117.2,114.0,3.2,0.595,0.539,0.283,0.242,0.064,0.112,101.68,2025-26
1628998,Cody Martin,Cody,1610612754,IND,30.0,4,0,4,0.0,13.8,0.5,2.5,0.2,0.0,1.3,0.0,0.8,1.5,0.5,0.3,3.3,3.5,0.5,1.0,1.0,0.5,0.3,1.3,1.3,1.8,-7.0,10.2,0,0,8.8,551,567,509,567,412,554,491,572,517,430,517,356,263,531,504,175,241,510,257,121,156,372,408,281,543,551,435,284,38,460,1,79.0,99.2,-20.2,0.277,0.2,0.119,0.065,0.094,0.045,105.26,2025-26
1642262,Cody Williams,Cody,1610612762,UTA,21.0,67,16,51,0.239,24.3,3.6,7.6,0.468,0.4,2.0,0.214,1.3,1.8,0.706,0.9,2.0,3.0,2.0,1.1,0.8,0.4,0.7,1.8,1.3,8.8,-5.9,17.7,2,0,16.5,147,348,18,500,199,221,224,255,414,356,484,238,223,417,219,326,310,230,240,228,216,104,256,279,249,538,285,159,38,290,1,110.9,121.4,-10.6,0.524,0.495,0.159,0.111,0.059,0.057,105.04,2025-26
1641732,Colby Jones,Colby,1610612765,DET,24.0,1,0,1,0.0,6.8,1.0,3.0,0.333,0.0,2.0,0.0,0.0,0.0,0.0,0.0,4.0,4.0,2.0,0.0,0.0,0.0,0.0,1.0,0.0,2.0,12.0,9.8,0,0,8.0,579,567,556,567,529,500,458,539,517,348,517,563,564,563,565,107,200,233,562,564,524,540,462,571,531,1,443,284,38,475,1,133.3,53.3,80.0,0.333,0.333,0.158,0.333,0.222,0.256,105.62,2025-26
1630175,Cole Anthony,Cole,1610612749,MIL,26.0,35,12,23,0.343,15.0,2.8,6.6,0.424,0.6,2.1,0.306,0.5,0.7,0.615,0.5,2.0,2.5,3.5,1.9,0.6,0.3,0.3,2.1,1.3,6.7,-3.2,15.7,0,0,15.0,390,395,275,416,391,301,270,401,357,339,395,453,429,497,404,330,369,106,93,330,266,317,182,269,334,461,330,284,38,326,1,103.4,113.1,-9.7,0.483,0.472,0.244,0.354,0.078,0.082,101.99,2025-26
1630658,Colin Castleton,Colin,1610612753,ORL,26.0,4,3,1,0.75,5.3,0.5,1.3,0.4,0.0,0.0,0.0,0.3,0.3,1.0,0.5,1.5,2.0,0.3,0.5,0.3,0.0,0.3,0.5,0.5,1.3,1.5,4.3,0,0,4.0,551,503,556,46,553,554,557,475,517,548,517,510,529,1,379,415,418,560,444,498,524,372,541,469,561,153,549,284,38,546,1,116.3,102.3,14.0,0.46,0.4,0.14,0.053,0.216,0.098,96.52,2025-26
1631221,Collin Gillespie,Collin,1610612756,PHX,27.0,80,43,37,0.538,28.5,4.4,10.5,0.418,2.9,7.2,0.401,1.0,1.1,0.874,1.1,3.0,4.1,4.6,1.6,1.2,0.2,0.4,1.6,1.7,12.7,2.5,27.3,3,0,27.2,21,75,93,267,118,157,131,429,21,23,92,308,341,94,168,204,192,62,139,61,358,261,303,198,143,109,125,128,38,117,1,113.7,110.0,3.7,0.575,0.556,0.181,0.228,0.07,0.108,99.53,2025-26
1642867,Collin Murray-Boyles,Collin,1610612761,TOR,21.0,57,31,26,0.544,21.9,3.5,6.0,0.579,0.3,0.9,0.34,1.2,1.9,0.657,2.3,2.7,5.0,1.9,1.0,0.9,0.9,0.5,2.6,1.5,8.5,0.8,21.8,4,0,19.3,235,188,232,260,248,228,301,65,443,469,288,240,209,467,46,240,135,253,252,157,53,199,67,234,261,192,206,114,38,228,1,111.7,109.1,2.6,0.621,0.604,0.15,0.122,0.112,0.098,99.54,2025-26
1629012,Collin Sexton,Collin,1610612741,CHI,27.0,68,25,43,0.368,23.7,5.3,10.9,0.485,1.6,4.1,0.401,3.2,3.8,0.855,0.6,1.7,2.3,3.3,2.1,1.1,0.1,0.9,2.1,3.4,15.4,-1.7,24.8,1,0,25.2,135,243,51,402,213,111,121,195,137,171,91,65,71,123,339,393,394,120,74,87,419,45,167,62,92,390,155,201,38,136,2,110.5,113.6,-3.0,0.615,0.561,0.248,0.217,0.045,0.113,103.17,2025-26
1642843,Cooper Flagg,Cooper,1610612742,DAL,19.0,70,22,48,0.314,33.5,8.0,17.1,0.468,1.0,3.5,0.295,4.0,4.9,0.827,1.2,5.4,6.7,4.5,2.3,1.2,0.9,1.1,2.0,4.1,21.0,-3.8,39.8,13,0,37.5,105,277,25,440,27,24,23,253,261,211,415,42,46,179,146,38,65,63,61,65,57,12,197,37,32,485,33,42,38,37,1,109.5,114.7,-5.2,0.548,0.498,0.264,0.212,0.093,0.128,102.96,2025-26
1630557,Corey Kispert,Corey,1610612737,ATL,27.0,58,27,31,0.466,18.6,3.2,6.8,0.467,1.5,4.1,0.367,1.3,1.7,0.794,0.5,1.8,2.3,1.6,0.8,0.3,0.2,0.4,1.0,1.2,9.2,-2.6,14.8,0,0,15.4,230,225,160,347,317,260,255,260,156,174,198,220,238,242,401,372,396,296,355,489,414,272,457,297,241,432,345,284,38,321,2,108.9,115.9,-7.0,0.609,0.577,0.179,0.121,0.056,0.088,104.15,2025-26
1642504,Cormac Ryan,Cormac,1610612749,MIL,27.0,11,2,9,0.182,24.6,4.8,9.3,0.52,2.5,5.4,0.458,2.2,2.4,0.923,0.7,1.8,2.5,1.7,1.5,1.0,0.3,0.4,2.5,1.9,14.3,-1.6,22.2,1,0,23.5,492,526,455,540,197,136,163,115,52,94,27,118,159,40,303,365,358,272,143,121,299,267,87,171,109,381,197,201,38,159,1,116.0,119.0,-3.1,0.692,0.652,0.206,0.11,0.055,0.104,96.73,2025-26
1641854,Craig Porter Jr.,Craig,1610612739,CLE,26.0,64,43,21,0.672,17.9,1.8,4.0,0.45,0.5,1.5,0.355,0.4,0.6,0.6,1.3,2.1,3.4,3.2,0.9,0.9,0.6,0.3,1.1,0.8,4.5,1.6,17.0,0,0,14.6,180,75,305,103,329,406,402,319,389,410,240,474,449,506,130,314,252,127,293,169,129,338,447,391,420,151,300,284,38,339,1,116.2,111.6,4.6,0.524,0.514,0.119,0.225,0.092,0.092,102.01,2025-26
1642938,Curtis Jones,Curtis,1610612743,DEN,24.0,10,8,2,0.8,8.8,1.1,2.7,0.407,0.6,1.8,0.333,0.1,0.2,0.5,0.2,0.9,1.1,1.0,0.2,0.4,0.0,0.1,0.6,0.3,2.9,2.6,6.7,0,0,6.4,500,440,540,20,498,496,480,457,366,375,302,553,540,531,531,502,518,394,541,432,524,500,525,522,499,103,499,284,38,499,1,117.9,104.4,13.6,0.52,0.519,0.142,0.147,0.053,0.075,100.41,2025-26
1626156,D'Angelo Russell,D'Angelo,1610612764,WAS,30.0,26,9,17,0.346,19.0,3.6,8.9,0.405,1.3,4.3,0.295,1.7,2.3,0.717,0.3,2.0,2.3,4.0,1.9,0.5,0.1,0.2,1.2,2.0,10.2,-1.6,18.7,1,0,18.8,425,432,359,414,313,217,173,463,202,154,417,179,160,397,484,327,385,74,90,407,491,426,435,167,209,378,262,201,38,244,1,107.9,111.3,-3.4,0.511,0.476,0.261,0.328,0.057,0.098,104.0,2025-26
1629610,DaQuan Jeffries,DaQuan,1610612758,SAC,28.0,3,0,3,0.0,20.0,3.7,6.3,0.579,1.3,3.0,0.444,1.7,1.7,1.0,1.0,0.7,1.7,0.3,0.0,0.7,0.0,0.3,3.0,1.7,10.3,0.3,14.8,0,0,15.0,566,567,530,567,291,208,289,65,190,256,31,174,240,1,193,534,464,541,562,276,524,296,29,208,202,227,344,284,38,327,1,121.5,120.7,0.8,0.731,0.684,0.141,0.025,0.041,0.078,96.96,2025-26
1641747,DaRon Holmes II,DaRon,1610612743,DEN,23.0,25,17,8,0.68,8.4,1.2,2.4,0.508,0.8,1.8,0.444,0.4,0.6,0.786,0.3,1.1,1.4,0.6,0.5,0.0,0.2,0.1,0.8,0.7,3.7,-0.6,6.7,0,0,7.1,429,334,468,97,512,473,498,142,311,375,31,458,466,264,479,470,487,484,460,563,328,513,500,429,462,303,499,284,38,489,1,107.9,110.9,-3.0,0.692,0.672,0.171,0.125,0.08,0.095,96.57,2025-26
1631342,Daeqwon Plowden,Daeqwon,1610612758,SAC,27.0,32,9,23,0.281,26.4,3.8,8.7,0.43,1.9,5.8,0.333,1.3,1.5,0.857,1.0,2.0,3.0,1.3,0.8,0.7,0.2,0.4,2.4,1.3,10.8,-6.4,18.3,0,0,18.9,400,432,275,460,161,203,182,383,96,72,302,224,257,116,189,332,297,349,333,254,346,261,92,270,191,546,271,284,38,243,1,111.2,122.1,-10.9,0.572,0.541,0.157,0.065,0.057,0.057,100.96,2025-26
1630625,Dalano Banton,Dalano,1610612738,BOS,26.0,6,4,2,0.667,10.3,0.7,2.0,0.333,0.0,0.2,0.0,0.7,0.7,1.0,0.3,0.5,0.8,1.8,1.3,0.3,0.8,0.5,0.5,0.5,2.0,-1.5,7.9,0,0,7.0,527,487,540,106,472,540,527,539,517,521,517,380,439,1,467,550,542,259,190,463,69,178,541,469,531,369,488,284,38,493,2,110.0,114.3,-4.3,0.436,0.333,0.152,0.268,0.039,0.051,102.38,2025-26
1631207,Dalen Terry,Dalen,1610612755,PHI,23.0,48,22,26,0.458,11.5,1.4,3.2,0.439,0.5,1.4,0.364,0.3,0.6,0.533,0.5,1.3,1.8,1.4,0.5,0.6,0.3,0.2,1.0,0.8,3.7,-0.9,10.1,0,0,9.2,310,277,232,350,455,454,445,353,393,418,203,487,449,527,360,443,443,335,429,314,267,445,460,384,463,330,438,284,38,453,2,106.8,109.7,-2.9,0.523,0.516,0.139,0.167,0.069,0.076,104.92,2025-26
1642261,Dalton Knecht,Dalton,1610612747,LAL,25.0,54,34,20,0.63,10.2,1.6,3.5,0.455,0.7,2.1,0.342,0.3,0.4,0.727,0.3,1.1,1.4,0.4,0.4,0.2,0.2,0.2,0.8,0.3,4.2,-1.5,7.3,0,0,7.5,266,168,322,149,473,426,426,294,336,340,281,502,502,382,501,464,488,535,481,520,356,410,494,512,444,373,493,284,38,486,1,105.2,113.7,-8.5,0.568,0.555,0.171,0.059,0.068,0.069,100.57,2025-26
1629655,Daniel Gafford,Daniel,1610612742,DAL,27.0,55,12,43,0.218,21.7,3.8,5.7,0.655,0.0,0.0,0.0,2.0,2.9,0.683,2.5,4.4,6.9,1.1,1.1,0.8,1.3,0.7,2.6,2.7,9.5,-3.4,24.3,10,0,21.5,258,395,51,516,251,202,312,23,517,548,517,134,110,445,35,83,57,386,231,226,24,69,59,92,226,470,160,56,38,193,1,105.9,113.0,-7.1,0.677,0.655,0.151,0.071,0.145,0.114,104.6,2025-26
1642450,Daniss Jenkins,Daniss,1610612765,DET,24.0,72,54,18,0.75,20.2,3.2,7.9,0.408,1.0,2.7,0.374,1.9,2.2,0.832,0.7,1.6,2.3,3.9,1.6,0.9,0.2,0.7,1.5,2.0,9.3,2.9,19.6,3,0,18.7,84,13,348,46,288,253,213,455,266,287,171,149,170,167,311,403,390,79,136,172,353,83,347,158,232,89,238,128,38,248,1,113.2,106.6,6.6,0.525,0.473,0.209,0.27,0.055,0.1,101.34,2025-26
1642874,Danny Wolf,Danny,1610612751,BKN,22.0,57,14,43,0.246,20.8,3.1,7.7,0.405,1.2,3.7,0.322,1.5,1.9,0.771,1.0,3.9,4.9,2.2,1.3,0.5,0.6,0.6,2.2,1.3,8.9,-4.1,20.2,2,0,19.4,235,374,51,496,271,265,217,465,219,191,355,201,205,303,193,116,143,210,200,361,133,143,141,277,245,498,230,159,38,225,1,102.9,111.9,-9.0,0.521,0.482,0.201,0.178,0.117,0.096,98.09,2025-26
203967,Dario Saric,Dario,1610612758,SAC,32.0,5,1,4,0.2,8.2,0.2,1.2,0.167,0.2,0.6,0.333,0.4,0.4,1.0,0.2,1.0,1.2,0.4,0.4,0.0,0.0,0.2,0.6,0.2,1.0,0.0,2.6,0,0,2.8,539,549,509,526,513,575,560,574,466,487,302,469,504,1,531,477,503,530,487,564,524,415,525,549,564,253,572,284,38,566,1,104.7,104.7,0.0,0.363,0.25,0.1,0.061,0.078,0.015,98.91,2025-26
1641727,Dariq Whitehead,Dariq,1610612763,MEM,21.0,6,0,6,0.0,30.5,6.2,15.5,0.398,3.2,10.0,0.317,0.8,1.2,0.714,0.3,3.7,4.0,1.5,1.7,0.7,0.0,0.7,2.2,0.8,16.3,-16.5,23.7,0,0,26.3,527,567,485,567,78,73,40,481,11,4,372,337,325,400,467,140,200,303,126,276,524,96,153,384,84,578,169,284,38,124,1,102.5,126.5,-24.1,0.51,0.5,0.231,0.078,0.059,0.062,106.73,2025-26
1642468,Darius Brown II,Darius,1610612739,CLE,26.0,1,1,0,1.0,2.7,0.0,1.0,0.0,0.0,0.0,0.0,0.0,0.0,0.0,0.0,1.0,1.0,0.0,0.0,0.0,0.0,0.0,0.0,0.0,0.0,-4.0,1.2,0,0,1.0,579,549,580,1,579,578,565,578,517,548,517,563,564,563,565,477,526,574,562,564,524,540,579,571,579,496,580,284,38,579,1,100.0,180.0,-80.0,0.0,0.0,0.167,0.0,0.25,0.0,90.0,2025-26
1629636,Darius Garland,Darius,1610612746,LAC,26.0,45,26,19,0.578,29.9,6.9,14.9,0.46,2.7,6.8,0.396,2.3,2.7,0.861,0.4,2.0,2.4,6.7,2.9,1.0,0.2,0.6,1.9,2.6,18.8,1.9,32.2,7,0,32.8,331,231,333,205,92,55,48,276,31,37,103,107,127,112,431,342,381,19,24,140,387,120,240,113,54,131,78,72,38,66,2,117.9,115.2,2.6,0.582,0.551,0.266,0.322,0.039,0.112,101.84,2025-26
1642357,David Jones Garcia,David,1610612759,SAS,24.0,11,7,4,0.636,6.2,1.2,2.3,0.52,0.3,0.5,0.6,0.3,0.5,0.5,0.4,0.8,1.2,1.6,0.5,0.5,0.1,0.4,0.5,0.7,2.9,3.5,8.2,0,0,7.3,492,452,509,143,541,487,512,113,452,502,7,505,471,531,454,512,506,285,470,355,479,267,538,415,497,72,485,284,38,488,1,123.1,100.0,23.1,0.579,0.58,0.18,0.316,0.1,0.133,109.45,2025-26
1631223,David Roddy,David,1610612743,DEN,25.0,5,4,1,0.8,14.6,3.0,6.0,0.5,0.6,2.2,0.273,1.4,1.4,1.0,1.6,2.4,4.0,0.8,0.4,0.8,0.2,0.4,1.4,1.2,8.0,1.0,16.6,1,0,15.4,539,487,556,20,401,280,301,156,366,327,441,209,282,1,95,277,200,452,487,209,358,237,370,293,283,183,305,201,38,320,1,113.8,110.7,3.1,0.605,0.55,0.191,0.078,0.117,0.128,104.52,2025-26
1630558,Davion Mitchell,Davion,1610612748,MIA,27.0,70,37,33,0.529,28.6,3.7,7.6,0.49,1.3,3.3,0.395,0.6,0.9,0.646,0.5,2.2,2.7,6.5,1.5,1.0,0.2,0.3,2.6,1.2,9.3,2.9,24.1,5,0,22.0,105,136,135,278,116,204,223,183,199,226,108,405,377,477,404,304,341,23,146,136,410,317,64,289,230,91,163,96,38,184,1,117.2,113.0,4.2,0.582,0.574,0.137,0.285,0.044,0.083,103.88,2025-26
1630549,Day'Ron Sharpe,Day'Ron,1610612751,BKN,24.0,62,17,45,0.274,18.7,3.5,5.7,0.601,0.1,0.6,0.231,1.7,2.5,0.678,2.8,3.9,6.7,2.3,1.7,1.1,0.4,0.5,2.4,2.0,8.7,-1.8,23.0,5,0,20.9,201,334,36,467,315,230,313,48,479,483,478,175,148,451,28,118,64,201,120,99,191,157,101,166,252,394,180,96,38,205,1,107.3,111.7,-4.3,0.638,0.614,0.19,0.207,0.18,0.141,98.86,2025-26
1628368,De'Aaron Fox,De'Aaron,1610612759,SAS,28.0,72,55,17,0.764,31.0,7.1,14.5,0.486,1.8,5.5,0.332,2.6,3.4,0.76,0.6,3.2,3.8,6.2,2.3,1.2,0.3,0.8,2.3,2.6,18.6,6.3,34.5,8,0,33.3,84,12,359,39,70,45,51,194,114,85,328,89,82,321,346,181,224,25,63,62,305,67,131,101,57,27,55,66,38,59,1,118.8,108.9,9.9,0.578,0.549,0.242,0.286,0.056,0.117,103.67,2025-26
1629631,De'Andre Hunter,De'Andre,1610612758,SAC,28.0,45,24,21,0.533,26.1,4.6,11.1,0.415,1.7,5.5,0.305,2.8,3.2,0.867,0.7,3.4,4.1,2.0,1.7,0.7,0.1,0.4,2.5,3.1,13.7,-0.5,22.3,0,0,23.0,331,252,305,270,167,146,115,443,134,88,398,81,97,102,320,153,189,233,126,276,434,224,84,73,124,292,193,284,38,166,2,114.1,115.0,-0.9,0.545,0.49,0.218,0.11,0.074,0.077,103.39,2025-26
1629001,De'Anthony Melton,De'Anthony,1610612744,GSW,28.0,49,22,27,0.449,23.0,4.4,10.8,0.407,1.5,5.0,0.294,2.0,2.5,0.826,0.8,2.4,3.2,2.6,1.9,1.6,0.4,0.6,1.9,1.9,12.3,1.9,24.1,0,0,23.5,305,277,220,360,222,159,126,459,165,112,419,130,145,183,271,274,279,182,93,18,200,116,243,170,149,126,165,284,38,161,1,114.3,110.4,3.9,0.518,0.475,0.244,0.164,0.07,0.09,101.48,2025-26
201599,DeAndre Jordan,DeAndre,1610612740,NOP,37.0,12,6,6,0.5,16.6,1.8,2.7,0.656,0.0,0.0,0.0,0.9,1.4,0.647,2.2,4.2,6.3,0.9,0.8,0.3,0.8,0.4,1.3,1.2,4.4,-0.1,16.1,0,0,14.0,485,461,485,303,359,412,481,22,517,548,517,317,279,476,52,100,70,424,360,463,69,227,382,303,428,260,315,284,38,348,1,110.0,112.3,-2.4,0.671,0.656,0.098,0.077,0.18,0.119,100.68,2025-26
1630610,DeJon Jarreau,DeJon,1610612763,MEM,28.0,11,2,9,0.182,21.0,3.0,7.5,0.398,0.4,2.7,0.133,1.6,2.1,0.783,1.1,3.5,4.6,3.3,2.4,0.9,0.7,0.5,2.5,1.7,8.0,-10.2,21.0,0,0,19.5,492,526,455,540,265,280,228,483,427,285,506,183,184,273,175,144,159,121,55,158,92,208,70,197,283,574,214,284,38,223,1,99.2,122.2,-23.0,0.473,0.422,0.211,0.265,0.105,0.073,103.18,2025-26
201942,DeMar DeRozan,DeMar,1610612758,SAC,36.0,77,20,57,0.26,31.2,6.5,13.1,0.497,0.6,1.9,0.32,4.9,5.6,0.868,0.5,2.5,2.9,4.1,1.2,1.0,0.3,0.5,1.9,4.0,18.4,-7.6,30.9,2,0,28.8,37,302,5,481,64,63,75,169,364,360,361,26,34,101,406,268,314,72,210,110,281,191,225,41,59,565,87,159,38,102,1,110.6,122.3,-11.7,0.594,0.52,0.222,0.196,0.047,0.111,101.26,2025-26
1629731,Dean Wade,Dean,1610612739,CLE,29.0,59,36,23,0.61,22.3,2.1,4.7,0.439,1.2,3.3,0.362,0.5,0.6,0.711,0.9,3.3,4.2,1.5,0.3,0.7,0.4,0.2,1.5,0.7,5.8,2.6,16.2,1,0,14.9,225,151,275,167,236,379,363,352,214,222,212,452,446,409,225,167,183,309,526,237,214,434,335,408,368,108,312,201,38,330,1,117.2,110.9,6.2,0.58,0.567,0.097,0.082,0.09,0.074,101.78,2025-26
1629028,Deandre Ayton,Deandre,1610612747,LAL,27.0,72,46,26,0.639,27.2,5.6,8.3,0.671,0.0,0.0,0.0,1.3,2.0,0.645,2.6,5.4,8.0,0.8,1.2,0.6,1.0,0.4,2.2,1.6,12.5,-0.1,26.7,22,0,24.3,84,52,232,140,142,95,194,16,517,548,517,236,202,478,34,39,33,447,230,337,48,261,151,213,147,266,129,20,38,152,1,115.6,115.5,0.1,0.676,0.671,0.164,0.044,0.154,0.117,99.65,2025-26
1627749,Dejounte Murray,Dejounte,1610612740,NOP,29.0,14,5,9,0.357,27.8,6.3,13.0,0.484,1.4,4.4,0.306,2.8,3.2,0.867,0.3,5.1,5.4,6.4,3.4,1.6,0.2,0.4,2.4,2.2,16.7,1.4,34.9,1,0,33.5,472,474,455,406,132,70,78,202,186,143,394,79,95,103,488,50,111,24,10,14,348,277,104,140,77,157,53,201,38,56,1,116.2,114.9,1.3,0.58,0.536,0.267,0.336,0.101,0.138,100.83,2025-26
1630166,Deni Avdija,Deni,1610612757,POR,25.0,66,35,31,0.53,33.3,7.5,16.1,0.462,1.9,6.0,0.318,7.4,9.2,0.802,1.1,5.8,6.9,6.7,3.8,0.8,0.6,1.2,2.5,6.6,24.2,0.2,42.9,19,3,42.5,157,162,160,275,30,32,30,269,106,66,367,4,3,227,164,30,56,18,2,220,122,10,70,5,18,234,18,25,8,17,1,115.7,115.4,0.3,0.6,0.521,0.285,0.316,0.098,0.149,102.78,2025-26
203471,Dennis Schröder,Dennis,1610612739,CLE,32.0,70,29,41,0.414,24.2,3.6,9.0,0.405,1.1,3.3,0.329,2.4,2.9,0.834,0.5,2.2,2.7,4.9,1.8,0.8,0.2,0.6,1.6,2.4,10.8,-3.4,22.4,3,0,21.3,105,203,61,377,201,213,171,462,250,226,337,98,109,159,399,302,338,53,106,218,410,109,325,122,190,466,191,128,38,196,2,110.8,117.0,-6.2,0.526,0.465,0.21,0.294,0.054,0.094,100.28,2025-26
1641726,Dereck Lively II,Dereck,1610612742,DAL,22.0,7,3,4,0.429,16.5,1.6,2.6,0.611,0.0,0.0,0.0,1.1,1.4,0.8,2.0,3.3,5.3,1.9,1.4,0.6,1.6,0.3,3.0,1.3,4.3,2.0,18.4,0,0,15.7,518,503,509,369,362,435,487,45,517,548,517,258,276,229,63,168,117,254,167,330,13,328,29,274,438,120,268,284,38,310,1,108.6,102.3,6.3,0.67,0.611,0.113,0.153,0.15,0.094,107.02,2025-26
1642852,Derik Queen,Derik,1610612740,NOP,21.0,81,26,55,0.321,25.0,4.4,9.2,0.473,0.3,1.1,0.261,2.7,3.4,0.795,1.7,5.4,7.1,3.7,2.3,1.0,0.9,0.8,2.7,2.7,11.7,-3.8,29.2,14,2,26.6,19,231,10,434,189,160,164,233,451,450,451,85,86,239,86,40,48,94,58,111,58,66,55,91,172,484,108,38,16,121,1,112.7,119.4,-6.7,0.546,0.489,0.214,0.208,0.136,0.109,103.32,2025-26
1627884,Derrick Jones Jr.,Derrick,1610612746,LAC,29.0,50,26,24,0.52,27.0,3.8,7.6,0.499,1.1,3.1,0.359,1.4,1.9,0.763,1.2,2.2,3.5,1.4,0.8,0.9,1.0,0.4,2.1,1.8,10.1,2.6,21.2,1,0,19.8,297,231,258,288,148,201,227,167,242,253,226,206,213,316,147,303,251,334,338,160,42,237,183,187,211,103,212,201,38,220,1,117.9,113.8,4.0,0.6,0.571,0.144,0.068,0.065,0.072,99.15,2025-26
1628401,Derrick White,Derrick,1610612738,BOS,31.0,77,52,25,0.675,34.1,5.7,14.4,0.394,2.7,8.3,0.327,2.4,2.6,0.902,1.1,3.3,4.4,5.4,1.7,1.1,1.3,0.4,1.5,2.8,16.5,7.8,35.3,1,0,33.8,37,24,246,102,20,91,52,491,30,12,343,103,132,51,165,168,169,44,113,81,23,216,331,90,82,10,50,201,38,53,1,119.3,108.0,11.3,0.529,0.489,0.216,0.221,0.061,0.109,96.35,2025-26
1630217,Desmond Bane,Desmond,1610612753,ORL,28.0,82,45,37,0.549,33.6,7.1,14.7,0.484,2.0,5.2,0.391,3.8,4.2,0.908,1.2,2.9,4.1,4.1,2.0,1.0,0.5,1.0,3.1,2.8,20.1,1.6,33.7,1,0,33.4,1,60,93,251,24,44,50,201,80,101,118,46,56,48,152,210,188,69,81,107,182,24,25,86,44,146,64,201,38,58,1,113.6,111.5,2.2,0.607,0.553,0.224,0.19,0.059,0.111,102.2,2025-26
1626164,Devin Booker,Devin,1610612756,PHX,29.0,64,37,27,0.578,33.5,8.5,18.7,0.456,1.9,5.8,0.33,7.1,8.1,0.873,0.8,3.1,3.9,6.0,3.1,0.8,0.3,1.0,2.6,6.7,26.1,3.1,39.9,6,0,40.0,180,136,220,203,25,20,10,290,100,74,335,5,7,96,286,184,214,29,17,213,291,32,57,3,13,81,32,84,38,25,1,115.9,112.0,3.9,0.585,0.507,0.307,0.293,0.055,0.142,100.72,2025-26
1642269,Devin Carter,Devin,1610612758,SAC,24.0,38,8,30,0.211,18.4,3.2,7.7,0.414,0.8,3.0,0.263,1.8,2.5,0.713,0.9,2.3,3.3,2.7,1.4,0.9,0.2,0.3,1.3,2.4,8.9,-3.0,18.8,0,0,17.9,370,440,172,519,321,258,219,444,317,256,450,161,144,405,215,285,272,166,169,166,332,287,390,123,244,453,256,284,38,264,1,111.0,118.3,-7.3,0.508,0.466,0.226,0.209,0.088,0.094,100.78,2025-26
1630170,Devin Vassell,Devin,1610612759,SAS,25.0,67,52,15,0.776,30.5,4.9,11.3,0.437,2.5,6.4,0.384,1.6,1.9,0.815,0.6,3.4,4.0,2.5,0.9,0.9,0.4,0.3,1.6,1.4,13.9,7.3,25.2,1,0,25.3,147,24,382,32,76,130,113,360,50,50,142,190,203,206,347,154,198,187,299,191,229,350,317,258,119,14,149,201,38,134,1,121.3,109.9,11.4,0.574,0.547,0.176,0.107,0.063,0.087,101.48,2025-26
1628415,Dillon Brooks,Dillon,1610612756,PHX,30.0,56,32,24,0.571,30.4,7.4,17.1,0.435,2.3,6.6,0.344,3.0,3.6,0.842,0.8,2.9,3.6,1.8,1.8,1.0,0.2,0.5,3.3,3.3,20.2,-0.9,29.0,0,0,30.2,247,182,258,210,80,33,22,367,65,47,276,70,77,143,280,220,234,269,110,117,407,168,18,67,41,323,110,284,38,86,1,113.7,114.8,-1.1,0.54,0.501,0.279,0.095,0.058,0.088,100.54,2025-26
1641794,Dillon Jones,Dillon,1610612752,NYK,24.0,7,5,2,0.714,5.6,0.3,1.3,0.222,0.1,0.7,0.2,0.6,0.6,1.0,0.3,0.7,1.0,0.6,0.0,0.4,0.0,0.1,0.9,0.3,1.3,1.1,4.6,0,0,3.9,518,474,540,75,550,571,556,570,480,478,488,417,464,1,488,530,526,493,562,421,524,474,487,525,558,175,541,284,38,550,1,114.0,109.8,4.2,0.418,0.278,0.111,0.108,0.091,0.053,102.37,2025-26
1627734,Domantas Sabonis,Domantas,1610612758,SAC,30.0,19,3,16,0.158,29.7,6.3,11.6,0.543,0.3,1.4,0.185,2.9,4.1,0.727,3.4,8.0,11.4,4.1,2.7,0.9,0.2,0.9,3.5,3.6,15.8,-9.3,36.4,12,0,33.9,453,503,368,550,98,66,102,93,454,415,498,74,62,382,13,6,6,71,34,142,351,38,8,55,90,572,45,47,38,51,1,110.0,123.9,-13.9,0.59,0.554,0.223,0.209,0.191,0.131,102.46,2025-26
1631230,Dominick Barlow,Dominick,1610612755,PHI,23.0,71,40,31,0.563,23.8,3.0,5.6,0.539,0.3,1.2,0.256,1.3,1.8,0.718,1.9,2.9,4.8,1.2,0.8,0.9,0.7,0.4,2.1,1.5,7.7,0.4,19.4,2,0,17.3,98,110,160,228,212,275,322,95,444,440,454,222,216,394,75,213,152,361,346,173,89,265,171,224,295,222,247,159,38,274,1,112.7,111.9,0.8,0.597,0.565,0.125,0.069,0.096,0.078,101.23,2025-26
1642270,Donovan Clingan,Donovan,1610612757,POR,22.0,77,41,36,0.532,27.2,4.6,8.9,0.52,1.1,3.2,0.341,1.8,2.6,0.68,4.5,7.1,11.6,2.1,1.2,0.6,1.7,0.5,2.4,2.3,12.1,0.2,34.7,37,0,31.4,37,97,102,272,144,145,175,111,243,234,284,157,133,448,3,15,3,226,215,330,8,155,103,135,158,237,54,7,38,75,1,113.9,113.8,0.1,0.604,0.582,0.163,0.112,0.199,0.139,101.86,2025-26
1628378,Donovan Mitchell,Donovan,1610612739,CLE,29.0,70,45,25,0.643,33.5,9.7,20.0,0.483,3.2,8.8,0.364,5.3,6.1,0.865,0.7,3.8,4.5,5.7,2.8,1.5,0.3,0.7,2.3,4.6,27.9,5.3,44.3,5,0,44.8,105,60,246,136,28,9,5,203,10,8,203,21,22,106,310,129,166,33,27,29,287,95,111,27,7,39,12,96,38,12,1,119.3,112.1,7.2,0.613,0.563,0.311,0.266,0.065,0.152,103.13,2025-26
1628978,Donte DiVincenzo,Donte,1610612750,MIN,29.0,82,49,33,0.598,30.4,4.1,10.2,0.406,3.0,7.9,0.379,1.0,1.3,0.743,0.8,3.3,4.1,3.8,1.4,1.3,0.4,0.2,2.4,1.5,12.2,4.1,26.4,1,0,26.5,1,37,135,182,79,183,137,461,17,17,158,307,299,356,259,171,191,83,165,56,195,437,95,233,154,58,134,201,38,122,1,116.3,110.0,6.2,0.567,0.552,0.164,0.164,0.064,0.084,102.07,2025-26
1627827,Dorian Finney-Smith,Dorian,1610612745,HOU,33.0,37,23,14,0.622,16.8,1.2,3.6,0.333,0.7,2.7,0.27,0.2,0.2,0.889,0.9,1.6,2.5,1.0,0.6,0.4,0.2,0.2,1.6,0.2,3.3,0.4,9.0,0,0,8.7,377,268,397,156,352,485,423,539,328,288,445,520,533,72,216,407,363,411,408,419,405,461,300,537,478,220,468,284,38,461,1,109.4,107.6,1.8,0.452,0.436,0.104,0.078,0.071,0.034,99.32,2025-26
203926,Doug McDermott,Doug,1610612758,SAC,34.0,29,8,21,0.276,15.1,1.9,4.8,0.388,1.7,4.2,0.39,0.3,0.3,0.889,0.2,1.0,1.3,0.8,0.4,0.2,0.1,0.0,1.0,0.2,5.7,-3.5,8.9,0,0,10.0,415,440,305,466,389,397,362,497,136,157,119,504,524,72,510,476,493,461,473,518,431,535,472,556,376,473,471,284,38,423,1,104.2,115.3,-11.1,0.574,0.561,0.146,0.073,0.04,0.055,101.48,2025-26
1642962,Drake Powell,Drake,1610612751,BKN,20.0,63,16,47,0.254,20.9,2.3,5.7,0.402,0.8,2.9,0.28,1.1,1.2,0.896,0.3,1.4,1.8,1.4,1.0,0.6,0.2,0.4,1.4,0.8,6.5,-7.1,12.2,0,0,12.1,194,348,32,484,270,356,317,471,309,271,435,271,314,59,467,420,450,321,280,330,340,230,366,399,341,552,393,284,38,386,1,100.3,116.3,-16.1,0.521,0.473,0.149,0.113,0.042,0.053,98.56,2025-26
203110,Draymond Green,Draymond,1610612744,GSW,36.0,68,31,37,0.456,27.5,3.0,7.2,0.418,1.5,4.6,0.326,0.9,1.2,0.702,0.8,4.7,5.5,5.5,2.7,0.9,0.6,0.2,2.9,1.6,8.4,-2.0,25.2,2,0,23.9,135,188,93,351,138,278,241,432,161,134,344,324,311,423,265,70,101,37,36,164,124,392,32,212,265,403,151,159,38,155,1,109.4,113.6,-4.3,0.54,0.52,0.158,0.278,0.098,0.084,101.72,2025-26
1629234,Drew Eubanks,Drew,1610612758,SAC,29.0,42,10,32,0.238,13.1,2.2,3.7,0.596,0.0,0.2,0.143,0.8,1.4,0.561,0.9,2.1,3.0,0.5,0.7,0.4,0.6,0.3,1.4,1.2,5.2,-3.7,11.7,1,0,10.7,348,411,149,501,421,363,419,58,508,521,505,353,286,516,217,317,299,521,365,454,123,358,379,289,396,483,402,201,38,411,1,106.4,117.8,-11.4,0.605,0.599,0.161,0.052,0.112,0.082,102.17,2025-26
1641809,Drew Peterson,Drew,1610612766,CHA,26.0,6,1,5,0.167,10.7,0.3,2.7,0.125,0.0,2.0,0.0,0.2,0.3,0.5,0.5,1.0,1.5,0.3,0.0,0.5,0.2,0.0,0.5,0.5,0.8,-1.7,5.1,0,0,4.0,527,549,501,544,467,569,481,577,517,348,517,531,516,531,379,477,478,541,562,373,399,540,541,469,571,386,531,284,38,546,1,103.1,110.7,-7.6,0.148,0.125,0.108,0.044,0.069,0.0,97.84,2025-26
1631166,Drew Timme,Drew,1610612747,LAL,25.0,27,18,9,0.667,8.7,1.4,2.4,0.576,0.4,0.9,0.44,0.2,0.3,0.556,0.4,0.9,1.2,0.9,0.5,0.2,0.0,0.1,0.7,0.4,3.4,-0.9,6.3,0,0,6.3,420,325,455,106,502,456,497,69,417,464,34,525,516,519,453,507,499,440,459,510,524,470,504,508,473,318,503,284,38,500,1,108.1,115.0,-6.9,0.658,0.659,0.155,0.145,0.072,0.084,97.7,2025-26
1630696,Dru Smith,Dru,1610612748,MIA,28.0,70,38,32,0.543,16.3,1.9,4.6,0.415,0.5,1.8,0.295,1.2,1.5,0.829,0.9,1.6,2.5,2.6,0.8,1.4,0.3,0.4,1.6,1.3,5.6,-1.2,16.9,0,0,14.7,105,128,149,262,365,392,367,441,383,367,418,241,263,175,230,405,372,178,348,33,277,214,325,275,378,345,304,284,38,336,1,107.1,110.3,-3.2,0.532,0.474,0.142,0.214,0.066,0.091,107.2,2025-26
1629130,Duncan Robinson,Duncan,1610612765,DET,32.0,77,58,19,0.753,27.4,4.1,9.1,0.456,2.9,7.0,0.41,1.1,1.4,0.755,0.4,2.3,2.7,2.1,0.7,0.6,0.3,0.2,2.2,1.5,12.2,7.0,20.4,0,0,21.5,37,5,333,45,139,184,168,293,22,32,72,277,276,331,449,292,343,227,371,330,287,407,150,229,155,18,228,284,38,192,1,120.8,109.5,11.3,0.629,0.613,0.152,0.094,0.047,0.078,101.22,2025-26
1641871,Duop Reath,Duop,1610612757,POR,30.0,32,16,16,0.5,8.1,1.0,2.3,0.446,0.7,1.7,0.418,0.2,0.2,0.833,0.3,0.9,1.2,0.3,0.2,0.2,0.3,0.1,0.9,0.2,2.9,-1.2,5.8,0,0,6.0,400,348,368,303,514,499,508,330,330,386,61,538,542,160,482,504,505,550,539,538,316,520,483,554,494,346,515,284,38,509,1,103.0,109.4,-6.4,0.613,0.601,0.13,0.059,0.067,0.067,104.4,2025-26
203939,Dwight Powell,Dwight,1610612742,DAL,34.0,63,19,44,0.302,14.4,1.0,1.6,0.644,0.0,0.1,0.286,1.2,1.8,0.696,1.5,2.6,4.1,1.1,0.7,0.5,0.3,0.2,2.1,1.7,3.3,-0.1,11.8,3,0,10.3,194,316,43,446,403,498,545,29,504,530,428,242,220,431,102,256,193,378,390,358,245,429,172,203,475,273,400,128,38,420,1,110.4,110.9,-0.5,0.699,0.653,0.084,0.095,0.136,0.073,104.58,2025-26
1642928,Dylan Cardwell,Dylan,1610612758,SAC,24.0,44,13,31,0.295,20.6,2.4,4.1,0.587,0.0,0.1,0.5,0.6,1.2,0.51,3.3,4.2,7.5,1.4,0.9,0.7,1.5,0.4,3.7,1.2,5.4,-1.5,22.3,3,0,18.8,336,384,160,449,277,339,401,62,499,533,13,409,326,530,14,97,40,328,304,272,16,221,5,308,390,369,194,128,38,245,1,108.6,111.1,-2.5,0.591,0.592,0.108,0.095,0.174,0.089,100.31,2025-26
1642844,Dylan Harper,Dylan,1610612759,SAS,20.0,69,53,16,0.768,22.6,4.8,9.5,0.505,0.9,2.6,0.343,1.3,1.7,0.756,0.8,2.6,3.4,3.9,1.4,0.8,0.3,0.8,2.0,1.4,11.8,4.4,23.6,0,0,22.2,118,19,368,36,231,138,153,148,300,298,278,225,230,329,275,247,259,81,166,219,239,54,201,257,168,53,171,284,38,180,1,116.9,107.4,9.5,0.574,0.551,0.211,0.246,0.07,0.113,101.49,2025-26
1630700,Dyson Daniels,Dyson,1610612737,ATL,23.0,76,44,32,0.579,33.2,5.3,10.2,0.517,0.3,1.5,0.188,1.0,1.6,0.615,2.4,4.4,6.8,5.9,1.8,2.0,0.4,0.6,2.2,1.7,11.9,4.0,34.3,15,2,29.6,54,67,149,201,37,112,135,120,445,401,497,301,247,498,41,80,59,32,103,6,201,148,149,200,165,60,57,36,16,92,1,116.8,110.6,6.2,0.542,0.532,0.157,0.23,0.1,0.106,103.18,2025-26
1630604,E.J. Liddell,E.J.,1610612751,BKN,25.0,26,5,21,0.192,13.4,2.1,4.3,0.486,0.7,2.0,0.346,0.8,1.0,0.808,0.5,2.1,2.7,0.9,0.6,0.2,0.4,0.3,1.7,1.1,5.7,-1.8,11.5,1,0,11.2,425,474,305,535,417,376,390,193,343,348,270,341,360,217,363,313,346,422,412,507,220,349,271,316,377,392,406,201,38,401,1,108.1,114.6,-6.5,0.6,0.568,0.168,0.114,0.102,0.087,99.52,2025-26
1642856,Egor Dëmin,Egor,1610612751,BKN,20.0,52,14,38,0.269,25.2,3.4,8.6,0.399,2.4,6.2,0.385,1.0,1.3,0.831,0.4,2.8,3.2,3.3,1.7,0.8,0.3,0.3,1.8,1.2,10.3,-3.1,20.9,1,0,21.5,286,374,81,473,185,231,184,479,54,58,140,282,303,169,429,229,284,115,128,206,255,319,261,302,204,459,218,201,38,194,1,109.5,115.4,-5.9,0.561,0.537,0.182,0.199,0.063,0.081,99.16,2025-26
1641989,Elijah Harkless,Elijah,1610612762,UTA,26.0,26,5,21,0.192,21.0,2.1,6.2,0.335,0.8,3.4,0.239,1.9,2.5,0.766,0.4,1.7,2.0,2.9,1.0,1.2,0.2,0.4,2.0,2.7,6.8,-1.3,16.9,1,0,15.4,425,474,305,535,268,376,294,537,310,218,472,146,147,312,444,395,415,147,257,70,336,256,203,93,329,348,303,201,38,319,1,113.5,116.0,-2.5,0.471,0.401,0.162,0.177,0.047,0.055,103.83,2025-26
1641801,Emanuel Miller,Emanuel,1610612759,SAS,26.0,5,0,5,0.0,6.6,1.2,2.6,0.462,0.4,1.2,0.333,0.2,0.4,0.5,0.2,0.4,0.6,0.8,0.0,0.4,0.0,0.0,0.4,0.2,3.0,-3.8,6.1,0,0,5.6,539,567,501,567,533,480,484,271,419,435,302,521,504,531,531,561,560,452,562,432,524,540,556,549,489,485,510,284,38,515,1,88.9,116.9,-28.0,0.54,0.538,0.169,0.211,0.048,0.093,103.84,2025-26
1642402,Enrique Freeman,Enrique,1610612750,MIN,25.0,4,3,1,0.75,9.3,1.0,2.0,0.5,0.5,1.0,0.5,0.8,1.0,0.75,0.5,2.0,2.5,0.5,0.5,0.5,0.8,0.3,1.3,1.0,3.3,7.0,10.3,0,0,9.3,551,503,556,46,489,500,527,156,393,455,13,356,360,333,379,332,365,510,444,373,85,372,408,341,480,16,434,284,38,449,1,127.8,103.6,24.2,0.666,0.625,0.113,0.057,0.119,0.091,112.23,2025-26
201569,Eric Gordon,Eric,1610612755,PHI,37.0,6,3,3,0.5,12.3,2.0,3.5,0.571,1.3,2.3,0.571,0.2,0.3,0.5,0.2,0.2,0.3,0.5,0.5,0.7,0.2,0.2,0.5,0.2,5.5,-5.2,8.7,0,0,9.3,527,503,530,303,436,383,428,72,190,318,9,531,516,531,544,573,572,510,444,276,399,445,541,557,383,529,476,284,38,445,1,102.6,120.1,-17.6,0.754,0.762,0.137,0.063,0.013,0.083,102.51,2025-26
1630679,Ethan Thompson,Ethan,1610612754,IND,27.0,32,8,24,0.25,20.4,2.3,6.1,0.378,1.2,3.6,0.328,1.2,1.5,0.787,0.5,1.6,2.2,1.8,0.8,0.6,0.3,0.4,2.2,1.4,7.0,0.0,14.2,0,0,13.9,400,440,258,485,285,352,296,511,221,197,340,256,270,259,369,400,406,265,351,303,291,234,158,251,326,250,358,284,38,351,1,109.8,109.9,-0.1,0.515,0.474,0.154,0.122,0.051,0.051,101.84,2025-26
1630596,Evan Mobley,Evan,1610612739,CLE,25.0,65,40,25,0.615,31.9,7.2,13.2,0.546,1.0,3.2,0.297,2.8,4.6,0.606,2.4,6.6,9.0,3.6,1.9,0.7,1.7,0.7,2.4,3.5,18.2,3.4,39.9,27,0,36.7,166,110,246,163,52,40,70,89,284,231,413,80,51,503,43,20,19,99,91,239,7,72,89,58,61,73,30,14,38,39,1,117.0,111.3,5.7,0.596,0.582,0.221,0.168,0.135,0.135,101.89,2025-26
1630532,Franz Wagner,Franz,1610612753,ORL,24.0,34,20,14,0.588,30.0,7.2,14.9,0.481,1.4,4.1,0.345,4.8,5.8,0.823,1.3,3.9,5.2,3.3,1.7,0.9,0.3,1.0,2.1,4.5,20.6,2.4,33.9,0,0,33.0,394,302,397,191,90,41,49,207,178,173,274,28,29,193,136,115,123,116,122,145,259,22,167,28,37,113,60,284,38,63,1,114.2,110.6,3.6,0.588,0.529,0.256,0.175,0.084,0.134,104.86,2025-26
1641713,GG Jackson,GG,1610612763,MEM,21.0,55,16,39,0.291,21.4,4.6,9.3,0.496,1.2,3.5,0.332,2.0,2.7,0.742,0.9,3.4,4.3,1.5,1.5,0.6,0.8,0.6,1.4,1.9,12.5,-1.5,22.4,1,0,22.1,258,348,76,450,258,144,159,171,226,207,329,131,122,359,228,158,179,313,143,340,75,113,377,171,145,376,192,201,38,182,1,114.0,117.5,-3.5,0.591,0.558,0.23,0.103,0.097,0.108,102.85,2025-26
1629216,Gabe Vincent,Gabe,1610612737,ATL,30.0,53,36,17,0.679,16.6,1.4,4.1,0.352,1.1,3.3,0.341,0.4,0.4,0.87,0.3,0.7,1.0,1.4,0.5,0.5,0.1,0.2,1.5,0.6,4.4,0.7,8.9,0,0,9.1,276,151,359,99,357,452,400,531,240,225,285,473,497,99,478,533,524,323,443,371,505,431,344,442,430,197,470,284,38,456,2,117.3,116.0,1.3,0.511,0.488,0.119,0.109,0.03,0.033,101.94,2025-26
202066,Garrett Temple,Garrett,1610612761,TOR,40.0,22,10,12,0.455,3.3,0.2,0.7,0.267,0.1,0.5,0.25,0.3,0.4,0.667,0.0,0.4,0.4,0.4,0.3,0.2,0.1,0.0,0.3,0.3,0.8,0.0,2.4,0,0,2.3,440,411,419,352,574,576,577,565,483,494,458,505,501,452,564,564,568,529,513,528,479,531,569,519,575,256,573,284,38,574,1,92.4,94.2,-1.8,0.448,0.367,0.152,0.205,0.065,0.051,102.66,2025-26
1629726,Garrison Mathews,Garrison,1610612754,IND,29.0,15,4,11,0.267,13.1,1.4,3.5,0.404,1.1,3.1,0.37,1.3,1.5,0.826,0.1,1.0,1.1,0.7,0.2,0.4,0.2,0.1,1.3,1.5,5.2,-0.1,9.2,0,0,9.3,465,487,432,476,422,457,431,467,237,251,188,234,256,184,553,477,514,478,541,432,358,482,404,237,397,271,460,284,38,445,1,107.3,108.0,-0.7,0.628,0.567,0.134,0.069,0.042,0.072,103.91,2025-26
203914,Gary Harris,Gary,1610612749,MIL,31.0,48,15,33,0.313,13.8,1.0,2.2,0.442,0.6,1.4,0.412,0.2,0.2,0.889,0.3,0.9,1.3,1.1,0.4,0.6,0.2,0.1,1.1,0.1,2.7,-2.8,7.6,0,0,7.1,310,365,135,441,413,509,521,341,374,416,68,531,542,72,467,495,494,383,490,342,373,511,443,560,508,441,491,284,38,490,1,105.9,115.5,-9.6,0.593,0.577,0.082,0.105,0.048,0.048,98.9,2025-26
1627780,Gary Payton II,Gary,1610612744,GSW,33.0,73,33,40,0.452,15.6,3.3,5.7,0.583,0.5,1.7,0.291,0.4,0.5,0.65,1.4,2.2,3.6,1.7,0.8,0.9,0.3,0.2,1.8,0.5,7.5,-1.5,17.1,2,0,15.7,78,175,69,356,382,242,316,63,392,384,425,484,470,471,122,299,233,275,318,152,286,408,258,462,304,368,296,159,38,309,1,111.2,113.5,-2.3,0.632,0.628,0.177,0.164,0.113,0.114,102.7,2025-26
1629018,Gary Trent Jr.,Gary,1610612749,MIL,27.0,65,24,41,0.369,21.2,2.8,7.3,0.387,1.9,5.3,0.36,0.6,0.8,0.769,0.1,0.9,1.0,1.2,0.6,0.5,0.0,0.2,1.3,0.7,8.1,-5.4,12.3,0,0,13.4,166,252,61,400,262,299,238,501,107,98,224,401,409,306,554,499,521,364,394,364,512,397,393,417,278,534,389,284,38,357,1,107.9,120.4,-12.4,0.533,0.517,0.167,0.082,0.024,0.047,99.53,2025-26
203507,Giannis Antetokounmpo,Giannis,1610612749,MIL,31.0,36,17,19,0.472,28.9,10.4,16.6,0.624,0.4,1.3,0.333,6.4,9.9,0.65,2.7,7.1,9.8,5.4,3.2,0.9,0.7,1.0,2.4,8.1,27.6,2.7,49.1,19,0,46.4,384,334,333,345,114,4,28,40,415,430,302,8,2,474,29,16,17,41,13,143,110,35,99,1,9,98,5,25,38,6,1,119.4,114.9,4.4,0.658,0.636,0.358,0.344,0.168,0.213,99.9,2025-26
1629048,Goga Bitadze,Goga,1610612753,ORL,26.0,64,34,30,0.531,15.2,2.4,3.5,0.676,0.0,0.2,0.182,1.1,1.5,0.711,2.1,2.9,5.0,1.3,0.7,0.6,1.0,0.2,2.1,1.5,5.9,0.3,17.8,3,0,15.3,180,168,172,273,388,341,427,15,505,520,500,276,261,406,53,219,135,345,378,327,51,413,163,236,360,231,284,128,38,322,1,112.6,111.0,1.6,0.7,0.68,0.128,0.124,0.157,0.122,102.52,2025-26
1641711,Gradey Dick,Gradey,1610612761,TOR,22.0,76,43,33,0.566,14.0,2.1,5.1,0.419,0.7,2.4,0.301,1.0,1.2,0.875,0.6,1.4,1.9,0.7,0.6,0.6,0.1,0.3,1.3,0.9,6.0,1.6,10.8,1,0,10.7,54,75,135,224,406,372,348,422,326,307,401,285,327,87,357,432,432,477,423,324,478,327,384,380,359,149,421,201,38,410,1,110.8,106.7,4.1,0.538,0.492,0.176,0.066,0.066,0.07,103.25,2025-26
1641761,Grant Nelson,Grant,1610612751,BKN,24.0,4,0,4,0.0,8.8,1.3,2.3,0.556,0.0,0.0,0.0,1.8,2.5,0.7,0.3,1.3,1.5,1.3,1.0,0.3,1.3,0.5,1.5,2.0,4.3,-1.8,11.4,0,0,10.0,551,567,509,567,499,468,514,81,517,548,517,164,136,424,504,443,478,354,257,498,25,178,340,160,440,391,408,284,38,425,1,112.7,122.5,-9.9,0.634,0.556,0.222,0.217,0.094,0.1,97.34,2025-26
1629684,Grant Williams,Grant,1610612766,CHA,27.0,36,25,11,0.694,19.8,2.2,5.1,0.426,1.4,3.7,0.388,1.2,1.5,0.815,1.3,2.7,3.9,1.6,0.9,0.5,0.5,0.2,1.6,1.4,7.0,5.6,16.1,0,0,15.9,384,243,432,85,299,366,346,393,172,190,126,245,263,207,134,240,209,298,313,399,156,445,327,245,324,35,317,284,38,306,1,119.2,106.3,12.9,0.609,0.568,0.132,0.106,0.094,0.089,99.41,2025-26
1628960,Grayson Allen,Grayson,1610612756,PHX,30.0,51,26,25,0.51,28.8,5.3,13.1,0.403,3.1,8.9,0.349,2.8,3.3,0.857,0.7,2.3,3.0,3.8,1.6,1.4,0.3,0.6,2.3,3.0,16.5,0.4,29.1,0,0,29.7,291,231,246,296,115,116,74,469,14,7,259,76,91,116,304,288,294,82,132,47,314,137,122,77,81,224,109,284,38,91,1,113.9,113.8,0.1,0.568,0.522,0.231,0.206,0.051,0.105,99.12,2025-26
1627824,Guerschon Yabusele,Guerschon,1610612741,CHI,30.0,67,32,35,0.478,15.0,1.9,4.7,0.401,1.0,2.9,0.352,0.8,1.1,0.75,0.8,2.7,3.5,0.9,0.6,0.4,0.2,0.3,1.2,0.8,5.6,-2.5,12.4,4,0,12.3,147,182,112,340,392,396,366,474,259,266,247,343,345,333,250,242,245,418,401,440,330,368,419,395,380,422,387,114,38,383,2,107.4,115.3,-7.9,0.543,0.511,0.155,0.087,0.11,0.077,103.86,2025-26
1630611,Gui Santos,Gui,1610612744,GSW,24.0,68,29,39,0.426,20.5,3.4,6.8,0.5,1.1,3.3,0.351,1.3,1.8,0.725,1.1,2.8,3.9,2.3,1.5,0.9,0.3,0.5,2.1,1.8,9.2,0.5,19.6,3,0,19.0,135,203,76,371,279,234,257,156,232,224,252,231,224,386,170,227,211,202,150,164,259,201,179,193,238,217,239,128,38,239,1,111.7,110.7,1.0,0.609,0.585,0.181,0.168,0.094,0.097,100.89,2025-26
203084,Harrison Barnes,Harrison,1610612759,SAS,34.0,77,57,20,0.74,25.8,3.4,7.5,0.456,1.8,4.6,0.388,1.3,1.6,0.829,0.8,2.0,2.8,1.9,0.8,0.6,0.2,0.3,1.1,1.3,9.9,4.3,17.8,0,0,18.0,37,6,322,58,175,233,230,291,115,130,125,221,248,172,266,344,331,248,344,289,413,347,444,262,217,55,283,284,38,262,1,118.4,110.6,7.8,0.608,0.577,0.144,0.097,0.051,0.075,101.69,2025-26
1631127,Harrison Ingram,Harrison,1610612759,SAS,23.0,7,6,1,0.857,3.7,0.7,0.9,0.833,0.1,0.1,1.0,0.0,0.0,0.0,0.4,0.0,0.4,0.1,0.1,0.0,0.0,0.0,0.3,0.1,1.6,-0.9,2.2,0,0,2.3,518,461,556,6,569,534,572,1,480,526,1,563,564,563,414,577,566,570,550,564,524,540,565,561,549,319,574,284,38,573,1,105.3,117.9,-12.6,0.917,0.917,0.104,0.048,0.075,0.086,103.84,2025-26
1643060,Hayden Gray,Hayden,1610612762,UTA,23.0,1,0,1,0.0,24.8,2.0,3.0,0.667,0.0,1.0,0.0,2.0,2.0,1.0,0.0,0.0,0.0,1.0,1.0,1.0,1.0,0.0,0.0,1.0,6.0,-18.0,12.5,0,0,11.0,579,567,556,567,194,383,458,17,517,455,517,134,189,1,565,577,579,394,257,121,42,540,579,341,357,580,384,284,38,404,1,103.8,132.7,-29.0,0.773,0.667,0.079,0.05,0.0,0.05,104.73,2025-26
1629312,Haywood Highsmith,Haywood,1610612756,PHX,29.0,7,4,3,0.571,13.0,1.7,3.3,0.522,1.1,2.0,0.571,0.9,1.0,0.857,0.9,1.0,1.9,1.0,0.0,0.6,0.0,0.3,1.3,0.7,5.4,1.4,10.9,0,0,10.6,518,487,530,210,424,418,439,110,234,348,9,329,360,116,242,477,437,394,562,330,524,328,399,422,389,157,419,284,38,414,1,117.8,116.1,1.7,0.729,0.696,0.121,0.119,0.072,0.107,93.58,2025-26
1630529,Herbert Jones,Herbert,1610612740,NOP,27.0,56,22,34,0.393,28.4,3.3,8.5,0.383,1.4,4.6,0.309,0.9,1.1,0.806,0.8,2.6,3.4,2.8,1.3,1.6,0.5,0.5,3.2,1.2,8.9,-0.9,21.9,0,0,20.6,247,277,125,390,123,249,187,505,176,131,387,321,339,218,247,258,258,154,195,18,166,196,22,307,247,323,204,284,38,212,1,113.5,114.4,-0.9,0.491,0.467,0.153,0.13,0.059,0.053,101.08,2025-26
1642864,Hugo González,Hugo,1610612738,BOS,20.0,74,51,23,0.689,14.6,1.6,3.3,0.476,0.6,1.6,0.362,0.2,0.4,0.5,0.8,2.5,3.3,0.5,0.5,0.6,0.3,0.3,1.7,0.7,3.9,3.3,10.7,2,0,10.0,70,30,275,88,397,431,438,226,378,399,214,528,512,531,248,266,268,502,442,338,290,336,289,424,453,77,423,159,38,422,1,118.0,106.2,11.9,0.561,0.561,0.114,0.047,0.107,0.067,97.78,2025-26
1630621,Hunter Dickinson,Hunter,1610612740,NOP,25.0,5,1,4,0.2,8.5,1.0,2.8,0.357,0.0,0.8,0.0,0.4,0.4,1.0,0.4,0.6,1.0,0.4,0.6,0.2,0.4,0.0,1.2,0.2,2.4,-7.4,5.4,0,0,5.0,539,549,509,526,509,500,472,528,517,472,517,469,504,1,431,541,526,530,403,521,205,540,421,549,515,560,526,284,38,522,1,100.0,135.7,-35.7,0.403,0.357,0.162,0.065,0.049,0.01,109.61,2025-26
1642282,Hunter Sallis,Hunter,1610612755,PHI,23.0,7,3,4,0.429,3.7,0.4,0.7,0.6,0.0,0.0,0.0,0.1,0.3,0.5,0.0,0.1,0.1,0.6,0.7,0.0,0.1,0.0,0.3,0.3,1.0,-1.9,1.7,0,0,2.0,518,503,509,369,571,563,575,49,517,548,517,542,526,531,565,574,578,493,365,564,423,540,565,525,564,395,575,284,38,575,1,89.5,112.3,-22.8,0.595,0.6,0.169,0.235,0.017,0.024,106.57,2025-26
1641816,Hunter Tyson,Hunter,1610612743,DEN,26.0,21,15,6,0.714,7.7,0.7,2.5,0.269,0.3,1.6,0.212,0.5,0.6,0.846,0.2,1.5,1.7,0.8,0.2,0.1,0.0,0.3,0.6,0.4,2.2,-1.1,5.7,0,0,5.3,444,365,485,75,517,540,494,564,429,398,485,427,451,136,539,412,458,450,535,555,510,328,522,505,526,342,521,284,38,518,1,100.0,107.5,-7.5,0.398,0.337,0.166,0.17,0.102,0.065,98.58,2025-26
1630193,Immanuel Quickley,Immanuel,1610612761,TOR,27.0,70,41,29,0.586,31.9,5.7,12.9,0.443,2.5,6.8,0.374,2.4,3.0,0.821,0.5,3.5,4.0,5.9,1.5,1.3,0.1,0.6,2.0,2.7,16.4,1.7,32.9,8,0,31.7,105,97,189,193,53,88,79,339,43,40,173,99,107,197,359,147,196,30,162,50,496,125,202,98,83,143,73,66,38,73,1,115.0,112.1,2.9,0.577,0.541,0.206,0.261,0.062,0.118,100.06,2025-26
1642403,Isaac Jones,Isaac,1610612765,DET,25.0,7,5,2,0.714,5.1,0.4,1.0,0.429,0.0,0.3,0.0,0.4,0.6,0.75,0.3,0.4,0.7,0.1,0.1,0.0,0.1,0.1,0.6,0.6,1.3,-3.7,2.6,0,0,2.4,518,474,540,75,555,563,565,385,517,514,517,462,464,333,488,558,553,570,550,564,423,474,531,451,558,482,571,284,38,571,2,88.9,126.8,-37.9,0.514,0.429,0.119,0.048,0.069,0.036,96.18,2025-26
1630171,Isaac Okoro,Isaac,1610612741,CHI,25.0,63,26,37,0.413,26.9,3.3,7.3,0.46,1.2,3.5,0.33,1.4,1.8,0.795,1.1,1.7,2.7,1.6,0.7,0.7,0.5,0.4,2.6,1.7,9.3,-5.3,17.8,0,0,17.1,194,231,93,378,153,238,237,278,228,208,332,208,220,241,173,397,335,295,364,243,176,212,69,203,234,531,282,284,38,278,1,112.1,120.6,-8.5,0.574,0.539,0.137,0.079,0.049,0.05,103.21,2025-26
1642268,Isaiah Collier,Isaiah,1610612762,UTA,21.0,59,16,43,0.271,25.7,4.3,8.7,0.495,0.5,1.7,0.27,2.6,3.5,0.722,0.4,2.2,2.5,7.2,2.5,1.1,0.3,0.9,2.3,2.6,11.7,-7.5,27.3,10,0,24.7,225,348,51,471,178,165,181,173,407,389,445,90,78,389,460,310,359,13,41,86,244,39,107,109,174,564,124,56,38,142,1,109.4,122.6,-13.2,0.567,0.521,0.204,0.404,0.048,0.102,104.25,2025-26
1642384,Isaiah Crawford,Isaiah,1610612745,HOU,24.0,14,8,6,0.571,6.6,0.7,1.7,0.417,0.2,0.9,0.231,0.4,0.4,0.833,0.2,0.9,1.1,0.4,0.3,0.1,0.2,0.1,0.3,0.6,2.0,-0.6,4.7,0,0,4.4,472,440,485,210,534,534,540,434,464,463,478,481,498,160,524,496,511,539,519,541,348,474,565,451,531,304,540,284,38,538,1,97.3,103.2,-5.9,0.526,0.479,0.138,0.079,0.077,0.087,97.46,2025-26
1628392,Isaiah Hartenstein,Isaiah,1610612760,OKC,28.0,47,39,8,0.83,24.2,3.9,6.3,0.622,0.0,0.1,0.0,1.4,2.2,0.61,3.2,6.3,9.4,3.5,1.7,1.0,0.8,0.4,2.5,2.1,9.2,7.8,29.4,11,1,25.7,320,118,468,14,202,195,290,41,517,525,517,215,171,500,16,23,18,103,112,114,82,273,78,153,237,11,105,53,23,130,1,118.8,103.2,15.6,0.631,0.622,0.153,0.189,0.188,0.143,100.69,2025-26
1630543,Isaiah Jackson,Isaiah,1610612746,LAC,24.0,55,20,35,0.364,16.5,2.7,4.3,0.637,0.0,0.1,0.0,1.2,1.9,0.648,2.1,3.2,5.3,0.9,1.1,0.7,0.9,0.3,2.7,1.5,6.7,-0.9,18.1,7,0,16.0,258,302,112,403,361,305,388,33,517,539,517,243,207,475,59,178,118,417,247,285,61,366,50,235,332,327,274,72,38,304,2,111.8,114.7,-2.9,0.653,0.637,0.152,0.083,0.155,0.104,102.07,2025-26
1630198,Isaiah Joe,Isaiah,1610612760,OKC,26.0,71,56,15,0.789,21.2,3.5,7.6,0.455,2.5,6.0,0.423,1.5,1.7,0.894,0.5,2.1,2.5,1.3,0.6,0.7,0.2,0.2,1.7,1.9,11.1,5.0,18.0,0,0,19.2,98,7,382,27,261,227,221,299,41,64,50,192,228,64,403,320,357,344,392,261,415,390,281,177,185,42,275,284,38,232,1,116.9,105.2,11.7,0.657,0.622,0.178,0.089,0.057,0.099,101.43,2025-26
1630587,Isaiah Livers,Isaiah,1610612756,PHX,27.0,36,21,15,0.583,9.6,0.6,1.8,0.344,0.3,1.1,0.3,0.3,0.3,0.75,0.5,1.2,1.7,0.6,0.3,0.4,0.2,0.2,0.8,0.2,1.8,0.3,6.1,0,0,5.6,384,292,382,195,482,548,536,535,429,447,403,510,516,333,371,456,461,492,503,452,340,424,499,545,541,229,508,284,38,516,1,109.4,108.3,1.1,0.469,0.438,0.094,0.078,0.083,0.05,101.64,2025-26
1641815,Isaiah Stevens,Isaiah,1610612758,SAC,25.0,3,0,3,0.0,14.3,1.0,2.3,0.429,0.0,0.3,0.0,1.3,1.3,1.0,0.7,0.3,1.0,3.3,0.7,1.7,0.0,0.7,0.7,0.7,3.3,-3.0,13.9,0,0,11.0,566,567,530,567,404,500,504,385,517,510,517,217,290,1,320,565,526,113,379,13,524,96,511,433,475,454,360,284,38,404,1,110.2,123.3,-13.0,0.571,0.429,0.107,0.357,0.038,0.093,97.61,2025-26
1630191,Isaiah Stewart,Isaiah,1610612765,DET,25.0,58,42,16,0.724,22.7,3.8,6.9,0.55,0.7,2.1,0.333,1.7,2.3,0.756,1.7,3.3,5.0,1.1,1.2,0.3,1.6,0.4,2.9,2.1,10.0,0.7,22.2,2,0,20.6,230,87,368,71,228,199,250,86,344,335,302,172,168,330,90,160,135,373,229,489,12,245,35,149,213,200,196,159,38,211,1,112.8,111.0,1.8,0.632,0.6,0.164,0.073,0.103,0.095,101.0,2025-26
1627826,Ivica Zubac,Ivica,1610612754,IND,29.0,48,17,31,0.354,30.1,6.0,10.0,0.598,0.0,0.0,0.0,2.1,3.0,0.711,3.4,7.2,10.6,2.2,1.8,0.4,0.8,0.7,2.3,3.1,14.1,-1.0,31.9,24,0,29.3,310,334,160,408,88,80,141,57,517,548,517,122,106,407,12,11,10,216,102,448,69,76,108,74,114,332,80,16,38,95,2,115.6,117.9,-2.4,0.622,0.598,0.186,0.11,0.178,0.13,97.51,2025-26
1631120,JD Davison,JD,1610612745,HOU,23.0,28,23,5,0.821,7.8,0.9,2.3,0.375,0.3,1.1,0.25,0.5,0.7,0.684,0.1,1.1,1.2,1.3,0.3,0.2,0.2,0.1,0.6,0.5,2.5,0.6,6.8,0,0,6.1,418,268,501,17,516,516,509,513,446,441,458,450,436,442,557,468,502,354,529,515,348,474,524,464,513,209,498,284,38,505,1,108.7,106.1,2.6,0.477,0.438,0.153,0.219,0.074,0.09,97.79,2025-26
1629630,Ja Morant,Ja,1610612763,MEM,26.0,20,7,13,0.35,28.4,6.6,16.1,0.41,1.0,4.3,0.235,5.3,5.9,0.897,0.4,2.9,3.3,8.1,3.6,1.0,0.3,0.9,2.0,4.2,19.5,-2.5,35.8,8,0,34.4,449,452,409,409,120,59,31,452,268,155,474,23,28,58,431,222,277,5,7,121,277,40,203,36,50,423,48,66,38,48,1,109.5,113.9,-4.4,0.521,0.441,0.305,0.447,0.053,0.128,106.6,2025-26
1642266,Ja'Kobe Walter,Ja'Kobe,1610612761,TOR,21.0,72,41,31,0.569,20.5,2.5,5.6,0.446,1.5,3.7,0.409,1.0,1.3,0.789,0.8,1.8,2.6,1.2,0.5,1.0,0.2,0.3,2.3,1.1,7.5,0.0,15.5,0,0,15.2,84,97,160,218,282,328,323,333,150,188,74,302,303,254,276,379,352,367,441,120,369,345,131,311,302,252,332,284,38,323,1,111.6,110.7,0.9,0.61,0.582,0.136,0.079,0.062,0.069,100.83,2025-26
1631095,Jabari Smith Jr.,Jabari,1610612745,HOU,23.0,77,48,29,0.623,35.1,5.7,12.7,0.449,2.3,6.3,0.363,2.1,2.7,0.775,1.4,5.5,6.9,1.9,1.4,0.7,0.9,0.7,2.5,2.1,15.8,3.4,30.4,14,0,30.1,37,41,189,155,9,90,81,320,64,54,209,124,126,294,120,37,58,254,186,245,55,87,82,151,91,74,96,38,38,88,1,117.0,112.0,5.0,0.569,0.54,0.179,0.073,0.096,0.093,97.66,2025-26
1631133,Jabari Walker,Jabari,1610612755,PHI,23.0,64,36,28,0.563,11.9,1.5,3.3,0.455,0.5,1.5,0.337,0.8,1.1,0.735,1.1,1.9,3.0,0.5,0.4,0.4,0.2,0.3,1.6,0.9,4.3,0.1,10.0,2,0,9.5,180,151,205,229,445,443,437,295,393,406,296,348,347,367,162,353,301,506,482,453,357,286,310,378,434,246,440,159,38,442,1,112.8,112.8,0.0,0.568,0.531,0.142,0.061,0.12,0.073,102.53,2025-26
1631210,Jacob Toppin,Jacob,1610612737,ATL,26.0,5,3,2,0.6,3.4,0.8,1.2,0.667,0.0,0.0,0.0,0.0,0.0,0.0,0.0,0.2,0.2,0.2,0.0,0.0,0.2,0.0,0.2,0.2,1.6,2.6,2.7,0,0,2.4,539,503,540,174,573,523,560,17,517,548,517,563,564,563,565,570,576,566,562,564,358,540,574,549,548,103,570,284,38,572,1,102.7,71.4,31.3,0.667,0.667,0.14,0.091,0.033,0.181,102.45,2025-26
1630702,Jaden Hardy,Jaden,1610612764,WAS,23.0,57,13,44,0.228,15.8,3.2,7.5,0.424,1.8,4.6,0.397,1.0,1.3,0.733,0.3,1.2,1.5,1.0,1.1,0.3,0.1,0.3,1.6,1.0,9.2,-1.5,12.6,0,0,14.3,235,384,43,511,377,257,229,401,113,132,102,306,295,370,496,447,477,391,241,487,459,296,323,336,240,366,383,284,38,344,2,112.0,116.4,-4.4,0.566,0.545,0.239,0.095,0.047,0.066,103.45,2025-26
1631093,Jaden Ivey,Jaden,1610612741,CHI,24.0,37,23,14,0.622,18.1,3.1,6.9,0.445,1.4,3.6,0.373,1.0,1.3,0.809,0.6,1.8,2.5,1.8,1.1,0.6,0.4,0.5,1.4,1.1,8.5,0.7,16.1,0,0,16.2,377,268,397,156,328,270,251,334,188,198,178,284,300,216,327,370,374,258,238,306,226,170,362,326,258,198,316,284,38,297,2,110.3,108.2,2.1,0.571,0.543,0.192,0.145,0.065,0.091,101.98,2025-26
1630183,Jaden McDaniels,Jaden,1610612750,MIN,25.0,73,44,29,0.603,31.7,5.7,11.1,0.515,1.4,3.4,0.412,2.0,2.4,0.835,1.0,3.2,4.2,2.7,1.8,1.1,1.0,0.6,3.3,2.1,14.8,1.6,28.6,0,0,27.5,78,67,189,173,55,89,117,124,179,216,67,133,153,158,184,179,180,158,101,90,42,139,13,147,103,147,115,284,38,115,1,115.5,112.4,3.1,0.611,0.579,0.182,0.121,0.065,0.088,102.0,2025-26
1630256,Jae'Sean Tate,Jae'Sean,1610612745,HOU,30.0,46,33,13,0.717,8.8,1.2,2.4,0.514,0.2,0.7,0.313,0.2,0.2,0.636,0.7,0.9,1.6,0.5,0.3,0.2,0.1,0.1,1.0,0.4,2.8,-0.8,6.0,0,0,5.7,324,175,409,74,497,477,502,131,463,479,382,539,534,486,307,505,467,501,498,513,501,486,456,509,504,315,512,284,38,514,1,107.8,111.1,-3.3,0.567,0.56,0.131,0.095,0.085,0.067,97.9,2025-26
1642942,Jahmai Mashack,Jahmai,1610612763,MEM,23.0,31,10,21,0.323,21.7,2.5,6.3,0.395,0.6,2.4,0.253,0.6,1.1,0.543,0.7,1.9,2.6,2.2,1.6,1.2,0.5,0.3,2.2,1.1,6.2,-6.8,16.0,2,1,14.9,407,411,305,431,252,331,291,490,359,310,456,403,335,525,295,354,349,212,137,69,181,311,154,312,350,548,321,159,23,331,1,106.2,120.7,-14.5,0.456,0.444,0.156,0.141,0.057,0.041,104.0,2025-26
1642443,Jahmir Young,Jahmir,1610612748,MIA,25.0,14,10,4,0.714,4.2,0.7,1.8,0.4,0.2,0.6,0.333,0.1,0.1,1.0,0.1,0.1,0.3,0.6,0.2,0.1,0.0,0.3,0.5,0.2,1.8,0.1,3.1,0,0,3.1,472,411,509,75,564,534,534,475,464,481,302,542,553,1,549,574,573,483,540,560,524,328,541,546,542,245,567,284,38,564,1,113.5,107.9,5.6,0.483,0.46,0.178,0.18,0.029,0.048,112.17,2025-26
1643141,Jahmyl Telfort,Jahmyl,1610612746,LAC,25.0,8,2,6,0.25,4.0,0.0,0.5,0.0,0.0,0.5,0.0,0.1,0.5,0.25,0.0,0.4,0.4,0.1,0.1,0.1,0.0,0.0,0.6,0.3,0.1,-0.9,1.0,0,0,0.9,515,526,485,485,565,578,580,578,517,496,517,546,481,560,565,563,570,573,554,545,524,540,520,531,578,323,581,284,38,581,1,94.0,102.9,-8.9,0.087,0.0,0.093,0.05,0.047,-0.064,101.14,2025-26
1631170,Jaime Jaquez Jr.,Jaime,1610612748,MIA,25.0,75,41,34,0.547,28.3,6.2,12.2,0.507,0.8,2.4,0.317,2.2,2.9,0.769,1.3,3.7,5.0,4.7,2.0,0.7,0.3,1.0,1.8,2.2,15.4,1.9,29.3,6,0,27.7,60,97,125,256,126,72,89,143,321,309,370,115,116,308,133,135,135,60,80,275,293,36,254,144,94,127,107,84,38,114,1,114.7,111.9,2.9,0.57,0.539,0.216,0.24,0.08,0.113,105.49,2025-26
1631222,Jake LaRavia,Jake,1610612747,LAL,24.0,82,53,29,0.646,25.1,2.9,6.4,0.459,1.0,3.0,0.321,1.4,1.9,0.763,1.4,2.6,4.0,1.8,1.1,1.3,0.5,0.3,2.4,1.5,8.2,-0.1,19.8,1,0,18.4,1,19,189,132,186,295,286,282,285,261,358,207,214,317,116,254,205,268,245,56,172,289,97,242,274,258,236,201,38,255,1,116.1,116.1,0.0,0.571,0.533,0.138,0.093,0.081,0.067,100.51,2025-26
1627751,Jakob Poeltl,Jakob,1610612761,TOR,30.0,46,26,20,0.565,25.0,4.7,6.7,0.7,0.0,0.0,0.0,1.3,2.1,0.602,2.5,4.5,7.0,2.0,1.2,0.9,0.7,0.3,3.2,2.0,10.7,1.0,25.6,7,0,22.9,324,231,322,225,190,141,258,11,517,548,517,229,178,505,38,75,52,232,213,180,100,359,23,160,193,180,144,72,38,169,1,114.7,112.6,2.0,0.698,0.7,0.15,0.111,0.145,0.115,100.36,2025-26
1628973,Jalen Brunson,Jalen,1610612752,NYK,29.0,74,50,24,0.676,35.0,9.3,19.9,0.467,2.6,7.1,0.369,4.8,5.7,0.841,0.4,2.9,3.3,6.8,2.4,0.8,0.1,0.7,2.3,5.1,26.0,4.8,40.5,12,0,40.6,70,32,258,101,11,10,6,258,39,26,189,29,31,147,421,212,263,16,54,221,457,94,118,17,14,45,27,47,38,21,1,120.2,114.1,6.1,0.58,0.533,0.296,0.307,0.047,0.135,98.25,2025-26
1631105,Jalen Duren,Jalen,1610612765,DET,22.0,70,50,20,0.714,28.2,7.5,11.5,0.65,0.0,0.0,0.0,4.6,6.1,0.747,3.8,6.7,10.5,2.0,1.9,0.8,0.8,1.2,2.8,4.3,19.5,6.9,38.2,41,0,35.3,105,32,322,75,127,31,105,26,517,548,517,34,22,351,8,19,12,241,93,203,66,11,41,35,49,21,39,5,38,44,1,120.0,108.2,11.8,0.688,0.65,0.231,0.104,0.182,0.177,100.81,2025-26
1630224,Jalen Green,Jalen,1610612756,PHX,24.0,32,17,15,0.531,25.9,6.8,16.0,0.422,2.2,7.1,0.313,2.0,2.7,0.747,0.5,3.1,3.6,2.8,2.3,1.1,0.3,1.1,1.3,2.6,17.8,1.0,28.1,0,0,29.1,400,334,382,273,171,57,34,413,68,29,381,132,125,349,379,184,234,149,64,105,316,15,392,114,64,181,118,284,38,98,1,114.2,113.5,0.7,0.516,0.491,0.309,0.181,0.067,0.106,99.56,2025-26
1630552,Jalen Johnson,Jalen,1610612737,ATL,24.0,72,42,30,0.583,35.2,8.3,17.1,0.489,1.7,4.7,0.352,4.2,5.3,0.788,1.4,8.9,10.3,7.9,3.4,1.2,0.4,1.2,2.1,3.7,22.5,2.6,48.3,49,13,45.7,84,87,172,195,8,22,24,189,134,122,249,38,37,256,119,4,14,8,9,62,188,9,174,51,25,106,8,3,2,8,1,115.5,112.3,3.2,0.581,0.537,0.264,0.325,0.14,0.161,103.58,2025-26
1629618,Jalen Pickett,Jalen,1610612743,DEN,26.0,50,34,16,0.68,16.1,2.0,4.6,0.422,1.0,2.5,0.386,0.3,0.4,0.789,0.4,1.9,2.3,2.3,0.7,0.3,0.1,0.2,0.8,0.4,5.2,0.1,11.8,0,0,11.5,297,168,368,97,369,390,368,410,275,300,135,501,508,250,456,348,393,204,376,496,466,415,493,507,397,247,401,284,38,397,1,112.1,112.4,-0.4,0.541,0.528,0.148,0.208,0.067,0.084,97.97,2025-26
1641771,Jalen Slawson,Jalen,1610612754,IND,26.0,13,3,10,0.231,23.9,2.6,5.9,0.442,1.2,3.1,0.375,0.9,1.3,0.706,0.5,3.8,4.4,2.8,1.3,1.5,1.1,0.5,2.1,1.5,7.3,-2.0,23.3,0,0,20.8,480,503,440,507,210,315,306,344,230,248,167,315,296,417,363,124,171,153,194,22,36,205,185,243,313,404,174,284,38,206,1,106.8,111.1,-4.3,0.562,0.539,0.136,0.167,0.086,0.09,101.39,2025-26
1630188,Jalen Smith,Jalen,1610612741,CHI,26.0,53,26,27,0.491,20.7,3.7,7.6,0.483,1.5,4.2,0.373,1.3,1.8,0.742,1.8,4.8,6.7,1.2,1.0,0.5,0.8,0.4,2.1,1.8,10.2,1.6,22.8,9,0,22.2,276,231,220,330,274,206,222,205,147,168,179,228,225,357,78,63,62,360,257,411,77,276,176,184,207,148,183,63,38,181,1,116.4,113.0,3.4,0.608,0.584,0.183,0.081,0.152,0.109,103.79,2025-26
1630591,Jalen Suggs,Jalen,1610612753,ORL,25.0,57,34,23,0.596,27.6,4.9,11.4,0.435,2.1,6.3,0.339,1.8,2.1,0.855,0.6,3.2,3.9,5.5,2.7,1.8,0.7,0.4,2.5,2.3,13.8,3.2,31.6,4,1,30.4,235,168,275,184,136,129,108,370,71,55,290,163,188,125,334,177,216,40,35,11,99,226,73,134,123,80,84,114,23,84,1,113.6,108.4,5.2,0.561,0.529,0.22,0.284,0.068,0.11,104.54,2025-26
1631114,Jalen Williams,Jalen,1610612760,OKC,25.0,33,25,8,0.758,28.4,6.5,13.5,0.484,0.7,2.3,0.299,3.3,3.9,0.837,0.8,3.8,4.6,5.5,1.9,1.2,0.3,0.7,2.0,3.1,17.1,6.9,33.3,1,0,30.8,398,243,468,42,124,62,65,198,339,318,409,60,69,155,256,128,159,39,87,72,299,96,216,72,73,19,69,201,38,82,1,118.1,106.4,11.7,0.56,0.51,0.252,0.274,0.079,0.135,102.62,2025-26
1630592,Jalen Wilson,Jalen,1610612751,BKN,25.0,54,10,44,0.185,15.9,2.0,5.1,0.396,1.0,2.8,0.355,1.3,1.8,0.719,0.3,1.8,2.1,0.9,0.7,0.4,0.0,0.3,1.6,1.4,6.4,-3.6,10.9,0,0,11.3,266,411,43,539,373,382,342,487,268,277,238,232,220,393,481,377,409,421,369,430,517,296,318,250,346,474,418,284,38,400,1,104.5,115.4,-10.9,0.536,0.493,0.177,0.098,0.067,0.061,98.57,2025-26
1631288,Jamal Cain,Jamal,1610612753,ORL,27.0,40,22,18,0.55,12.1,1.9,3.8,0.487,0.7,1.8,0.384,1.0,1.2,0.848,0.7,1.3,2.0,0.7,0.5,0.3,0.1,0.2,1.3,0.9,5.4,1.1,9.5,0,0,9.5,362,277,348,248,440,399,413,191,337,372,144,304,330,135,315,443,428,471,462,491,466,415,385,363,393,177,453,284,38,439,1,118.0,113.5,4.5,0.624,0.579,0.159,0.085,0.08,0.081,100.94,2025-26
1627750,Jamal Murray,Jamal,1610612743,DEN,29.0,75,48,27,0.64,35.4,8.8,18.1,0.483,3.3,7.5,0.435,4.6,5.2,0.887,0.4,4.0,4.4,7.1,2.3,0.9,0.4,0.8,1.7,4.0,25.4,5.8,42.9,18,0,42.7,60,41,220,139,7,15,16,204,7,21,38,32,40,77,416,112,170,15,62,178,218,63,267,39,16,33,17,27,38,15,1,124.4,117.7,6.8,0.622,0.573,0.269,0.298,0.063,0.142,99.84,2025-26
1642347,Jamal Shead,Jamal,1610612761,TOR,23.0,82,46,36,0.561,22.6,2.3,6.1,0.367,1.0,3.2,0.321,1.1,1.4,0.784,0.3,1.4,1.7,5.4,1.4,0.9,0.2,0.4,2.0,2.0,6.6,2.8,18.8,2,0,17.0,1,52,102,232,229,359,295,523,263,233,359,269,281,268,480,422,454,42,184,148,380,252,214,160,336,94,258,159,38,279,1,114.1,108.3,5.8,0.491,0.45,0.149,0.306,0.038,0.078,100.44,2025-26
1631123,Jamaree Bouyea,Jamaree,1610612756,PHX,27.0,46,23,23,0.5,14.0,2.3,5.1,0.458,0.5,1.7,0.295,0.5,0.8,0.686,0.4,1.4,1.8,1.8,0.7,0.6,0.3,0.4,0.8,0.9,5.7,0.5,12.8,0,0,11.7,324,268,275,303,408,344,344,285,393,388,416,428,423,441,440,429,446,264,388,302,239,249,497,365,372,215,381,284,38,394,1,106.0,104.6,1.4,0.523,0.506,0.184,0.191,0.062,0.103,96.74,2025-26
201935,James Harden,James,1610612739,CLE,36.0,70,40,30,0.571,34.8,7.0,16.0,0.434,3.1,8.2,0.375,6.6,7.5,0.884,0.6,4.2,4.8,8.0,3.5,1.1,0.4,1.1,2.0,4.6,23.6,1.4,42.4,20,2,42.5,105,110,172,210,14,51,33,375,15,14,166,6,11,80,350,95,150,7,8,84,205,12,219,24,23,159,19,21,16,16,2,118.8,117.0,1.8,0.61,0.529,0.279,0.347,0.07,0.143,98.24,2025-26
1630164,James Wiseman,James,1610612754,IND,25.0,4,0,4,0.0,14.6,1.5,2.5,0.6,0.0,0.0,0.0,0.3,0.5,0.5,1.3,0.8,2.0,0.8,1.3,0.0,0.3,0.3,2.5,0.5,3.3,-2.3,6.3,0,0,6.5,551,567,509,567,399,445,491,49,517,548,517,510,481,531,137,525,418,464,207,564,316,372,79,469,480,414,506,284,38,497,1,92.9,102.4,-9.5,0.597,0.6,0.114,0.075,0.062,0.01,103.04,2025-26
1642364,Jamir Watkins,Jamir,1610612764,WAS,24.0,50,10,40,0.2,20.6,2.6,5.9,0.446,0.9,3.2,0.297,1.1,1.6,0.695,1.0,2.9,3.9,1.3,0.8,1.1,0.5,0.3,2.6,1.5,7.4,-3.3,18.0,0,0,16.7,297,411,69,526,276,313,307,330,288,238,411,260,243,433,204,215,212,341,338,100,156,341,66,221,311,464,277,284,38,287,1,109.4,115.8,-6.4,0.554,0.525,0.148,0.089,0.092,0.069,103.26,2025-26
1642419,Jamison Battle,Jamison,1610612761,TOR,25.0,61,35,26,0.574,8.5,1.2,2.4,0.51,0.6,1.4,0.412,0.1,0.2,0.643,0.3,1.1,1.5,0.4,0.3,0.1,0.0,0.1,0.7,0.2,3.1,1.5,5.7,0,0,5.9,210,162,232,208,510,479,501,138,376,417,68,540,538,482,476,463,482,534,515,550,509,519,509,547,485,156,520,284,38,511,1,112.6,105.9,6.7,0.635,0.631,0.135,0.062,0.084,0.079,102.08,2025-26
1641716,Jarace Walker,Jarace,1610612754,IND,22.0,76,16,60,0.211,25.7,4.0,9.6,0.419,1.8,4.7,0.374,1.8,2.4,0.749,0.6,4.5,5.1,2.5,1.8,0.8,0.3,0.4,1.6,1.7,11.6,-6.0,23.3,3,0,23.4,54,348,3,519,179,188,149,425,121,128,176,154,155,348,329,77,125,185,97,201,242,246,302,210,175,541,173,128,38,162,1,106.5,117.6,-11.1,0.543,0.51,0.2,0.143,0.095,0.09,104.46,2025-26
1642272,Jared McCain,Jared,1610612760,OKC,22.0,67,46,21,0.687,17.3,3.0,7.2,0.425,1.5,3.8,0.385,0.8,0.9,0.864,0.3,1.7,2.0,1.3,0.8,0.5,0.1,0.4,1.2,0.8,8.3,1.9,13.8,0,0,14.4,147,52,305,89,340,273,244,399,162,183,138,354,392,107,463,392,414,340,324,365,493,235,419,387,270,129,363,284,38,342,2,113.5,108.9,4.6,0.551,0.528,0.198,0.111,0.056,0.079,102.61,2025-26
1628991,Jaren Jackson Jr.,Jaren,1610612762,UTA,26.0,48,19,29,0.396,30.3,7.1,15.0,0.476,1.8,4.9,0.357,3.4,4.2,0.803,0.9,4.8,5.7,2.0,2.2,1.1,1.4,1.1,3.7,4.0,19.4,-1.3,34.5,3,0,33.9,310,316,189,388,83,42,46,224,121,117,231,56,54,224,235,66,90,244,66,93,21,15,3,43,51,353,56,128,38,52,2,108.7,110.8,-2.0,0.576,0.534,0.253,0.105,0.085,0.107,103.6,2025-26
1629020,Jarred Vanderbilt,Jarred,1610612747,LAL,27.0,65,39,26,0.6,17.3,1.7,3.7,0.471,0.4,1.5,0.293,0.5,0.9,0.589,1.2,3.3,4.5,1.3,0.9,0.8,0.3,0.4,1.6,0.8,4.4,0.1,14.3,1,0,12.9,166,118,232,174,339,415,420,242,409,402,421,432,395,510,145,172,167,348,312,194,285,280,312,386,424,244,356,201,38,373,1,113.9,113.7,0.2,0.544,0.531,0.119,0.098,0.133,0.08,100.41,2025-26
1628386,Jarrett Allen,Jarrett,1610612739,CLE,28.0,56,37,19,0.661,27.1,6.0,9.4,0.638,0.0,0.2,0.1,3.3,4.7,0.709,2.6,5.9,8.5,1.8,1.3,1.0,0.8,0.6,1.7,4.0,15.4,3.8,32.4,20,0,29.3,247,136,333,121,146,78,155,32,511,519,514,58,48,414,33,27,26,263,189,134,68,119,284,42,95,63,77,21,38,96,1,119.3,112.9,6.4,0.669,0.639,0.196,0.092,0.152,0.143,102.56,2025-26
1642859,Jase Richardson,Jase,1610612753,ORL,20.0,54,26,28,0.481,10.9,1.6,3.5,0.473,0.5,1.5,0.354,0.6,0.9,0.717,0.4,0.8,1.2,1.1,0.5,0.4,0.0,0.1,1.0,0.9,4.4,-0.3,8.1,0,0,8.0,266,231,205,336,464,424,430,232,388,409,241,404,396,395,442,520,507,379,468,460,517,506,470,366,426,285,486,284,38,478,1,111.9,112.8,-0.8,0.574,0.548,0.162,0.145,0.053,0.074,100.95,2025-26
1642914,Javon Small,Javon,1610612763,MEM,23.0,41,13,28,0.317,20.2,3.3,7.0,0.465,1.5,3.5,0.423,1.7,2.0,0.829,0.9,2.2,3.1,3.7,1.4,0.8,0.2,0.7,1.6,1.4,9.7,-2.6,20.7,0,0,20.0,356,384,205,437,287,248,246,263,167,213,52,178,189,172,233,301,289,93,184,200,344,84,316,246,223,436,222,284,38,218,1,111.7,117.4,-5.7,0.611,0.569,0.183,0.257,0.074,0.109,104.37,2025-26
1631451,Javonte Cooke,Javonte,1610612757,POR,26.0,19,6,13,0.316,4.9,0.5,2.2,0.22,0.2,1.2,0.13,0.1,0.1,1.0,0.2,0.8,1.0,0.4,0.5,0.3,0.0,0.3,0.3,0.2,1.2,-3.1,3.4,0,0,3.4,453,461,409,439,557,559,522,571,476,434,508,550,559,1,526,518,526,537,463,474,524,357,563,548,563,460,559,284,38,562,1,74.3,102.9,-28.6,0.275,0.256,0.205,0.127,0.089,0.019,107.36,2025-26
1629750,Javonte Green,Javonte,1610612765,DET,32.0,82,60,22,0.732,17.6,2.3,5.0,0.447,1.1,3.0,0.381,1.3,1.5,0.84,0.8,2.0,2.8,0.7,0.5,1.2,0.3,0.2,1.3,1.2,6.9,2.6,15.4,1,0,14.7,1,4,295,65,334,359,349,327,233,255,154,230,259,149,283,325,325,475,424,60,274,395,394,287,327,101,333,201,38,337,1,113.0,105.4,7.6,0.607,0.56,0.143,0.052,0.077,0.095,102.74,2025-26
1629637,Jaxson Hayes,Jaxson,1610612747,LAL,26.0,66,43,23,0.652,18.3,3.0,4.0,0.756,0.0,0.0,1.0,1.5,2.3,0.653,1.5,2.6,4.1,0.9,0.5,0.4,0.8,0.2,1.9,2.1,7.5,1.1,17.0,1,0,15.0,157,75,275,128,326,280,408,4,499,540,1,199,164,469,103,248,190,430,464,415,78,466,228,148,301,178,299,201,38,325,1,115.5,113.1,2.4,0.758,0.761,0.124,0.071,0.111,0.109,100.49,2025-26
1630643,Jay Huff,Jay,1610612754,IND,28.0,82,19,63,0.232,21.0,3.5,7.5,0.476,1.5,4.5,0.319,1.0,1.2,0.828,0.9,3.1,4.0,1.5,0.9,0.5,1.9,0.2,2.4,1.3,9.5,-3.1,22.7,1,0,21.2,1,316,2,506,266,222,231,222,169,136,363,286,319,176,229,190,206,312,292,373,5,385,97,272,225,458,184,201,38,199,1,107.4,113.7,-6.3,0.598,0.574,0.178,0.105,0.089,0.092,102.99,2025-26
1627759,Jaylen Brown,Jaylen,1610612738,BOS,29.0,71,47,24,0.662,34.4,10.4,21.7,0.477,2.0,5.7,0.347,6.0,7.5,0.795,1.1,5.8,6.9,5.1,3.6,1.0,0.4,1.3,2.7,6.3,28.7,4.5,45.2,14,3,45.5,98,44,258,118,18,3,2,220,90,79,269,13,9,240,160,29,53,50,5,119,225,4,48,6,4,52,10,38,8,9,1,119.5,113.0,6.5,0.573,0.522,0.351,0.251,0.095,0.152,97.73,2025-26
1641740,Jaylen Clark,Jaylen,1610612750,MIN,24.0,68,40,28,0.588,13.1,1.5,3.4,0.434,0.5,1.5,0.327,0.6,1.0,0.657,0.8,1.0,1.8,0.6,0.3,0.7,0.1,0.2,1.3,0.7,4.0,1.1,9.2,0,0,8.6,135,110,205,191,423,450,434,372,405,405,342,393,372,468,272,493,448,485,502,267,436,440,401,419,448,179,459,284,38,465,1,113.0,108.9,4.1,0.534,0.507,0.126,0.064,0.062,0.054,103.47,2025-26
1642377,Jaylen Wells,Jaylen,1610612763,MEM,22.0,69,24,45,0.348,26.4,4.4,10.1,0.431,1.9,5.3,0.353,1.9,2.5,0.784,0.9,2.3,3.2,1.6,1.1,0.9,0.1,0.5,2.1,2.6,12.5,-2.6,20.7,0,0,21.2,118,252,36,412,162,161,139,380,109,97,244,143,143,272,231,290,282,291,243,174,438,193,162,102,144,430,220,284,38,198,1,113.4,117.8,-4.4,0.559,0.524,0.189,0.085,0.058,0.069,102.14,2025-26
1631119,Jaylin Williams,Jaylin,1610612760,OKC,24.0,65,54,11,0.831,19.7,2.3,5.4,0.423,1.5,3.9,0.383,1.1,1.4,0.793,0.5,5.0,5.5,2.4,1.0,0.5,0.6,0.2,2.0,1.5,7.2,4.7,19.8,6,0,18.9,166,13,432,13,303,354,329,406,154,179,147,266,280,244,392,54,102,194,253,397,114,444,220,223,318,48,235,84,38,241,1,114.6,103.1,11.5,0.597,0.563,0.153,0.169,0.131,0.115,102.17,2025-26
1642281,Jaylon Tyson,Jaylon,1610612739,CLE,23.0,66,41,25,0.621,26.9,5.0,10.2,0.493,2.0,4.5,0.446,1.2,1.6,0.738,1.8,3.3,5.1,2.2,1.5,0.8,0.4,0.6,2.5,1.5,13.2,1.7,24.9,7,0,25.1,157,97,246,158,151,127,138,175,84,138,30,250,246,363,80,162,128,211,150,202,190,122,85,226,138,144,153,72,38,137,1,117.0,113.4,3.6,0.608,0.592,0.189,0.115,0.091,0.092,101.39,2025-26
1643257,Jayson Kent,Jayson,1610612757,POR,24.0,5,4,1,0.8,4.5,0.8,1.4,0.571,0.2,0.8,0.25,0.2,0.2,1.0,0.0,1.0,1.0,0.0,0.0,0.2,0.2,0.0,0.2,0.2,2.0,-0.6,4.4,0,0,4.0,539,487,556,20,559,523,554,72,466,472,458,521,540,1,565,477,526,574,562,521,358,540,574,549,531,299,545,284,38,546,1,86.7,89.4,-2.7,0.672,0.643,0.137,0.0,0.128,0.245,98.28,2025-26
1628369,Jayson Tatum,Jayson,1610612738,BOS,28.0,16,13,3,0.813,32.6,7.4,17.9,0.411,2.9,8.9,0.329,4.1,4.9,0.823,0.5,9.5,10.0,5.3,2.4,1.4,0.2,0.5,1.6,3.4,21.8,7.4,44.0,10,1,43.1,461,384,530,18,43,35,17,450,19,6,338,41,42,194,379,2,16,46,48,43,373,178,303,63,27,13,14,56,23,14,1,120.7,110.2,10.5,0.541,0.493,0.29,0.246,0.148,0.159,98.1,2025-26
201145,Jeff Green,Jeff,1610612745,HOU,39.0,30,22,8,0.733,5.8,0.8,2.3,0.368,0.4,1.5,0.273,0.2,0.2,1.0,0.2,0.6,0.8,0.3,0.1,0.1,0.1,0.0,0.4,0.1,2.2,-0.9,3.9,0,0,4.0,410,277,468,61,546,518,513,522,419,408,441,531,546,1,513,541,542,558,553,562,499,537,556,562,523,322,553,284,38,546,1,103.6,111.7,-8.1,0.477,0.456,0.171,0.07,0.066,0.061,98.71,2025-26
203924,Jerami Grant,Jerami,1610612757,POR,32.0,57,27,30,0.474,29.7,5.8,12.8,0.453,2.4,6.1,0.389,4.6,5.6,0.814,1.0,2.5,3.5,2.1,2.1,0.7,0.6,1.0,2.5,3.9,18.6,-0.1,28.0,0,0,29.3,235,225,172,342,95,83,80,302,53,60,122,33,32,210,211,263,250,221,72,240,118,33,83,44,56,263,120,284,38,94,1,114.9,115.2,-0.3,0.608,0.547,0.228,0.107,0.055,0.094,104.02,2025-26
1642847,Jeremiah Fears,Jeremiah,1610612740,NOP,19.0,82,26,56,0.317,25.8,5.3,12.3,0.434,1.2,3.7,0.33,2.4,3.0,0.789,0.7,2.9,3.7,3.4,2.2,1.2,0.4,1.1,1.8,2.5,14.3,-3.5,26.2,3,0,25.6,1,231,7,437,177,109,88,371,211,189,333,104,103,255,301,210,230,107,70,71,231,21,249,117,111,472,141,128,38,132,1,111.8,118.2,-6.4,0.525,0.485,0.245,0.195,0.067,0.093,102.98,2025-26
1630526,Jeremiah Robinson-Earl,Jeremiah,1610612742,DAL,25.0,22,8,14,0.364,16.4,1.7,4.5,0.37,0.5,1.9,0.244,0.8,0.8,0.944,1.6,3.0,4.7,0.7,0.5,0.4,0.0,0.5,1.2,0.8,4.6,-3.9,12.1,0,0,11.3,440,440,397,403,363,422,371,521,408,364,471,351,406,37,91,193,157,476,427,429,513,150,427,388,413,490,398,284,38,399,2,109.3,119.5,-10.2,0.468,0.42,0.129,0.057,0.133,0.069,104.82,2025-26
1631110,Jeremy Sochan,Jeremy,1610612752,NYK,23.0,44,30,14,0.682,10.6,1.5,2.9,0.496,0.3,1.0,0.244,0.4,0.6,0.731,0.8,1.6,2.4,0.9,0.5,0.4,0.2,0.2,1.4,0.6,3.6,-1.3,9.0,0,0,8.3,336,196,397,94,469,451,465,170,456,454,470,460,461,376,246,404,378,425,461,443,409,409,368,438,467,354,467,284,38,471,2,107.2,111.1,-3.9,0.563,0.539,0.141,0.124,0.111,0.081,101.73,2025-26
1630579,Jericho Sims,Jericho,1610612749,MIL,27.0,67,25,42,0.373,19.7,2.2,2.8,0.784,0.0,0.0,0.0,0.7,1.1,0.62,2.2,3.3,5.5,1.6,1.1,0.3,0.3,0.3,2.2,1.2,5.0,-4.1,14.4,6,1,13.1,147,243,57,399,300,367,474,3,517,548,517,386,348,495,50,164,100,299,235,486,315,368,152,306,408,499,351,84,23,364,1,110.3,120.3,-10.1,0.772,0.784,0.095,0.109,0.143,0.083,97.72,2025-26
1641724,Jett Howard,Jett,1610612753,ORL,22.0,55,28,27,0.509,12.6,1.9,4.6,0.418,1.0,2.6,0.372,0.7,0.7,0.949,0.4,1.2,1.6,0.8,0.3,0.2,0.2,0.3,1.2,0.5,5.5,-1.3,9.5,0,0,9.6,258,216,220,298,429,395,370,426,274,293,181,379,432,36,422,459,469,448,523,528,358,285,421,483,387,349,452,284,38,436,1,112.6,118.1,-5.5,0.561,0.526,0.166,0.095,0.06,0.07,100.55,2025-26
1628975,Jevon Carter,Jevon,1610612753,ORL,30.0,53,26,27,0.491,16.4,2.3,5.8,0.401,1.5,4.1,0.363,0.3,0.4,0.789,0.3,1.4,1.7,1.6,0.7,0.8,0.2,0.2,1.1,0.3,6.4,-1.6,13.0,0,0,13.1,276,231,220,330,364,351,311,473,164,176,208,503,511,250,495,424,463,284,377,231,372,467,451,517,344,383,377,284,38,367,2,110.0,115.6,-5.7,0.537,0.528,0.166,0.148,0.048,0.074,101.62,2025-26
202710,Jimmy Butler III,Jimmy,1610612744,GSW,36.0,38,23,15,0.605,31.1,6.3,12.2,0.519,0.8,2.2,0.376,6.5,7.6,0.864,2.3,3.2,5.6,4.9,1.6,1.4,0.2,0.8,1.2,5.5,20.0,4.9,37.4,3,0,34.6,370,268,382,171,66,66,90,116,304,325,164,7,8,108,47,176,98,54,138,31,351,62,418,11,47,43,44,128,38,47,1,116.6,109.2,7.3,0.646,0.554,0.226,0.24,0.087,0.155,101.73,2025-26
1642866,Joan Beringer,Joan,1610612750,MIN,19.0,40,22,18,0.55,7.9,1.6,2.5,0.663,0.0,0.0,0.0,0.7,0.9,0.703,1.1,1.2,2.3,0.3,0.3,0.2,0.7,0.3,1.2,0.8,3.9,0.6,9.3,1,0,8.2,362,277,348,248,515,425,496,20,517,548,517,392,380,422,162,455,391,551,522,530,113,372,429,404,454,208,455,201,38,474,1,117.8,115.5,2.3,0.683,0.663,0.156,0.052,0.138,0.107,105.74,2025-26
1629111,Jock Landale,Jock,1610612737,ATL,30.0,68,36,32,0.529,22.1,4.1,8.1,0.515,1.1,2.8,0.383,1.2,1.9,0.635,2.7,3.0,5.7,1.7,0.9,0.5,0.5,0.5,2.2,2.0,10.6,-0.8,22.2,9,0,21.1,135,151,149,276,240,181,201,128,245,276,145,252,215,489,30,199,88,274,305,369,145,201,143,157,195,316,198,63,38,200,2,114.6,116.8,-2.2,0.595,0.582,0.177,0.11,0.123,0.098,101.83,2025-26
204060,Joe Ingles,Joe,1610612750,MIN,38.0,27,13,14,0.481,5.7,0.6,1.0,0.593,0.3,0.6,0.438,0.1,0.1,1.0,0.0,0.7,0.7,1.3,0.5,0.3,0.1,0.0,0.3,0.1,1.5,-0.3,5.0,1,0,4.6,420,384,397,336,548,549,565,60,455,492,36,557,562,1,565,532,554,352,439,463,494,540,561,558,552,284,534,201,38,536,1,110.9,116.7,-5.8,0.735,0.722,0.106,0.268,0.06,0.096,110.81,2025-26
203954,Joel Embiid,Joel,1610612755,PHI,32.0,38,24,14,0.632,31.6,9.0,18.3,0.489,1.4,4.2,0.333,7.5,8.8,0.854,2.0,5.7,7.7,3.9,2.9,0.6,1.2,1.0,2.2,6.1,26.9,4.1,44.5,10,1,43.4,370,252,397,147,56,14,15,186,180,162,302,3,5,126,68,31,37,76,25,351,26,23,155,9,10,59,11,56,23,13,1,119.1,113.2,5.8,0.605,0.527,0.336,0.209,0.118,0.163,100.69,2025-26
1628381,John Collins,John,1610612746,LAC,28.0,69,32,37,0.464,27.1,5.3,9.6,0.552,1.3,3.2,0.406,1.7,2.2,0.766,1.6,3.7,5.3,1.0,1.4,0.9,0.7,0.6,2.7,2.2,13.6,-0.6,24.9,3,0,24.4,118,182,93,349,147,115,152,85,198,235,82,170,172,310,97,133,115,393,182,180,90,112,46,139,130,296,154,128,38,150,1,113.9,115.1,-1.2,0.643,0.62,0.188,0.058,0.099,0.098,97.98,2025-26
1629723,John Konchar,John,1610612762,UTA,30.0,56,18,38,0.321,19.9,1.7,3.6,0.472,0.5,1.8,0.283,0.6,0.8,0.727,1.3,3.0,4.3,2.1,0.6,1.5,0.7,0.1,1.4,0.8,4.4,-2.6,18.6,3,2,15.6,247,325,81,433,294,423,424,237,393,381,434,417,418,382,132,206,178,225,398,30,106,488,367,404,425,433,265,128,16,313,2,106.1,112.0,-5.9,0.568,0.543,0.09,0.136,0.098,0.09,105.42,2025-26
1642967,John Poulakidas,John,1610612742,DAL,23.0,13,3,10,0.231,19.5,3.0,7.0,0.429,2.4,5.9,0.403,0.5,0.5,0.857,0.3,2.0,2.3,0.8,0.3,0.5,0.3,0.0,2.2,0.4,8.8,-1.2,15.1,0,0,16.1,480,503,440,507,307,280,247,385,54,68,89,451,473,116,484,332,389,441,516,359,271,540,160,504,248,344,340,284,38,300,1,110.5,112.8,-2.3,0.611,0.599,0.153,0.061,0.053,0.069,106.25,2025-26
1642910,John Tonje,John,1610612738,BOS,25.0,6,5,1,0.833,7.0,0.7,2.3,0.286,0.5,1.7,0.3,0.7,0.7,1.0,0.0,1.0,1.0,0.3,0.0,0.3,0.0,0.2,0.8,0.7,2.5,-1.0,5.2,0,0,5.0,527,474,556,10,527,540,504,563,393,391,403,380,439,1,565,477,526,541,562,463,524,445,494,433,511,334,530,284,38,522,1,106.6,108.4,-1.8,0.476,0.393,0.157,0.083,0.067,0.061,106.54,2025-26
1641780,Johni Broome,Johni,1610612755,PHI,23.0,11,5,6,0.455,5.0,0.4,2.2,0.167,0.0,0.5,0.0,0.2,0.5,0.333,0.6,0.8,1.5,0.4,0.3,0.3,0.2,0.3,0.6,0.6,0.9,-1.6,4.3,0,0,3.6,492,474,485,352,556,567,519,574,517,502,517,526,471,559,331,512,483,538,523,494,382,347,519,438,570,381,548,284,38,555,1,88.9,102.5,-13.6,0.188,0.167,0.226,0.118,0.137,-0.02,103.43,2025-26
1642277,Johnny Furphy,Johnny,1610612754,IND,21.0,35,10,25,0.286,18.4,2.0,4.3,0.47,0.7,2.0,0.324,0.5,1.0,0.486,0.9,3.5,4.4,1.2,0.8,0.6,0.2,0.5,1.9,0.8,5.1,-1.7,13.6,1,0,12.9,390,411,246,454,323,383,391,247,351,346,349,442,360,548,218,151,173,370,327,330,358,194,243,396,404,384,367,201,38,374,1,110.1,114.8,-4.6,0.547,0.547,0.125,0.085,0.119,0.066,102.22,2025-26
1630548,Johnny Juzang,Johnny,1610612750,MIN,25.0,21,13,8,0.619,4.2,0.8,1.8,0.421,0.3,1.1,0.25,0.2,0.4,0.625,0.2,0.6,0.8,0.3,0.2,0.1,0.0,0.0,0.1,0.2,2.0,-0.2,3.6,0,0,3.7,444,384,468,161,563,527,532,415,446,441,458,514,507,492,511,545,547,556,535,555,510,540,578,539,529,281,558,284,38,554,1,105.3,109.9,-4.6,0.518,0.5,0.2,0.095,0.092,0.085,111.66,2025-26
202685,Jonas Valanciunas,Jonas,1610612743,DEN,34.0,65,42,23,0.646,13.4,3.5,6.0,0.582,0.1,0.4,0.308,1.6,2.1,0.772,1.6,3.4,5.1,1.2,1.1,0.2,0.6,0.4,2.0,2.2,8.7,-0.7,17.8,5,0,16.7,166,87,275,134,418,226,301,64,485,506,388,187,183,299,93,152,133,366,234,514,131,211,192,142,251,307,279,96,38,288,1,114.6,116.6,-2.0,0.63,0.592,0.26,0.15,0.187,0.15,97.23,2025-26
1628371,Jonathan Isaac,Jonathan,1610612753,ORL,28.0,52,29,23,0.558,10.0,0.9,2.1,0.422,0.1,0.7,0.184,0.7,1.1,0.603,0.8,1.7,2.5,0.4,0.3,0.4,0.6,0.1,0.8,1.0,2.6,-0.7,8.9,0,0,7.6,286,203,275,239,477,515,524,412,484,477,499,378,337,504,253,391,361,526,500,444,128,524,498,338,510,306,472,284,38,482,1,104.7,106.1,-1.3,0.498,0.454,0.119,0.062,0.115,0.078,102.61,2025-26
1630228,Jonathan Kuminga,Jonathan,1610612737,ATL,23.0,36,22,14,0.611,23.1,4.4,9.4,0.463,1.0,2.9,0.333,2.5,3.4,0.724,1.4,4.3,5.6,2.3,1.9,0.6,0.3,0.7,1.5,2.6,12.2,2.0,23.2,1,0,22.9,384,277,397,165,221,162,156,268,279,268,302,96,82,388,123,93,93,203,92,310,272,90,334,111,156,124,176,201,38,170,2,112.0,108.0,4.1,0.557,0.515,0.226,0.148,0.118,0.111,102.73,2025-26
1642367,Jonathan Mogbo,Jonathan,1610612761,TOR,24.0,40,20,20,0.5,6.2,0.7,1.1,0.591,0.0,0.0,0.0,0.2,0.4,0.643,0.5,1.2,1.7,0.6,0.4,0.3,0.2,0.1,0.7,0.3,1.5,-1.3,5.6,0,0,4.8,362,302,322,303,539,545,564,61,517,543,517,518,513,482,397,449,460,487,497,491,358,516,517,522,551,358,523,284,38,530,1,96.3,106.5,-10.2,0.608,0.591,0.102,0.159,0.13,0.101,103.95,2025-26
203903,Jordan Clarkson,Jordan,1610612752,NYK,34.0,72,45,27,0.625,17.8,3.3,7.3,0.451,1.0,3.0,0.327,1.1,1.3,0.83,0.9,0.9,1.8,1.3,0.9,0.4,0.1,0.4,1.7,1.1,8.6,1.5,13.5,0,0,13.8,84,60,220,153,332,244,234,312,279,260,341,275,297,170,241,501,449,342,307,426,444,274,279,313,255,152,369,284,38,353,1,115.4,111.7,3.7,0.548,0.517,0.203,0.11,0.048,0.068,98.78,2025-26
1630692,Jordan Goodwin,Jordan,1610612756,PHX,27.0,70,39,31,0.557,22.5,3.3,7.9,0.413,1.6,4.3,0.371,0.6,0.8,0.696,2.0,2.9,4.9,2.2,1.0,1.5,0.2,0.4,1.9,1.0,8.7,1.3,22.0,2,0,20.8,105,118,160,240,233,247,210,447,141,153,186,422,409,431,69,215,146,219,277,23,358,214,232,355,253,166,203,159,38,207,1,113.4,110.1,3.3,0.525,0.514,0.167,0.136,0.105,0.098,99.3,2025-26
1641722,Jordan Hawkins,Jordan,1610612740,NOP,24.0,51,13,38,0.255,13.6,1.8,5.0,0.366,0.9,2.6,0.348,0.5,0.5,0.852,0.4,1.3,1.7,0.8,0.7,0.3,0.2,0.2,0.6,0.6,5.1,-2.6,9.1,0,0,9.4,291,384,81,483,416,401,350,525,291,290,262,455,476,128,438,439,456,445,379,497,368,392,530,453,407,434,465,284,38,443,1,107.0,116.8,-9.8,0.48,0.457,0.175,0.086,0.058,0.055,103.84,2025-26
1629162,Jordan McLaughlin,Jordan,1610612759,SAS,30.0,44,37,7,0.841,6.4,0.8,1.8,0.418,0.4,0.9,0.425,0.1,0.2,0.857,0.2,0.6,0.7,0.9,0.3,0.5,0.0,0.0,0.3,0.2,2.0,-1.4,5.4,0,0,5.0,336,136,475,8,536,528,533,431,423,466,48,545,550,116,547,546,551,438,501,410,513,531,570,555,530,361,527,284,38,522,1,100.8,112.3,-11.5,0.542,0.525,0.143,0.199,0.057,0.091,101.67,2025-26
1641757,Jordan Miller,Jordan,1610612746,LAC,26.0,60,36,24,0.6,22.1,3.5,6.7,0.531,0.6,1.8,0.345,2.3,2.9,0.777,0.8,2.2,3.0,2.3,1.1,0.8,0.2,0.8,1.0,2.0,10.0,-0.2,18.8,1,0,17.8,214,151,258,174,243,223,265,102,355,371,272,109,112,291,251,307,295,207,249,234,379,61,458,165,216,278,260,201,38,266,1,114.3,114.7,-0.4,0.628,0.579,0.177,0.157,0.071,0.106,98.57,2025-26
1629673,Jordan Poole,Jordan,1610612740,NOP,27.0,39,16,23,0.41,23.9,4.2,11.4,0.372,2.5,7.4,0.333,2.5,2.9,0.86,0.2,1.7,2.0,3.1,1.8,0.6,0.4,0.7,2.3,2.9,13.4,-3.7,21.5,0,0,22.8,368,348,275,379,207,171,109,519,51,22,302,94,111,113,515,388,425,133,107,339,220,96,127,84,134,479,209,284,38,172,1,109.4,117.3,-7.9,0.53,0.48,0.235,0.185,0.037,0.073,104.18,2025-26
1641775,Jordan Walsh,Jordan,1610612738,BOS,22.0,68,46,22,0.676,17.8,2.0,3.9,0.509,0.7,1.8,0.384,0.6,0.8,0.772,1.3,2.8,4.0,0.8,0.5,0.7,0.5,0.3,2.0,0.8,5.4,1.4,14.4,2,0,13.2,135,52,295,100,331,383,409,139,335,370,143,393,401,300,137,234,200,455,440,251,177,372,200,392,394,162,354,159,38,361,1,117.9,112.8,5.1,0.623,0.599,0.114,0.059,0.108,0.08,95.8,2025-26
1630631,Jose Alvarado,Jose,1610612752,NYK,28.0,69,28,41,0.406,19.9,2.7,6.5,0.416,1.5,4.2,0.352,0.5,0.7,0.761,0.4,2.1,2.5,3.4,1.1,1.0,0.1,0.4,1.9,0.9,7.4,0.3,17.6,1,0,16.9,118,216,61,382,297,309,277,439,166,165,248,434,439,320,448,316,371,108,236,139,452,259,238,372,309,226,288,201,38,282,2,112.0,110.7,1.3,0.543,0.529,0.167,0.244,0.06,0.088,99.57,2025-26
1630581,Josh Giddey,Josh,1610612741,CHI,23.0,54,21,33,0.389,32.1,5.9,13.3,0.448,1.9,5.2,0.364,3.2,4.2,0.763,1.2,7.1,8.3,9.1,3.6,1.0,0.5,0.8,1.7,2.9,17.0,-3.5,41.6,28,13,39.4,266,292,135,394,50,81,69,322,99,99,202,64,55,317,143,16,32,3,6,116,156,51,293,82,75,471,22,13,2,27,1,112.1,117.1,-5.0,0.562,0.52,0.238,0.41,0.121,0.142,104.46,2025-26
1630182,Josh Green,Josh,1610612766,CHA,25.0,58,37,21,0.638,15.7,1.4,3.1,0.459,1.0,2.4,0.42,0.4,0.5,0.893,0.8,1.0,1.8,0.8,0.6,0.6,0.1,0.1,1.1,0.7,4.3,3.6,9.1,0,0,9.3,230,136,305,142,381,453,450,284,268,314,56,461,489,65,278,491,451,449,402,315,463,510,445,409,436,69,461,284,38,447,1,118.5,106.0,12.5,0.644,0.619,0.104,0.069,0.054,0.059,98.23,2025-26
1628404,Josh Hart,Josh,1610612752,NYK,31.0,66,44,22,0.667,30.2,4.6,9.0,0.508,1.5,3.7,0.413,1.4,1.9,0.72,1.4,6.0,7.4,4.8,1.9,1.1,0.3,0.6,2.5,2.1,12.0,3.2,30.3,13,2,28.5,157,67,295,106,86,148,172,141,152,193,66,214,210,391,118,26,46,55,84,83,310,144,79,154,159,79,98,42,16,104,1,118.0,112.5,5.5,0.612,0.593,0.163,0.212,0.123,0.118,98.97,2025-26
1631169,Josh Minott,Josh,1610612751,BKN,23.0,49,23,26,0.469,17.0,2.6,5.1,0.5,1.3,3.1,0.418,1.0,1.2,0.787,1.0,2.2,3.2,0.9,0.9,0.9,0.5,0.3,1.5,1.1,7.4,-0.5,16.0,1,0,15.7,305,268,232,346,349,322,343,156,195,242,60,303,310,262,205,300,279,419,306,163,165,353,345,320,306,295,323,201,38,312,2,111.7,111.7,-0.1,0.653,0.627,0.162,0.083,0.091,0.104,98.94,2025-26
1642490,Josh Oduro,Josh,1610612740,NOP,25.0,3,1,2,0.333,27.3,3.7,5.7,0.647,0.0,0.7,0.0,1.0,2.0,0.5,3.7,4.0,7.7,1.3,0.7,0.0,0.0,0.0,4.7,2.3,8.3,0.3,18.9,1,0,17.3,566,549,540,419,141,208,319,27,517,480,517,286,189,531,10,107,38,342,379,564,524,540,1,131,268,227,254,201,38,271,1,127.8,124.6,3.2,0.636,0.647,0.09,0.05,0.126,0.05,110.95,2025-26
1629006,Josh Okogie,Josh,1610612745,HOU,27.0,78,49,29,0.628,17.4,1.6,3.8,0.425,0.8,2.1,0.385,0.5,0.9,0.594,1.0,1.5,2.6,0.9,0.5,0.8,0.2,0.3,1.4,1.1,4.5,0.9,11.4,1,0,10.8,28,37,189,151,338,427,416,397,315,338,140,426,388,509,185,411,354,432,435,206,355,337,374,322,419,189,407,201,38,407,1,115.4,109.9,5.6,0.544,0.531,0.112,0.065,0.072,0.056,98.25,2025-26
201950,Jrue Holiday,Jrue,1610612757,POR,36.0,53,28,25,0.528,29.4,6.0,13.4,0.451,2.6,6.8,0.378,1.7,2.0,0.838,1.3,3.3,4.6,6.1,2.8,1.0,0.1,0.7,1.5,1.7,16.3,3.7,31.6,9,0,31.9,276,216,246,279,102,77,68,310,40,39,160,176,200,154,126,170,161,28,30,115,453,81,351,196,85,66,83,63,38,70,1,114.6,108.6,6.1,0.573,0.548,0.227,0.302,0.074,0.124,103.5,2025-26
1630577,Julian Champagnie,Julian,1610612759,SAS,25.0,82,62,20,0.756,27.6,3.7,8.4,0.437,2.4,6.2,0.381,1.4,1.6,0.844,0.9,4.9,5.8,1.5,0.8,0.8,0.5,0.1,1.6,1.0,11.1,7.2,23.2,7,0,23.2,1,1,322,43,135,207,192,361,57,57,152,212,242,139,223,62,83,300,321,230,172,481,314,352,183,15,177,72,38,163,1,120.4,108.0,12.4,0.609,0.578,0.146,0.071,0.099,0.091,102.55,2025-26
1641763,Julian Phillips,Julian,1610612750,MIN,22.0,48,19,29,0.396,8.9,1.1,2.5,0.421,0.4,1.4,0.308,0.4,0.5,0.783,0.5,0.5,1.0,0.2,0.2,0.5,0.1,0.2,0.9,0.4,2.9,-0.5,6.0,0,0,5.8,310,316,189,388,496,497,490,414,415,421,388,474,490,273,395,547,523,565,537,408,421,445,481,494,496,291,511,284,38,512,2,107.7,110.7,-2.9,0.534,0.504,0.134,0.032,0.053,0.046,105.72,2025-26
1642882,Julian Reese,Julian,1610612764,WAS,23.0,13,1,12,0.077,30.9,4.8,9.2,0.529,0.0,0.0,0.0,2.2,3.4,0.636,4.2,6.3,10.5,1.8,2.5,1.4,0.6,1.8,3.2,3.5,11.8,-8.6,30.8,5,0,28.2,480,549,419,565,73,134,165,105,517,548,517,120,85,486,4,22,11,257,46,42,125,1,20,61,166,570,88,96,38,109,1,110.8,122.6,-11.8,0.557,0.529,0.173,0.084,0.174,0.092,102.52,2025-26
1631124,Julian Strawther,Julian,1610612743,DEN,24.0,57,38,19,0.667,15.1,2.6,5.6,0.467,1.0,2.6,0.387,1.0,1.2,0.814,0.2,1.8,2.0,1.1,0.6,0.4,0.1,0.4,1.3,1.2,7.2,0.4,12.3,0,0,12.4,235,128,333,106,390,316,324,259,265,294,129,286,313,209,526,380,418,382,393,416,459,255,400,300,316,225,390,284,38,379,1,115.0,113.5,1.5,0.59,0.558,0.187,0.101,0.065,0.082,101.86,2025-26
203944,Julius Randle,Julius,1610612750,MIN,31.0,79,47,32,0.595,33.0,7.3,15.3,0.481,1.4,4.4,0.315,5.0,6.3,0.802,1.7,5.1,6.7,5.0,2.7,1.1,0.2,0.8,2.8,4.4,21.1,2.9,37.9,15,3,36.9,25,44,149,187,40,37,44,209,183,149,379,25,20,225,87,51,61,52,31,98,339,64,40,32,31,86,42,36,8,38,1,117.0,113.1,4.0,0.585,0.526,0.258,0.227,0.099,0.128,102.3,2025-26
1630551,Justin Champagnie,Justin,1610612764,WAS,25.0,69,13,56,0.188,20.0,3.4,6.7,0.502,0.8,2.4,0.319,1.2,1.5,0.784,2.1,3.5,5.6,1.2,0.7,0.9,0.6,0.7,1.7,1.2,8.7,-4.3,20.9,4,0,19.2,118,384,7,537,292,236,260,154,322,313,362,255,268,269,55,149,96,363,388,188,121,93,298,292,254,507,216,114,38,234,1,110.0,119.4,-9.4,0.589,0.56,0.161,0.087,0.133,0.106,103.51,2025-26
1642348,Justin Edwards,Justin,1610612755,PHI,22.0,64,37,27,0.578,15.3,2.2,5.0,0.447,1.0,2.8,0.372,0.5,0.6,0.846,0.4,1.1,1.5,1.3,0.6,0.8,0.2,0.3,1.4,0.5,6.0,-1.1,12.2,0,0,11.8,180,136,220,203,387,362,353,326,256,278,182,431,455,136,427,473,481,354,418,195,394,352,364,468,356,340,394,284,38,392,1,111.7,115.0,-3.4,0.572,0.552,0.154,0.114,0.047,0.068,103.91,2025-26
203994,Jusuf Nurkić,Jusuf,1610612762,UTA,31.0,41,14,27,0.341,26.4,4.4,8.7,0.503,0.6,1.7,0.352,1.5,2.8,0.549,2.6,7.8,10.4,4.8,2.5,1.3,0.5,0.7,3.3,2.8,10.9,-4.6,33.5,16,3,30.3,356,374,220,417,160,158,180,152,365,385,246,196,120,524,32,9,13,56,45,56,139,74,17,86,189,515,68,33,8,85,1,109.5,117.4,-7.9,0.548,0.538,0.186,0.261,0.182,0.121,105.32,2025-26
1642354,KJ Simpson,KJ,1610612743,DEN,23.0,20,10,10,0.5,12.9,1.7,5.0,0.343,0.6,2.0,0.3,0.6,0.9,0.611,0.5,1.4,1.9,2.2,1.3,0.8,0.0,0.4,0.9,1.4,4.6,-0.1,11.1,0,0,10.8,449,411,440,303,426,420,356,536,366,348,403,424,385,499,410,426,438,220,207,209,524,237,480,259,416,261,415,284,38,409,2,110.1,110.0,0.0,0.426,0.404,0.21,0.246,0.072,0.065,100.24,2025-26
1642955,Kadary Richmond,Kadary,1610612764,WAS,24.0,3,2,1,0.667,22.3,3.3,5.3,0.625,0.7,1.3,0.5,1.0,1.0,1.0,0.3,3.0,3.3,2.7,0.7,2.7,0.3,0.0,0.7,1.0,8.3,1.7,24.7,0,0,21.0,566,526,556,106,237,239,336,38,347,422,13,286,360,1,467,199,264,162,379,1,245,540,511,341,268,144,156,284,38,202,1,110.6,106.6,4.0,0.722,0.688,0.114,0.138,0.077,0.129,108.86,2025-26
1642880,Kam Jones,Kam,1610612754,IND,24.0,37,6,31,0.162,16.7,1.8,4.6,0.402,0.6,2.0,0.293,0.1,0.2,0.5,0.4,1.2,1.6,3.2,1.0,0.5,0.0,0.3,1.1,0.3,4.4,-3.9,11.6,1,0,10.8,377,461,160,549,355,403,369,470,373,347,420,549,539,531,428,452,466,125,276,394,524,310,452,524,429,489,404,201,38,408,1,106.0,116.0,-10.0,0.47,0.467,0.141,0.262,0.048,0.061,104.2,2025-26
1626157,Karl-Anthony Towns,Karl-Anthony,1610612752,NYK,30.0,75,49,26,0.653,31.0,6.9,13.8,0.501,1.5,4.1,0.368,4.8,5.5,0.858,3.1,8.7,11.9,3.0,2.5,0.9,0.5,1.0,3.4,4.9,20.1,5.0,40.5,56,1,39.2,60,37,232,127,71,54,60,155,155,172,194,30,35,115,17,5,2,137,44,182,140,34,10,20,46,41,28,1,23,28,1,118.8,111.8,7.0,0.619,0.556,0.251,0.142,0.192,0.154,99.48,2025-26
1631255,Karlo Matković,Karlo,1610612740,NOP,25.0,62,24,38,0.387,14.7,2.3,3.8,0.604,0.6,1.5,0.422,0.5,0.7,0.732,1.2,2.5,3.7,0.8,0.5,0.4,0.9,0.2,1.7,0.6,5.7,-1.5,14.6,1,0,13.3,201,252,81,396,396,355,415,47,359,411,53,444,444,373,157,259,226,451,425,431,62,463,285,446,374,369,348,201,38,360,1,107.2,111.6,-4.4,0.696,0.685,0.128,0.079,0.115,0.108,102.42,2025-26
1642857,Kasparas Jakučionis,Kasparas,1610612748,MIA,20.0,53,28,25,0.528,17.8,1.9,4.5,0.429,1.2,2.9,0.423,1.1,1.2,0.879,0.8,1.8,2.6,2.6,0.9,0.6,0.1,0.3,1.9,1.2,6.2,1.4,14.5,0,0,14.1,276,216,246,279,330,393,377,385,207,264,49,273,309,83,263,378,350,175,284,305,437,322,239,309,351,163,349,284,38,346,1,115.9,112.9,3.0,0.614,0.567,0.129,0.178,0.067,0.073,106.96,2025-26
202695,Kawhi Leonard,Kawhi,1610612746,LAC,35.0,65,37,28,0.569,32.1,9.8,19.4,0.505,2.6,6.8,0.387,5.7,6.4,0.892,1.1,5.3,6.4,3.6,2.0,1.9,0.4,0.5,1.2,5.1,27.9,5.2,45.7,5,0,45.1,166,136,205,220,49,8,8,147,37,36,131,16,18,69,174,46,69,99,78,9,193,162,421,19,6,40,9,96,38,11,1,120.3,112.8,7.5,0.629,0.573,0.326,0.193,0.102,0.185,97.53,2025-26
1630811,Keaton Wallace,Keaton,1610612737,ATL,27.0,53,31,22,0.585,10.1,1.3,3.2,0.398,0.7,1.9,0.373,0.2,0.3,0.667,0.1,1.0,1.1,1.8,0.5,0.5,0.1,0.1,0.9,0.3,3.5,-1.9,8.6,0,0,8.2,276,188,295,194,475,466,446,482,331,359,180,516,515,452,563,477,519,266,432,411,474,515,479,511,469,399,479,284,38,473,1,102.2,110.8,-8.6,0.52,0.509,0.161,0.264,0.05,0.077,102.54,2025-26
1631099,Keegan Murray,Keegan,1610612758,SAC,25.0,23,5,18,0.217,34.5,5.5,13.0,0.42,1.3,4.9,0.277,1.7,2.1,0.776,1.4,4.3,5.7,1.7,1.2,1.0,1.6,0.7,1.8,1.7,14.0,-7.1,30.0,2,0,27.9,436,474,348,517,17,103,76,418,189,118,440,180,178,293,113,89,84,283,225,109,14,107,255,211,118,554,100,159,38,113,1,107.6,118.4,-10.7,0.499,0.472,0.182,0.07,0.079,0.078,100.29,2025-26
1642276,Kel'el Ware,Kel'el,1610612748,MIA,22.0,77,39,38,0.506,22.1,4.5,8.4,0.53,1.2,3.0,0.395,0.9,1.2,0.74,2.8,6.2,9.0,0.7,0.8,0.8,1.1,0.3,1.5,1.1,11.1,-0.9,27.7,24,0,25.7,37,118,81,302,242,154,191,103,218,254,107,316,308,361,26,25,20,470,336,224,35,295,331,327,186,319,122,16,38,131,1,113.1,114.1,-1.0,0.616,0.601,0.174,0.046,0.18,0.137,105.48,2025-26
1629640,Keldon Johnson,Keldon,1610612759,SAS,26.0,82,62,20,0.756,23.3,5.0,9.7,0.519,1.2,3.3,0.363,1.9,2.4,0.794,1.7,3.7,5.4,1.4,0.9,0.6,0.1,0.7,2.0,1.8,13.2,3.9,22.9,5,0,22.5,1,1,322,43,219,125,146,117,213,221,210,147,158,242,88,137,110,336,317,344,433,84,214,188,139,62,182,96,38,176,1,116.0,108.2,7.8,0.613,0.582,0.201,0.085,0.106,0.118,102.22,2025-26
203482,Kelly Olynyk,Kelly,1610612759,SAS,35.0,42,33,9,0.786,8.6,1.1,2.3,0.49,0.3,1.1,0.255,0.6,0.9,0.711,0.6,1.2,1.8,1.2,0.6,0.4,0.1,0.2,0.9,0.9,3.2,-0.9,7.8,0,0,7.3,348,175,455,29,505,494,509,184,446,446,455,396,384,409,350,448,441,371,413,454,496,445,475,361,483,326,490,284,38,487,1,104.2,111.1,-6.9,0.59,0.552,0.16,0.203,0.101,0.096,100.81,2025-26
1626162,Kelly Oubre Jr.,Kelly,1610612755,PHI,30.0,50,27,23,0.54,31.5,5.1,10.9,0.467,1.7,4.8,0.36,2.2,2.9,0.766,1.0,4.0,5.0,1.6,1.4,1.4,0.5,0.7,2.5,2.5,14.1,-1.3,26.7,5,0,26.1,297,225,275,266,58,124,122,261,126,120,222,114,115,313,193,104,134,293,180,45,168,103,74,118,115,355,130,96,38,125,1,115.3,117.2,-1.9,0.58,0.546,0.179,0.073,0.077,0.083,100.39,2025-26
1631113,Kennedy Chandler,Kennedy,1610612762,UTA,23.0,11,1,10,0.091,32.3,5.5,12.5,0.445,1.4,3.5,0.395,2.5,3.9,0.651,0.5,2.8,3.4,6.7,2.1,1.0,0.2,1.3,2.1,3.4,15.0,-6.3,30.6,1,0,28.8,492,549,440,564,47,100,86,335,185,214,108,92,69,470,358,226,261,17,71,121,382,5,177,64,100,545,95,201,38,101,1,113.3,122.6,-9.3,0.529,0.5,0.195,0.261,0.049,0.081,109.25,2025-26
1629026,Kenrich Williams,Kenrich,1610612760,OKC,31.0,56,41,15,0.732,15.3,2.5,5.3,0.473,0.9,2.3,0.388,0.6,0.9,0.635,1.1,2.3,3.3,1.4,0.8,0.6,0.1,0.3,1.1,1.0,6.5,0.8,13.8,1,0,13.4,247,97,382,64,386,328,338,235,296,320,128,410,377,490,183,292,262,327,359,349,481,313,453,339,340,193,362,201,38,358,1,112.6,109.5,3.1,0.569,0.557,0.178,0.132,0.106,0.098,100.84,2025-26
203484,Kentavious Caldwell-Pope,Kentavious,1610612763,MEM,33.0,51,20,31,0.392,21.3,2.9,7.2,0.41,1.1,3.4,0.316,1.4,1.6,0.913,0.4,2.1,2.5,2.7,1.2,0.8,0.2,0.2,1.1,1.3,8.4,-2.2,17.2,0,0,16.6,291,302,160,391,260,293,243,453,249,217,373,205,252,47,438,324,376,159,221,196,412,392,440,263,264,412,294,284,38,289,1,110.8,115.3,-4.5,0.533,0.485,0.173,0.181,0.054,0.083,102.31,2025-26
1631165,Keon Ellis,Keon,1610612739,CLE,26.0,72,31,41,0.431,20.5,2.3,5.3,0.44,1.3,3.5,0.363,0.7,1.0,0.729,0.5,1.3,1.9,1.0,0.6,1.2,0.6,0.1,1.9,1.2,6.7,-2.0,15.2,0,0,14.4,84,188,61,368,278,346,336,346,204,210,211,368,373,380,371,438,436,394,417,78,117,504,242,296,335,404,337,284,38,341,2,110.6,115.4,-4.8,0.579,0.559,0.129,0.067,0.045,0.058,100.49,2025-26
1642352,Keshad Johnson,Keshad,1610612748,MIA,25.0,32,16,16,0.5,8.7,1.6,3.3,0.49,0.4,1.4,0.295,0.7,0.9,0.724,0.8,1.1,1.9,0.3,0.4,0.5,0.3,0.2,0.9,0.6,4.3,2.8,8.7,1,0,8.3,400,348,368,303,500,428,442,180,418,418,414,387,383,387,261,465,431,560,485,403,316,432,483,456,440,93,474,201,38,470,1,122.3,109.3,13.0,0.582,0.553,0.171,0.036,0.1,0.083,109.64,2025-26
1642933,Keshon Gilbert,Keshon,1610612737,ATL,23.0,4,0,4,0.0,18.4,1.3,3.0,0.417,0.0,0.8,0.0,1.8,1.8,1.0,0.5,0.8,1.3,3.0,2.0,0.8,1.0,0.0,1.3,1.3,4.3,-14.5,13.5,0,0,12.0,551,567,509,567,320,468,458,434,517,474,517,164,227,1,379,525,496,138,81,234,42,540,408,281,440,577,370,284,38,389,2,103.2,141.3,-38.1,0.564,0.417,0.131,0.222,0.036,0.049,101.16,2025-26
201142,Kevin Durant,Kevin,1610612745,HOU,37.0,78,48,30,0.615,36.4,9.2,17.6,0.52,2.4,5.8,0.413,5.2,6.0,0.874,0.5,4.9,5.5,4.8,3.2,0.8,0.9,0.5,1.8,4.8,26.0,4.4,41.6,7,0,42.0,28,41,172,163,3,11,18,112,54,76,64,24,25,93,373,58,105,57,15,215,59,161,257,21,15,54,21,72,38,19,1,117.9,112.4,5.5,0.641,0.588,0.263,0.203,0.073,0.15,98.14,2025-26
1628989,Kevin Huerter,Kevin,1610612765,DET,27.0,69,40,29,0.58,22.5,3.9,8.6,0.451,1.4,4.7,0.308,0.8,1.0,0.775,0.5,3.0,3.5,2.6,1.0,0.9,0.5,0.4,1.7,1.0,10.0,1.2,21.2,1,0,20.3,118,110,189,200,234,196,183,309,171,125,388,347,357,295,391,203,249,176,250,155,169,259,293,333,212,169,211,201,38,213,2,113.1,110.8,2.3,0.552,0.535,0.184,0.161,0.074,0.093,102.94,2025-26
201567,Kevin Love,Kevin,1610612762,UTA,37.0,37,10,27,0.27,16.6,2.1,5.4,0.397,1.4,3.8,0.373,1.0,1.2,0.841,1.5,4.3,5.8,1.8,0.8,0.4,0.2,0.0,1.5,1.1,6.7,-2.2,17.4,2,0,17.0,377,411,220,472,360,370,330,484,175,182,177,286,323,146,106,86,81,261,334,446,325,538,353,318,333,409,291,159,38,280,1,115.8,122.5,-6.7,0.568,0.53,0.161,0.145,0.167,0.103,104.18,2025-26
1641755,Kevin McCullar Jr.,Kevin,1610612752,NYK,25.0,21,11,10,0.524,7.4,1.0,2.2,0.426,0.4,1.1,0.333,0.1,0.2,0.4,0.5,0.8,1.3,1.0,0.6,0.4,0.0,0.1,1.0,0.2,2.4,-2.3,6.1,0,0,5.9,444,406,440,284,520,510,516,396,424,441,302,554,535,553,374,514,491,416,413,421,524,505,455,539,516,415,509,284,38,510,1,98.8,110.9,-12.1,0.508,0.511,0.166,0.208,0.082,0.062,101.27,2025-26
1629645,Kevin Porter Jr.,Kevin,1610612749,MIL,26.0,38,18,20,0.474,33.2,6.3,13.5,0.465,1.2,3.8,0.322,3.6,4.1,0.878,0.9,4.3,5.2,7.4,2.9,2.2,0.5,0.8,2.3,3.6,17.4,-2.8,39.9,10,2,36.6,370,325,322,342,35,69,64,264,212,186,356,51,58,85,227,87,122,11,23,3,156,50,113,52,67,444,31,56,16,40,1,111.4,116.1,-4.7,0.567,0.51,0.236,0.336,0.077,0.132,99.18,2025-26
1626172,Kevon Looney,Kevon,1610612740,NOP,30.0,21,3,18,0.143,14.6,1.2,2.9,0.417,0.1,0.6,0.154,0.3,0.5,0.7,2.3,3.3,5.6,1.6,0.4,0.4,0.5,0.2,1.6,0.4,2.8,-3.0,14.3,0,0,12.0,444,503,348,553,398,484,470,434,490,484,504,487,491,424,48,162,92,289,478,421,170,429,305,505,503,454,357,284,38,390,1,105.3,115.7,-10.4,0.458,0.433,0.096,0.148,0.171,0.093,102.64,2025-26
1641718,Keyonte George,Keyonte,1610612762,UTA,22.0,54,16,38,0.296,33.1,7.4,16.3,0.456,2.5,6.7,0.371,6.2,7.0,0.892,0.4,3.3,3.7,6.1,3.1,1.1,0.3,1.1,2.2,4.7,23.6,-6.2,38.2,4,0,38.6,266,348,81,448,39,34,29,288,49,43,185,11,16,70,418,173,228,27,19,102,307,20,137,22,22,542,40,114,38,34,1,115.1,123.6,-8.6,0.609,0.532,0.275,0.286,0.054,0.122,103.25,2025-26
1642863,Khaman Maluach,Khaman,1610612756,PHX,19.0,46,22,24,0.478,8.9,1.2,2.3,0.533,0.1,0.5,0.238,0.5,0.7,0.71,1.1,1.8,2.9,0.1,0.5,0.1,0.7,0.3,0.9,0.6,3.0,1.0,8.6,1,0,7.8,324,277,258,339,495,477,511,100,487,501,473,446,437,413,178,362,318,572,428,552,94,359,473,449,488,182,477,201,38,480,1,106.0,103.5,2.5,0.586,0.557,0.142,0.021,0.151,0.098,97.92,2025-26
203114,Khris Middleton,Khris,1610612742,DAL,34.0,63,18,45,0.286,22.8,3.6,8.6,0.42,1.1,3.0,0.36,1.9,2.2,0.875,0.8,2.9,3.7,2.8,1.7,0.7,0.1,0.4,2.3,1.8,10.2,-5.3,19.4,2,0,19.3,194,325,36,454,225,218,185,417,254,263,221,145,173,87,264,220,229,152,119,287,423,244,126,191,208,533,246,159,38,229,2,110.0,121.1,-11.1,0.533,0.482,0.198,0.171,0.075,0.073,103.88,2025-26
1630165,Killian Hayes,Killian,1610612758,SAC,24.0,23,10,13,0.435,17.6,1.8,6.0,0.304,0.7,2.7,0.27,1.1,1.2,0.929,0.2,2.2,2.3,3.5,1.2,0.9,0.2,0.2,1.6,1.1,5.5,-0.8,15.7,0,0,14.3,436,411,409,365,335,404,301,560,324,284,447,263,317,39,543,312,384,104,219,155,392,401,322,323,382,313,329,284,38,343,1,107.8,110.6,-2.8,0.422,0.366,0.179,0.265,0.061,0.071,100.91,2025-26
202691,Klay Thompson,Klay,1610612742,DAL,36.0,69,21,48,0.304,21.7,4.1,10.6,0.393,2.9,7.6,0.383,0.5,0.7,0.766,0.3,1.8,2.1,1.4,0.9,0.5,0.3,0.1,1.0,0.4,11.7,-1.9,17.8,0,0,19.7,118,292,25,444,253,182,130,494,20,19,146,428,435,311,499,368,413,332,295,396,263,473,461,503,169,401,280,284,38,221,1,106.3,111.0,-4.7,0.541,0.532,0.214,0.096,0.043,0.077,106.06,2025-26
1641738,Kobe Brown,Kobe,1610612754,IND,26.0,61,17,44,0.279,15.8,2.1,4.4,0.469,0.9,2.3,0.374,0.8,1.0,0.797,1.1,1.9,3.0,1.3,0.9,0.4,0.2,0.4,1.1,0.9,5.8,-3.6,12.2,0,0,12.1,210,334,43,464,376,375,383,251,302,321,172,352,374,235,166,349,296,346,310,447,367,248,438,364,369,475,392,284,38,385,2,108.4,119.0,-10.5,0.594,0.565,0.154,0.123,0.096,0.078,100.6,2025-26
1641723,Kobe Bufkin,Kobe,1610612747,LAL,22.0,16,10,6,0.625,7.5,0.9,3.1,0.3,0.3,1.6,0.192,0.7,0.8,0.917,0.1,0.8,0.8,0.6,0.3,0.1,0.2,0.1,0.6,0.7,2.9,-4.3,5.4,0,0,5.3,461,411,485,153,519,512,449,562,439,394,495,375,425,42,561,525,546,487,514,545,373,488,535,428,500,506,525,284,38,519,1,97.7,127.9,-30.2,0.416,0.35,0.219,0.128,0.055,0.038,102.44,2025-26
1642920,Kobe Sanders,Kobe,1610612746,LAC,24.0,68,36,32,0.529,19.9,2.6,5.6,0.466,1.2,2.9,0.408,0.8,1.0,0.826,0.4,1.8,2.3,1.6,1.2,0.7,0.1,0.3,2.1,0.9,7.3,0.5,13.8,0,0,14.0,135,151,149,276,296,314,320,262,222,272,78,336,359,184,417,363,400,292,223,251,419,354,161,359,314,219,361,284,38,347,1,113.1,112.9,0.2,0.597,0.57,0.155,0.117,0.056,0.062,99.33,2025-26
1642886,Koby Brea,Koby,1610612756,PHX,23.0,12,5,7,0.417,7.0,1.3,3.0,0.417,1.1,2.5,0.433,0.2,0.2,1.0,0.1,0.6,0.7,0.8,0.3,0.1,0.0,0.1,0.5,0.1,3.8,-0.4,5.7,0,0,6.5,485,474,475,374,526,468,458,434,247,303,41,531,546,1,559,544,556,443,503,558,524,511,541,569,459,289,517,284,38,497,1,101.8,106.0,-4.2,0.61,0.597,0.203,0.189,0.048,0.101,96.15,2025-26
1642851,Kon Knueppel,Kon,1610612766,CHA,20.0,81,44,37,0.543,31.5,6.4,13.4,0.475,3.4,7.9,0.425,2.4,2.8,0.863,1.2,4.1,5.3,3.4,2.0,0.7,0.2,0.6,2.1,2.3,18.5,4.0,30.8,7,0,32.5,19,67,93,261,57,65,67,228,5,16,47,102,119,110,151,101,112,109,83,263,334,117,181,128,58,61,89,72,38,67,1,119.2,113.0,6.2,0.633,0.601,0.216,0.158,0.082,0.115,99.73,2025-26
1627739,Kris Dunn,Kris,1610612746,LAC,32.0,82,42,40,0.512,27.2,2.8,5.8,0.476,1.0,2.6,0.374,0.8,1.0,0.765,0.7,2.6,3.3,3.6,1.4,1.6,0.2,0.3,2.3,0.9,7.3,0.2,20.6,0,0,18.7,1,87,69,293,143,303,309,223,277,296,174,355,370,314,312,251,271,101,187,17,396,340,115,369,315,235,226,284,38,249,1,114.6,114.1,0.5,0.581,0.56,0.122,0.179,0.063,0.074,98.23,2025-26
1631200,Kris Murray,Kris,1610612757,POR,25.0,57,28,29,0.491,23.4,2.3,4.8,0.467,0.6,2.1,0.279,0.7,1.0,0.684,1.6,2.0,3.6,1.4,0.8,0.9,0.4,0.3,1.6,0.8,5.8,0.8,15.3,0,0,14.0,235,216,189,329,217,358,361,257,372,332,436,376,360,442,98,328,236,324,328,166,219,316,307,383,366,195,335,284,38,348,1,110.6,109.1,1.5,0.55,0.529,0.103,0.082,0.073,0.063,102.27,2025-26
204001,Kristaps Porziņģis,Kristaps,1610612744,GSW,30.0,32,13,19,0.406,24.0,5.4,12.1,0.446,1.7,5.0,0.338,4.2,4.9,0.842,1.3,4.0,5.2,2.5,1.3,0.6,1.2,0.4,2.9,4.3,16.7,1.4,30.7,1,0,29.6,400,384,333,381,205,105,91,332,132,112,293,39,42,142,137,114,121,183,199,342,27,218,34,34,80,160,92,201,38,93,2,113.8,110.8,3.0,0.582,0.515,0.265,0.162,0.104,0.124,103.63,2025-26
203937,Kyle Anderson,Kyle,1610612750,MIN,32.0,43,15,28,0.349,19.8,2.5,4.7,0.53,0.1,0.3,0.364,1.1,1.6,0.706,1.0,2.5,3.5,2.9,0.9,1.0,0.6,0.3,2.2,1.5,6.2,-1.9,18.8,0,0,16.0,342,365,205,410,298,330,364,104,491,517,203,268,251,417,207,262,246,144,296,108,127,343,135,240,352,397,259,284,38,305,3,107.4,111.6,-4.2,0.573,0.54,0.131,0.204,0.084,0.095,103.85,2025-26
1642271,Kyle Filipowski,Kyle,1610612762,UTA,22.0,77,21,56,0.273,23.4,4.2,8.5,0.492,1.0,3.0,0.325,2.1,2.8,0.75,1.9,5.3,7.2,2.6,1.6,0.9,0.5,0.7,3.0,1.9,11.4,-3.3,26.6,13,0,25.0,37,292,7,470,218,174,188,177,282,262,347,127,121,333,76,44,47,178,133,141,154,102,28,168,179,465,132,42,38,138,1,113.7,120.4,-6.6,0.586,0.548,0.197,0.156,0.149,0.106,104.07,2025-26
1628398,Kyle Kuzma,Kyle,1610612749,MIL,30.0,69,31,38,0.449,26.2,4.9,10.0,0.492,1.2,3.5,0.347,2.0,2.7,0.726,0.8,3.7,4.5,2.7,1.7,0.7,0.4,0.5,1.9,2.3,13.0,-4.1,23.9,4,0,23.5,118,188,81,359,166,132,143,176,215,212,264,141,128,385,255,136,164,162,116,276,202,153,223,136,141,500,166,114,38,160,1,110.2,116.8,-6.6,0.581,0.552,0.212,0.153,0.084,0.096,100.59,2025-26
200768,Kyle Lowry,Kyle,1610612755,PHI,40.0,14,9,5,0.643,8.4,0.3,1.8,0.16,0.3,1.8,0.16,0.4,0.4,0.833,0.0,0.6,0.6,0.8,0.3,0.1,0.1,0.0,0.6,0.4,1.2,-2.8,3.7,0,0,3.5,472,432,501,136,511,571,534,576,446,379,502,481,498,160,565,539,558,456,519,541,423,540,531,496,562,443,555,284,38,558,1,98.5,116.5,-18.0,0.308,0.24,0.106,0.131,0.032,0.013,105.12,2025-26
1642273,Kyshawn George,Kyshawn,1610612764,WAS,22.0,48,10,38,0.208,29.0,5.3,12.0,0.438,2.1,5.4,0.381,2.2,2.7,0.802,0.9,4.2,5.1,4.5,2.6,1.0,0.9,0.8,3.5,2.6,14.8,-7.4,30.7,3,0,30.2,310,411,81,521,110,117,94,356,75,89,153,117,124,228,226,96,130,64,38,121,60,57,6,99,105,559,91,128,38,87,1,108.3,119.7,-11.5,0.559,0.524,0.222,0.226,0.081,0.09,103.49,2025-26
1643018,LJ Cryer,LJ,1610612744,GSW,24.0,18,6,12,0.333,16.2,2.6,6.5,0.402,2.1,5.2,0.394,0.9,1.1,0.895,0.2,1.3,1.6,1.0,0.8,0.2,0.0,0.1,1.6,0.7,8.2,0.9,11.3,0,0,13.2,456,461,419,419,367,317,278,472,78,100,112,310,350,62,517,439,472,394,352,531,524,525,327,418,273,188,411,284,38,362,1,109.2,109.6,-0.4,0.59,0.56,0.196,0.092,0.049,0.07,99.16,2025-26
1630163,LaMelo Ball,LaMelo,1610612766,CHA,24.0,72,41,31,0.569,28.0,7.0,17.3,0.407,3.8,10.3,0.368,2.2,2.5,0.899,0.9,3.9,4.8,7.1,2.8,1.2,0.3,0.7,2.7,3.0,20.1,5.8,38.1,10,1,38.7,84,97,160,218,128,48,21,460,3,3,196,112,142,56,222,117,149,14,29,64,316,73,47,75,45,32,41,56,23,33,1,123.2,114.1,9.1,0.546,0.516,0.306,0.384,0.084,0.134,99.43,2025-26
1642950,Lachlan Olbrich,Lachlan,1610612741,CHI,22.0,37,9,28,0.243,9.3,1.0,2.1,0.468,0.1,0.5,0.105,0.4,1.1,0.375,1.2,1.8,3.0,1.1,0.4,0.3,0.2,0.2,1.3,1.0,2.4,0.7,8.9,1,1,7.7,377,432,205,498,488,507,525,256,497,495,513,468,343,557,148,370,298,374,477,472,347,461,386,341,514,199,469,201,23,481,1,109.0,106.7,2.3,0.47,0.481,0.125,0.153,0.142,0.074,105.91,2025-26
1629013,Landry Shamet,Landry,1610612752,NYK,29.0,51,35,16,0.686,23.0,3.1,7.1,0.437,2.0,5.2,0.392,1.1,1.5,0.711,0.5,1.4,1.8,1.4,0.6,0.6,0.2,0.4,1.5,1.6,9.3,3.7,15.4,0,0,16.1,291,162,368,90,223,266,245,362,83,105,116,280,267,409,409,437,442,326,411,313,389,282,339,219,233,65,334,284,38,298,1,115.2,107.0,8.1,0.598,0.578,0.151,0.084,0.038,0.07,99.44,2025-26
1626204,Larry Nance Jr.,Larry,1610612739,CLE,33.0,35,25,10,0.714,12.8,1.5,3.5,0.419,0.6,1.8,0.333,0.2,0.4,0.462,0.8,1.8,2.7,1.0,0.6,0.6,0.2,0.2,1.6,0.6,3.7,-0.5,10.1,0,0,9.5,390,243,440,75,428,448,425,420,366,375,302,530,510,550,252,361,345,412,413,317,395,415,320,443,460,294,437,284,38,438,1,108.2,111.1,-2.9,0.505,0.504,0.137,0.105,0.098,0.062,101.61,2025-26
1628374,Lauri Markkanen,Lauri,1610612762,UTA,29.0,42,17,25,0.405,34.3,9.1,19.2,0.477,2.7,7.7,0.355,5.7,6.4,0.896,2.0,4.9,6.9,2.1,1.5,1.0,0.5,1.1,1.8,5.5,26.7,-1.3,41.2,5,0,41.5,348,334,246,383,19,12,9,219,27,18,239,15,19,61,63,59,55,223,150,121,156,17,252,12,11,352,24,96,38,20,1,113.6,115.2,-1.5,0.608,0.548,0.269,0.101,0.094,0.139,104.48,2025-26
1643133,Lawson Lovering,Lawson,1610612763,MEM,23.0,2,1,1,0.5,24.6,3.0,5.0,0.6,0.0,0.0,0.0,1.0,2.5,0.4,3.0,4.5,7.5,1.5,1.0,1.5,0.5,0.5,3.5,2.0,7.0,0.5,23.3,1,0,20.0,572,549,556,303,196,280,353,49,517,548,517,286,136,553,21,77,42,303,257,25,156,178,7,160,324,218,175,201,38,219,1,110.5,110.6,-0.1,0.574,0.6,0.106,0.07,0.143,0.07,110.59,2025-26
2544,LeBron James,LeBron,1610612747,LAL,41.0,60,39,21,0.65,33.2,7.9,15.3,0.515,1.3,4.1,0.317,3.9,5.3,0.737,0.7,5.4,6.1,7.2,3.0,1.2,0.6,0.8,1.4,3.7,20.9,2.0,41.4,17,3,39.1,214,118,305,129,38,26,43,127,200,177,371,44,38,364,309,41,76,12,20,65,130,67,381,49,34,123,23,30,8,30,1,115.0,112.4,2.6,0.594,0.557,0.262,0.338,0.093,0.154,100.29,2025-26
1641778,Leaky Black,Leaky,1610612764,WAS,27.0,15,1,14,0.067,28.9,2.7,6.9,0.388,1.3,3.7,0.345,0.5,0.5,0.875,1.0,4.0,5.0,1.5,0.9,1.2,0.5,0.2,2.7,0.5,7.1,-6.8,19.5,0,0,18.3,465,549,397,566,113,311,253,498,203,193,272,449,474,87,193,107,135,315,286,65,140,415,51,485,321,549,241,284,38,259,1,109.6,119.5,-9.9,0.498,0.481,0.113,0.064,0.084,0.051,103.63,2025-26
1631159,Leonard Miller,Leonard,1610612741,CHI,22.0,46,18,28,0.391,15.6,3.2,5.7,0.553,0.7,2.2,0.323,0.8,1.2,0.736,1.2,2.8,3.9,0.9,0.8,0.4,0.3,0.3,1.4,0.9,7.8,-0.6,15.2,3,0,14.7,324,325,205,393,383,262,315,82,340,330,351,332,329,366,154,231,210,434,349,450,256,359,365,375,291,300,338,128,38,335,2,111.7,114.1,-2.5,0.633,0.615,0.176,0.077,0.118,0.104,106.87,2025-26
1642862,Liam McNeeley,Liam,1610612766,CHA,20.0,31,12,19,0.387,11.9,1.2,3.1,0.4,0.8,1.9,0.4,1.0,1.3,0.821,0.4,1.9,2.4,0.8,0.4,0.2,0.1,0.2,1.2,0.9,4.3,0.3,8.6,0,0,8.7,407,395,333,396,446,474,455,475,320,358,94,283,302,198,420,346,383,459,483,535,471,425,433,368,439,233,478,284,38,462,1,111.5,109.9,1.6,0.588,0.526,0.144,0.096,0.098,0.079,98.74,2025-26
1630322,Lindy Waters III,Lindy,1610612759,SAS,28.0,40,31,9,0.775,7.1,0.8,2.2,0.375,0.7,2.0,0.342,0.1,0.1,0.667,0.1,0.7,0.7,0.5,0.2,0.2,0.0,0.1,0.6,0.3,2.4,-0.1,4.3,0,0,4.6,362,188,455,33,524,520,517,513,346,354,282,561,561,452,560,538,552,519,547,539,521,529,525,529,517,270,547,284,38,535,1,107.1,108.7,-1.6,0.532,0.528,0.141,0.09,0.05,0.052,101.17,2025-26
1628366,Lonzo Ball,Lonzo,1610612739,CLE,28.0,35,19,16,0.543,20.8,1.5,5.0,0.301,1.1,4.2,0.272,0.4,0.6,0.667,0.7,3.3,4.0,3.9,1.5,1.3,0.3,0.2,1.3,0.5,4.6,0.9,18.3,0,0,16.7,390,316,368,262,273,444,351,561,234,161,443,469,459,452,294,174,200,77,158,54,311,443,391,480,414,186,270,284,38,286,1,111.0,109.7,1.3,0.432,0.415,0.13,0.236,0.089,0.077,104.87,2025-26
1631351,Lucas Williamson,Lucas,1610612763,MEM,27.0,7,0,7,0.0,32.0,3.6,10.7,0.333,2.1,7.6,0.283,1.1,1.1,1.0,1.6,3.9,5.4,2.6,1.4,1.6,0.1,1.0,3.7,1.1,10.4,-17.9,24.5,1,0,24.0,518,567,475,567,51,219,128,539,70,20,433,258,332,1,100,123,107,178,167,18,423,24,4,310,198,579,159,201,38,154,1,105.2,129.7,-24.5,0.465,0.433,0.159,0.108,0.08,0.044,107.27,2025-26
1629652,Luguentz Dort,Luguentz,1610612760,OKC,27.0,69,53,16,0.768,26.8,2.9,7.6,0.385,1.9,5.4,0.344,0.6,0.8,0.759,0.8,2.7,3.6,1.2,0.8,0.9,0.4,0.2,2.6,1.5,8.3,4.3,17.5,0,0,17.6,118,19,368,36,154,294,225,502,111,92,277,398,400,324,262,236,239,358,349,162,213,414,63,241,267,56,289,284,38,269,1,116.2,108.2,8.0,0.524,0.508,0.139,0.059,0.063,0.049,100.54,2025-26
1629029,Luka Dončić,Luka,1610612747,LAL,27.0,64,43,21,0.672,35.8,10.8,22.8,0.476,4.0,10.8,0.366,7.9,10.1,0.78,0.6,7.1,7.7,8.3,4.0,1.6,0.5,0.4,2.4,7.3,33.5,2.9,57.7,34,8,57.8,180,75,305,103,5,1,1,225,2,2,201,2,1,280,330,14,36,4,1,15,143,218,96,2,1,88,2,9,4,1,1,119.4,115.6,3.8,0.616,0.563,0.368,0.387,0.11,0.188,100.73,2025-26
1630568,Luka Garza,Luka,1610612738,BOS,27.0,69,47,22,0.681,16.2,3.0,5.2,0.577,0.8,1.8,0.433,1.3,1.7,0.769,2.3,1.8,4.1,1.0,0.7,0.4,0.4,0.4,2.3,1.7,8.1,1.8,16.1,2,0,15.5,118,44,295,96,368,290,340,68,314,368,43,225,233,306,49,368,194,415,379,438,202,271,108,199,282,133,318,159,38,317,1,119.4,113.6,5.8,0.682,0.654,0.168,0.085,0.12,0.103,97.4,2025-26
1628379,Luke Kennard,Luke,1610612747,LAL,30.0,78,45,33,0.577,21.5,3.0,5.7,0.533,1.5,3.1,0.478,0.8,0.9,0.913,0.4,1.9,2.3,2.2,0.8,0.7,0.1,0.2,1.3,0.7,8.4,0.5,16.2,1,1,16.0,28,60,135,207,254,276,318,101,156,240,24,341,388,45,425,347,386,209,356,259,464,397,397,433,266,216,314,201,23,303,2,114.2,113.7,0.5,0.689,0.665,0.131,0.139,0.053,0.089,101.7,2025-26
1628436,Luke Kornet,Luke,1610612759,SAS,30.0,68,52,16,0.765,21.0,2.6,4.0,0.643,0.0,0.0,0.0,1.4,1.7,0.825,2.7,3.4,6.1,1.9,0.4,0.5,1.0,0.3,1.8,1.8,6.5,1.7,20.5,3,0,17.3,135,24,368,38,264,321,403,30,517,548,517,213,237,189,31,155,75,256,484,401,50,354,263,182,338,138,227,128,38,272,1,114.4,110.5,3.9,0.689,0.643,0.1,0.114,0.132,0.109,102.41,2025-26
1631247,Luke Travers,Luke,1610612739,CLE,24.0,12,6,6,0.5,8.6,0.8,3.0,0.25,0.1,1.3,0.063,0.8,0.8,1.0,0.8,1.3,2.0,0.8,0.3,0.6,0.3,0.3,0.5,0.4,2.3,-2.7,8.4,0,0,7.0,485,461,485,303,504,528,458,566,494,422,516,356,425,1,286,443,418,464,529,325,245,372,541,498,520,438,483,284,38,493,1,97.3,110.5,-13.2,0.35,0.264,0.161,0.123,0.098,0.071,105.69,2025-26
1630644,Mac McClung,Mac,1610612741,CHI,27.0,11,2,9,0.182,12.3,2.1,5.4,0.39,0.6,2.7,0.233,1.3,1.6,0.778,0.2,0.7,0.9,0.9,0.8,1.0,0.3,0.2,1.7,1.0,6.1,-2.4,11.5,0,0,11.1,492,526,455,540,437,374,333,495,354,285,476,233,244,284,541,529,540,425,329,121,299,438,272,341,355,417,405,284,38,403,2,112.3,121.7,-9.4,0.501,0.449,0.199,0.096,0.034,0.047,106.88,2025-26
1641869,Malachi Smith,Malachi,1610612751,BKN,26.0,15,3,12,0.2,23.9,3.2,6.6,0.485,1.3,3.1,0.435,0.5,0.5,1.0,0.8,2.6,3.4,3.3,0.9,0.8,0.3,0.3,0.9,1.3,8.3,-6.0,19.5,1,0,18.4,465,503,419,526,208,256,270,196,190,251,39,425,474,1,267,249,256,122,286,209,303,296,485,263,271,539,242,201,38,253,1,104.9,118.0,-13.2,0.605,0.586,0.136,0.204,0.073,0.102,100.6,2025-26
1631103,Malaki Branham,Malaki,1610612764,WAS,23.0,28,7,21,0.25,9.8,1.5,3.3,0.473,0.5,1.3,0.378,1.0,1.2,0.824,0.4,1.1,1.6,0.8,0.5,0.4,0.1,0.3,0.8,0.7,4.6,-1.5,8.5,0,0,8.4,418,452,305,485,479,440,442,236,393,428,161,286,318,190,414,461,471,446,431,454,458,313,502,430,414,369,480,284,38,468,1,102.5,111.3,-8.8,0.604,0.549,0.177,0.131,0.074,0.099,102.37,2025-26
1642502,Malevy Leons,Malevy,1610612744,GSW,26.0,25,7,18,0.28,11.1,1.3,2.9,0.444,0.2,0.6,0.25,0.6,0.8,0.789,1.2,0.9,2.1,0.9,0.5,0.6,0.4,0.2,1.2,0.7,3.3,-3.0,9.5,0,0,8.4,429,452,348,461,459,467,469,336,475,482,458,405,424,250,149,497,408,423,437,345,237,389,414,420,479,454,450,284,38,469,1,111.6,122.2,-10.6,0.516,0.472,0.137,0.117,0.098,0.062,99.83,2025-26
1628370,Malik Monk,Malik,1610612758,SAC,28.0,62,18,44,0.29,22.0,4.5,10.2,0.438,2.0,5.1,0.395,1.5,1.7,0.879,0.2,1.6,1.9,3.0,1.5,0.6,0.4,0.5,1.6,1.5,12.5,-4.1,20.7,0,0,21.3,201,325,43,451,246,153,136,357,86,108,106,195,229,84,509,398,435,142,160,321,217,178,315,231,148,501,224,284,38,197,1,110.0,118.3,-8.3,0.568,0.536,0.234,0.208,0.041,0.094,102.11,2025-26
1630699,MarJon Beauchamp,MarJon,1610612755,PHI,25.0,14,7,7,0.5,14.0,2.4,5.4,0.434,1.1,3.4,0.34,0.9,1.4,0.684,0.5,1.8,2.3,1.1,0.9,0.6,0.3,0.4,0.9,0.9,6.8,-1.9,13.0,0,0,13.1,472,452,475,303,407,343,327,372,234,219,287,313,286,442,379,381,392,380,291,292,287,277,475,361,330,395,378,284,38,363,1,107.5,111.6,-4.0,0.563,0.539,0.203,0.109,0.075,0.087,104.76,2025-26
1631204,Marcus Sasser,Marcus,1610612765,DET,25.0,38,28,10,0.737,12.0,1.8,4.7,0.39,1.2,2.8,0.415,0.4,0.5,0.833,0.2,0.8,1.0,2.0,0.8,0.5,0.1,0.2,1.1,0.4,5.2,3.1,10.5,0,0,10.6,370,216,440,59,443,405,365,495,229,281,62,472,494,160,540,508,522,239,331,361,459,405,450,510,402,84,428,284,38,413,1,116.4,103.1,13.4,0.533,0.514,0.197,0.217,0.044,0.078,101.68,2025-26
203935,Marcus Smart,Marcus,1610612747,LAL,32.0,62,41,21,0.661,28.5,3.0,7.7,0.395,1.6,4.7,0.331,1.7,2.1,0.822,0.6,2.2,2.8,3.0,1.5,1.4,0.4,0.2,2.6,2.3,9.3,4.1,21.0,0,0,20.2,201,97,305,120,117,274,220,489,142,123,331,171,185,196,348,308,328,142,159,38,230,406,60,133,231,57,215,284,38,215,1,117.3,110.6,6.8,0.543,0.497,0.151,0.133,0.05,0.059,100.07,2025-26
1641813,Mark Sears,Mark,1610612749,MIL,24.0,7,1,6,0.143,3.7,0.9,1.9,0.462,0.6,1.1,0.5,0.9,1.1,0.75,0.1,0.1,0.3,0.3,0.6,0.0,0.0,0.0,0.6,0.9,3.1,1.7,3.3,0,0,4.3,518,549,485,553,570,516,530,271,377,441,13,329,332,333,549,574,573,556,413,564,524,540,531,379,486,140,561,284,38,540,1,123.2,101.8,21.4,0.666,0.615,0.344,0.125,0.049,0.078,103.06,2025-26
1631109,Mark Williams,Mark,1610612756,PHX,24.0,60,34,26,0.567,23.6,4.7,7.3,0.644,0.0,0.0,1.0,2.3,2.9,0.771,3.1,4.9,8.0,1.0,1.1,0.9,0.9,0.4,2.2,2.4,11.7,-0.7,27.1,14,0,24.3,214,168,232,221,214,143,235,28,512,545,1,111,112,302,19,61,34,413,242,153,56,220,144,126,173,310,126,38,38,153,1,111.3,113.3,-2.0,0.68,0.645,0.167,0.064,0.162,0.141,101.01,2025-26
1628365,Markelle Fultz,Markelle,1610612761,TOR,28.0,5,3,2,0.6,7.2,0.4,2.2,0.182,0.0,0.0,0.0,0.0,0.0,0.0,0.0,0.2,0.2,1.6,0.8,0.4,0.0,0.2,0.4,0.0,0.8,-7.2,3.8,0,0,3.4,539,503,540,174,523,565,517,573,517,548,517,563,564,563,565,570,576,293,338,432,524,415,556,571,572,555,554,284,38,561,1,90.4,130.6,-40.2,0.182,0.182,0.163,0.308,0.013,0.0,112.73,2025-26
1628963,Marvin Bagley III,Marvin,1610612742,DAL,27.0,60,16,44,0.267,20.0,4.2,6.9,0.618,0.4,0.9,0.462,1.6,2.4,0.66,2.5,3.6,6.1,1.4,1.0,0.5,0.7,0.5,2.1,2.0,10.5,-3.7,22.4,6,0,20.7,214,348,43,476,290,170,254,42,419,471,26,189,156,464,36,141,74,325,255,405,95,178,191,160,196,477,189,84,38,208,2,109.9,119.0,-9.1,0.661,0.647,0.18,0.107,0.143,0.123,103.2,2025-26
203486,Mason Plumlee,Mason,1610612759,SAS,36.0,20,10,10,0.5,8.6,0.6,0.7,0.786,0.0,0.0,0.0,0.5,0.7,0.643,0.9,1.8,2.7,1.0,0.6,0.5,0.0,0.1,0.9,0.8,1.6,-0.4,7.1,0,0,6.2,449,411,440,303,506,553,576,2,517,548,517,456,433,482,244,374,347,394,403,373,524,529,490,404,550,287,494,284,38,504,2,114.4,116.5,-2.2,0.769,0.786,0.074,0.145,0.159,0.084,103.28,2025-26
1641824,Matas Buzelis,Matas,1610612741,CHI,21.0,77,28,49,0.364,29.2,5.8,12.5,0.463,2.2,6.4,0.349,2.4,3.1,0.786,1.0,4.8,5.8,2.1,2.1,0.7,1.5,0.7,2.3,2.6,16.3,-4.0,30.9,4,0,30.8,37,216,19,403,106,85,83,267,67,52,258,99,101,264,193,64,80,229,75,256,17,71,117,110,87,495,86,114,38,81,1,110.6,116.9,-6.3,0.586,0.553,0.223,0.103,0.094,0.097,104.25,2025-26
1629680,Matisse Thybulle,Matisse,1610612757,POR,29.0,30,17,13,0.567,16.0,1.9,4.5,0.433,1.2,3.1,0.398,0.7,0.8,0.84,0.6,1.4,2.0,0.9,0.9,2.0,0.5,0.1,1.4,0.8,5.8,2.9,16.2,0,0,15.0,410,334,409,221,372,391,378,376,210,244,101,371,403,149,353,426,426,427,286,4,140,518,360,396,367,87,313,284,38,329,1,108.8,99.8,9.0,0.6,0.571,0.144,0.079,0.059,0.093,103.73,2025-26
1631108,Max Christie,Max,1610612742,DAL,23.0,77,24,53,0.312,29.1,4.2,9.4,0.441,2.3,5.8,0.404,1.6,1.8,0.899,0.2,3.0,3.2,2.0,1.2,0.6,0.4,0.5,1.3,1.5,12.3,-4.4,20.7,0,0,21.7,37,252,12,442,108,179,157,345,60,73,87,184,218,57,538,195,278,243,210,311,238,155,403,222,150,512,221,284,38,188,1,108.3,115.2,-6.9,0.601,0.566,0.162,0.095,0.052,0.079,103.23,2025-26
1642917,Max Shulga,Max,1610612738,BOS,24.0,11,8,3,0.727,3.3,0.2,0.7,0.25,0.1,0.4,0.25,0.2,0.2,1.0,0.3,0.3,0.5,0.2,0.3,0.1,0.0,0.0,0.9,0.1,0.6,-0.8,1.6,0,0,1.6,492,440,530,68,575,576,574,566,492,509,458,526,544,1,493,568,563,568,523,557,524,540,478,568,577,317,577,284,38,578,1,92.4,100.0,-7.6,0.394,0.313,0.128,0.087,0.076,-0.038,106.52,2025-26
1629622,Max Strus,Max,1610612739,CLE,30.0,12,9,3,0.75,24.0,3.9,8.8,0.443,2.8,6.8,0.402,0.6,0.8,0.778,0.8,4.7,5.4,2.0,0.8,0.3,0.0,0.3,2.8,1.2,11.2,-0.3,20.7,0,0,21.8,485,432,530,46,206,194,177,338,26,38,90,413,425,284,286,72,109,233,360,498,524,372,38,303,181,283,225,284,38,187,1,117.6,117.3,0.3,0.609,0.599,0.17,0.113,0.108,0.088,103.56,2025-26
1628467,Maxi Kleber,Maxi,1610612747,LAL,34.0,43,20,23,0.465,10.7,0.8,1.7,0.452,0.1,0.6,0.231,0.3,0.6,0.538,0.8,1.1,2.0,0.6,0.4,0.4,0.3,0.1,1.4,0.6,2.0,1.3,6.9,0,0,6.1,342,302,275,348,466,526,542,305,482,486,478,498,458,526,249,466,427,486,491,425,313,480,372,459,531,168,497,284,38,506,1,113.4,110.3,3.1,0.509,0.493,0.092,0.075,0.095,0.038,101.41,2025-26
1642875,Maxime Raynaud,Maxime,1610612758,SAC,23.0,74,21,53,0.284,26.5,5.2,9.1,0.571,0.3,1.0,0.324,1.8,2.3,0.786,1.9,5.6,7.5,1.4,1.3,0.5,0.5,0.5,2.3,1.9,12.5,-6.2,25.4,18,0,23.7,70,292,12,459,157,122,167,77,436,455,348,158,165,264,72,35,41,337,202,370,147,170,118,173,146,544,146,27,38,158,1,110.4,121.3,-10.9,0.619,0.589,0.178,0.074,0.14,0.109,101.41,2025-26
1642877,Micah Peavy,Micah,1610612740,NOP,24.0,61,17,44,0.279,15.0,1.7,4.5,0.385,0.5,1.8,0.259,0.4,0.5,0.759,0.8,1.2,1.9,1.0,0.3,0.7,0.1,0.3,1.6,0.4,4.3,-1.7,10.3,0,0,9.4,210,334,43,464,393,416,374,503,406,380,452,480,493,324,284,458,433,394,511,260,418,344,319,493,435,389,430,284,38,444,1,110.4,114.5,-4.1,0.455,0.436,0.135,0.089,0.059,0.044,103.08,2025-26
1630695,Micah Potter,Micah,1610612754,IND,28.0,47,11,36,0.234,19.3,3.2,6.2,0.515,1.5,3.6,0.423,1.8,2.1,0.842,1.2,3.7,5.0,1.5,1.0,0.5,0.3,0.2,1.7,1.8,9.7,-2.6,19.3,7,0,19.3,320,406,102,504,309,255,293,125,153,201,51,153,175,143,144,134,140,314,257,404,262,404,268,189,221,426,250,72,38,230,1,108.4,114.8,-6.4,0.679,0.637,0.174,0.111,0.125,0.114,105.56,2025-26
1629008,Michael Porter Jr.,Michael,1610612751,BKN,28.0,52,14,38,0.269,32.5,8.5,18.4,0.463,3.4,9.3,0.363,3.8,4.4,0.859,1.3,5.7,7.1,3.0,2.3,1.1,0.3,0.7,2.2,3.5,24.2,-3.9,38.8,12,0,40.3,286,374,81,473,44,19,14,266,4,5,207,48,53,114,131,32,49,134,57,106,316,75,136,59,19,492,36,47,38,23,1,113.0,119.6,-6.6,0.595,0.555,0.292,0.165,0.11,0.141,97.97,2025-26
1628969,Mikal Bridges,Mikal,1610612752,NYK,29.0,82,53,29,0.646,32.8,5.8,11.7,0.49,1.9,5.1,0.371,1.0,1.2,0.827,1.0,2.8,3.8,3.7,1.0,1.3,0.8,0.2,2.0,1.5,14.4,3.6,29.7,1,0,27.9,1,19,189,132,41,86,100,181,103,106,183,299,321,182,213,223,221,88,256,52,84,395,222,244,107,67,103,201,38,112,1,118.0,112.0,6.0,0.587,0.571,0.17,0.158,0.057,0.099,98.88,2025-26
201144,Mike Conley,Mike,1610612750,MIN,38.0,54,33,21,0.611,18.4,1.3,4.0,0.335,1.0,3.1,0.337,0.8,0.9,0.9,0.3,1.4,1.7,2.9,0.6,0.6,0.3,0.1,1.6,0.9,4.5,0.3,13.1,0,0,12.0,266,175,305,165,324,461,406,538,258,249,295,337,379,53,467,430,457,146,397,290,307,525,327,374,417,230,375,284,38,388,1,112.3,112.1,0.2,0.517,0.465,0.113,0.205,0.045,0.061,102.58,2025-26
1628970,Miles Bridges,Miles,1610612766,CHA,28.0,77,42,35,0.545,31.0,6.2,13.5,0.46,1.9,5.8,0.333,2.7,3.3,0.822,1.0,4.9,5.8,3.2,1.4,0.6,0.4,0.5,1.7,2.3,17.1,1.9,30.6,8,0,30.1,37,87,112,258,68,71,63,279,97,75,326,84,92,195,209,60,78,128,178,320,183,191,282,130,72,128,94,66,38,88,1,118.3,114.8,3.5,0.57,0.531,0.221,0.154,0.092,0.114,98.66,2025-26
1642939,Miles Kelly,Miles,1610612742,DAL,23.0,14,7,7,0.5,9.6,1.1,3.1,0.364,0.7,2.4,0.303,0.1,0.1,1.0,0.4,1.4,1.7,0.9,0.4,0.3,0.1,0.0,0.9,0.1,3.1,-0.9,7.1,0,0,7.1,472,452,475,303,483,491,448,526,332,316,400,559,563,1,458,436,458,439,478,485,496,540,487,570,487,319,495,284,38,491,1,101.3,106.5,-5.1,0.484,0.477,0.144,0.133,0.078,0.064,106.07,2025-26
1630540,Miles McBride,Miles,1610612752,NYK,25.0,41,25,16,0.61,26.3,4.2,9.9,0.423,2.7,6.6,0.413,0.9,1.1,0.787,0.6,1.9,2.4,2.6,0.8,0.9,0.2,0.3,1.7,1.0,12.0,5.5,21.2,0,0,21.9,356,243,368,168,163,176,144,407,28,46,65,319,331,259,344,358,377,174,337,189,344,351,280,341,161,36,213,284,38,186,1,119.9,110.4,9.5,0.578,0.562,0.174,0.136,0.044,0.085,98.57,2025-26
1629011,Mitchell Robinson,Mitchell,1610612752,NYK,28.0,60,40,20,0.667,19.6,2.5,3.4,0.723,0.0,0.0,0.0,0.7,1.7,0.408,4.2,4.6,8.8,0.9,0.7,0.9,1.2,0.2,2.1,1.5,5.7,2.6,23.1,6,0,19.5,214,110,322,106,304,332,433,7,517,548,517,371,232,552,5,74,23,435,375,147,29,445,169,237,375,102,178,84,38,224,1,117.7,109.9,7.8,0.676,0.723,0.102,0.058,0.214,0.124,98.23,2025-26
1628964,Mo Bamba,Mo,1610612762,UTA,28.0,4,3,1,0.75,11.0,1.3,2.8,0.455,0.0,0.0,0.0,0.0,0.0,0.0,2.5,3.0,5.5,0.3,0.5,0.0,0.8,0.0,1.5,0.3,2.5,-3.3,11.2,0,0,9.8,551,503,556,46,461,468,475,300,517,548,517,563,564,563,36,199,103,560,444,564,85,540,340,531,511,463,413,284,38,433,2,101.1,114.4,-13.3,0.455,0.455,0.123,0.037,0.218,0.091,98.08,2025-26
1642885,Mohamed Diawara,Mohamed,1610612752,NYK,21.0,69,42,27,0.609,9.2,1.3,3.1,0.423,0.7,1.9,0.369,0.3,0.3,0.75,0.2,1.1,1.4,0.8,0.4,0.2,0.1,0.1,0.7,0.3,3.6,0.8,6.9,0,0,7.1,118,87,220,169,491,464,454,409,340,361,190,509,514,333,522,460,490,460,475,505,484,499,505,528,468,190,496,284,38,492,1,112.0,106.7,5.3,0.55,0.535,0.169,0.114,0.075,0.076,99.57,2025-26
1628420,Monte Morris,Monte,1610612754,IND,31.0,6,0,6,0.0,10.8,1.2,3.3,0.35,0.3,1.3,0.25,0.3,0.7,0.5,0.2,1.0,1.2,1.5,0.3,0.2,0.2,0.2,0.5,0.5,3.0,-4.8,7.3,0,0,6.7,527,567,485,567,465,488,435,532,429,422,458,487,439,531,544,477,507,303,503,531,399,445,541,469,489,520,492,284,38,496,1,83.3,104.2,-20.9,0.414,0.4,0.141,0.29,0.044,0.076,106.6,2025-26
1629021,Moritz Wagner,Moritz,1610612753,ORL,29.0,36,21,15,0.583,11.8,2.3,5.4,0.426,0.6,1.9,0.314,1.6,2.0,0.819,0.8,2.4,3.2,0.8,0.5,0.4,0.1,0.5,1.6,1.9,6.9,-2.4,12.7,0,0,12.4,384,292,382,195,447,353,328,395,361,357,380,182,189,201,286,270,281,464,433,426,506,159,308,179,328,421,382,284,38,381,1,107.2,117.2,-10.0,0.545,0.482,0.237,0.107,0.127,0.106,101.6,2025-26
1630541,Moses Moody,Moses,1610612744,GSW,24.0,60,30,30,0.5,25.7,4.1,9.3,0.44,2.5,6.3,0.401,1.5,1.9,0.77,0.9,2.5,3.3,1.6,1.0,1.0,0.6,0.4,2.0,1.4,12.1,1.3,22.2,0,0,22.7,214,196,172,303,180,187,162,348,46,56,93,204,211,305,244,267,264,287,281,138,132,237,194,252,157,165,195,284,38,175,1,111.1,108.9,2.2,0.6,0.575,0.174,0.093,0.061,0.083,102.6,2025-26
1631338,Mouhamadou Gueye,Mouhamadou,1610612741,CHI,27.0,2,0,2,0.0,22.7,3.0,5.5,0.545,0.5,2.5,0.2,1.5,2.0,0.75,1.0,2.0,3.0,3.0,1.5,1.0,0.5,0.0,2.0,1.0,8.0,-8.0,19.1,0,0,17.5,572,567,540,567,227,280,326,90,393,303,488,197,189,333,193,332,301,138,150,121,156,540,203,341,283,567,253,284,38,270,1,112.0,129.3,-17.3,0.627,0.591,0.138,0.162,0.059,0.073,105.1,2025-26
1631243,Mouhamed Gueye,Mouhamed,1610612737,ATL,23.0,77,44,33,0.571,15.3,1.7,3.8,0.452,0.5,1.7,0.308,0.5,0.8,0.645,1.2,2.4,3.6,0.9,0.4,0.8,0.5,0.1,1.6,0.7,4.4,0.6,13.5,3,0,12.0,37,67,135,210,385,419,417,306,387,390,388,430,408,479,158,275,238,428,478,216,154,474,299,410,423,211,368,128,38,387,1,112.5,110.1,2.3,0.539,0.521,0.12,0.076,0.111,0.075,102.61,2025-26
1630619,Moussa Cisse,Moussa,1610612742,DAL,23.0,38,11,27,0.289,13.9,1.7,3.0,0.574,0.0,0.0,0.0,1.0,2.1,0.469,2.3,3.3,5.7,0.2,0.8,0.5,1.2,0.3,1.9,1.8,4.5,-0.1,15.9,2,0,13.8,370,406,220,452,409,417,457,70,517,548,517,286,177,549,45,161,89,563,345,373,28,287,230,190,422,259,324,159,38,354,1,111.2,110.7,0.5,0.564,0.574,0.136,0.023,0.182,0.087,104.05,2025-26
1631217,Moussa Diabaté,Moussa,1610612766,CHA,24.0,73,40,33,0.548,26.0,3.1,5.0,0.631,0.0,0.0,0.5,1.6,2.4,0.659,3.7,5.0,8.7,1.9,1.0,0.8,1.0,0.5,2.4,2.7,7.9,4.7,25.5,20,0,22.0,78,110,135,253,169,264,355,36,514,541,13,188,153,465,9,57,24,247,257,223,47,163,94,96,289,47,145,21,38,185,1,122.0,111.5,10.5,0.653,0.632,0.112,0.099,0.164,0.108,97.8,2025-26
1626167,Myles Turner,Myles,1610612749,MIL,30.0,71,30,41,0.423,26.9,4.0,9.1,0.44,2.1,5.4,0.383,1.8,2.5,0.74,1.1,4.3,5.3,1.5,1.2,0.7,1.6,0.5,2.6,2.2,11.9,-3.2,26.3,4,0,25.4,98,196,61,373,152,190,166,351,74,90,147,150,140,360,181,91,113,320,227,261,11,209,62,137,164,462,137,114,38,133,1,109.6,115.8,-6.2,0.584,0.553,0.181,0.079,0.096,0.086,100.47,2025-26
1642066,Myron Gardner,Myron,1610612748,MIA,25.0,45,24,21,0.533,9.1,1.3,2.7,0.48,0.6,1.4,0.406,0.4,0.6,0.731,0.9,1.8,2.7,1.0,0.4,0.4,0.2,0.1,1.7,0.5,3.6,1.7,9.8,1,0,9.1,331,252,305,270,493,463,479,212,375,414,83,464,462,376,239,360,339,410,493,414,387,482,270,465,466,139,442,201,38,455,1,114.7,106.3,8.4,0.606,0.585,0.139,0.143,0.132,0.093,107.28,2025-26
1642368,N'Faly Dante,N'Faly,1610612737,ATL,24.0,4,3,1,0.75,3.9,0.3,1.0,0.25,0.0,0.0,0.0,0.3,0.3,1.0,0.8,1.0,1.8,0.0,0.3,0.5,0.0,0.0,0.3,0.5,0.8,2.5,4.1,0,0,3.5,551,503,556,46,567,573,565,566,517,548,517,510,529,1,286,477,452,574,529,373,524,540,570,469,576,109,551,284,38,558,1,109.1,86.7,22.4,0.338,0.25,0.119,0.0,0.206,0.116,98.08,2025-26
1641772,Nae'Qwan Tomlin,Nae'Qwan,1610612739,CLE,25.0,64,42,22,0.656,15.7,2.3,4.9,0.478,0.4,1.8,0.235,0.7,1.0,0.77,1.3,1.6,2.9,0.8,0.5,0.6,0.5,0.4,2.0,0.7,5.8,0.9,13.6,0,0,12.3,180,87,295,125,380,347,357,218,413,378,475,363,376,304,125,409,315,444,471,294,143,251,221,421,362,184,366,284,38,382,1,114.3,110.7,3.6,0.549,0.521,0.151,0.071,0.088,0.069,101.75,2025-26
1630230,Naji Marshall,Naji,1610612742,DAL,28.0,74,25,49,0.338,29.5,5.7,11.1,0.51,0.8,2.9,0.291,3.1,4.1,0.76,0.9,3.8,4.7,3.3,1.6,1.1,0.1,0.6,1.9,2.6,15.2,-2.9,27.7,2,0,26.4,70,243,19,418,101,92,116,137,305,273,426,68,61,322,232,127,156,123,134,91,487,115,227,112,96,452,121,159,38,123,1,109.7,114.3,-4.6,0.592,0.548,0.2,0.162,0.075,0.106,104.35,2025-26
1631466,Nate Williams,Nate,1610612744,GSW,27.0,14,2,12,0.143,17.1,3.1,6.3,0.489,0.9,2.1,0.433,0.9,1.1,0.867,1.4,0.7,2.1,1.0,1.1,0.4,0.0,0.6,1.9,1.2,8.0,-5.6,12.1,0,0,12.8,472,526,419,553,346,271,292,188,289,331,41,313,346,103,114,530,407,394,244,454,524,141,243,289,283,537,397,284,38,377,1,112.2,127.3,-15.1,0.592,0.563,0.192,0.083,0.064,0.056,98.94,2025-26
1629675,Naz Reid,Naz,1610612750,MIN,26.0,77,46,31,0.597,26.1,5.2,11.3,0.456,2.1,5.8,0.362,1.2,1.6,0.732,1.2,5.0,6.2,2.2,1.6,1.0,1.0,0.5,2.5,1.5,13.6,2.2,28.7,6,0,28.1,37,52,160,183,168,123,111,289,72,71,217,254,248,373,156,53,73,214,131,133,41,165,76,225,128,116,112,84,38,110,1,113.0,109.9,3.2,0.565,0.549,0.212,0.124,0.113,0.112,102.77,2025-26
1629674,Neemias Queta,Neemias,1610612738,BOS,26.0,76,52,24,0.684,25.3,4.3,6.6,0.653,0.0,0.1,0.125,1.6,2.3,0.703,3.0,5.3,8.4,1.7,1.0,0.8,1.3,0.5,2.8,2.5,10.2,6.3,28.1,17,0,24.5,54,24,258,92,183,168,274,24,516,531,509,186,161,421,20,42,31,282,272,217,22,199,37,120,206,26,117,30,38,147,1,118.8,105.6,13.2,0.674,0.654,0.145,0.091,0.157,0.13,96.15,2025-26
1629651,Nic Claxton,Nic,1610612751,BKN,27.0,69,17,52,0.246,27.8,4.8,8.4,0.571,0.0,0.3,0.158,2.0,3.3,0.616,2.4,4.5,6.9,3.7,1.4,0.7,1.1,0.7,2.3,3.5,11.7,-7.5,29.5,11,2,25.9,118,334,16,493,131,135,190,76,501,515,503,129,88,496,39,79,54,95,176,286,34,107,124,60,169,562,104,53,16,126,1,107.4,120.3,-12.9,0.592,0.574,0.175,0.216,0.124,0.117,98.37,2025-26
1630208,Nick Richards,Nick,1610612741,CHI,28.0,48,20,28,0.417,14.6,2.1,4.2,0.512,0.1,0.4,0.278,1.4,2.1,0.644,1.6,3.5,5.1,0.3,1.2,0.2,0.7,0.7,1.8,1.7,5.8,-2.8,13.7,4,0,13.0,310,302,205,374,402,369,394,134,488,508,438,216,181,481,94,150,132,541,218,517,110,76,252,201,371,445,364,114,38,370,2,108.9,117.2,-8.4,0.562,0.525,0.176,0.033,0.163,0.079,102.27,2025-26
1641733,Nick Smith Jr.,Nick,1610612747,LAL,22.0,30,15,15,0.5,12.5,2.3,5.4,0.435,1.1,2.9,0.395,0.4,0.5,0.733,0.1,0.7,0.8,1.0,0.7,0.3,0.1,0.2,0.9,0.6,6.2,-0.1,9.0,0,0,9.8,410,365,382,303,433,349,332,368,237,275,105,477,481,370,558,534,549,389,372,478,499,445,474,454,353,261,466,284,38,431,1,110.6,111.7,-1.1,0.552,0.54,0.212,0.127,0.032,0.067,101.35,2025-26
1629638,Nickeil Alexander-Walker,Nickeil,1610612737,ATL,27.0,78,43,35,0.551,33.4,7.0,15.3,0.459,3.2,8.1,0.399,3.6,3.9,0.902,0.7,2.8,3.4,3.7,2.1,1.3,0.5,0.8,2.2,3.7,20.8,3.1,33.9,2,0,34.8,28,75,112,245,29,49,42,283,9,15,98,52,68,50,320,229,253,95,73,51,137,58,139,47,36,82,59,159,38,46,1,116.1,112.0,4.0,0.61,0.564,0.23,0.155,0.049,0.105,104.38,2025-26
201587,Nicolas Batum,Nicolas,1610612746,LAC,37.0,74,39,35,0.527,17.5,1.3,3.2,0.403,1.2,3.1,0.404,0.1,0.1,0.818,0.3,2.2,2.5,0.9,0.5,0.6,0.3,0.0,1.4,0.1,4.0,-0.2,10.6,0,0,10.4,70,118,112,283,336,465,447,468,208,246,88,547,551,202,483,311,368,437,444,297,268,539,380,564,450,276,426,284,38,417,1,113.2,113.8,-0.5,0.603,0.597,0.092,0.069,0.071,0.058,98.96,2025-26
1628502,Nigel Hayes-Davis,Nigel,1610612756,PHX,31.0,27,15,12,0.556,7.2,0.6,1.7,0.326,0.1,0.6,0.125,0.1,0.1,0.5,0.4,0.8,1.2,0.3,0.3,0.3,0.1,0.0,0.6,0.1,1.3,-2.7,3.9,0,0,3.6,420,365,419,241,522,551,541,551,496,492,509,557,552,531,411,520,499,559,517,483,494,534,529,558,560,438,552,284,38,556,1,95.1,112.8,-17.7,0.356,0.348,0.116,0.055,0.083,0.028,99.83,2025-26
203999,Nikola Jokić,Nikola,1610612743,DEN,31.0,65,43,22,0.662,34.8,9.9,17.4,0.569,1.7,4.5,0.38,6.1,7.4,0.831,3.0,9.9,12.9,10.7,3.7,1.4,0.8,0.8,2.7,6.7,27.7,8.5,62.1,55,34,57.4,166,75,295,119,13,6,19,78,125,137,156,12,12,168,24,1,1,1,3,37,73,58,52,4,8,8,1,2,1,2,1,126.1,115.3,10.8,0.67,0.618,0.289,0.458,0.185,0.213,102.59,2025-26
1631107,Nikola Jović,Nikola,1610612748,MIA,23.0,47,24,23,0.511,17.2,2.4,6.7,0.366,1.0,3.6,0.269,1.5,2.1,0.683,0.5,2.7,3.3,2.2,1.4,0.6,0.4,0.3,1.4,1.8,7.3,-0.1,15.8,0,0,15.5,320,252,275,295,343,335,263,524,283,203,448,203,175,446,368,237,276,217,179,350,235,325,373,186,312,264,327,284,38,316,1,109.3,110.1,-0.8,0.48,0.438,0.203,0.173,0.084,0.073,107.64,2025-26
1642260,Nikola Topić,Nikola,1610612760,OKC,20.0,10,6,4,0.6,16.0,2.2,5.1,0.431,0.6,1.5,0.4,0.2,0.5,0.4,0.7,1.2,1.9,4.4,2.5,0.5,0.0,0.6,1.3,0.8,5.2,-4.2,13.1,2,0,13.1,500,461,509,174,371,364,345,379,366,403,94,521,481,553,315,453,434,65,43,373,524,125,396,396,397,504,374,159,38,365,1,107.2,120.8,-13.7,0.489,0.49,0.204,0.383,0.058,0.063,99.7,2025-26
202696,Nikola Vučević,Nikola,1610612738,BOS,35.0,64,35,29,0.547,28.4,6.2,12.5,0.493,1.6,4.2,0.369,1.2,1.5,0.828,2.0,6.4,8.4,3.3,1.3,0.6,0.6,0.5,2.0,1.8,15.1,-0.7,32.6,23,0,30.9,180,162,189,255,121,74,84,174,143,158,191,248,273,178,70,21,29,114,191,312,116,203,212,185,99,305,75,19,38,80,2,113.1,114.8,-1.7,0.574,0.556,0.213,0.175,0.141,0.127,101.99,2025-26
1642363,Nique Clifford,Nique,1610612758,SAC,24.0,75,21,54,0.28,25.1,3.3,7.9,0.418,1.0,3.1,0.333,0.9,1.3,0.722,0.9,2.9,3.8,2.4,1.5,0.9,0.3,0.5,2.1,1.0,8.6,-2.9,18.8,0,0,18.2,60,292,11,461,187,241,209,430,262,247,302,312,298,390,239,218,223,197,142,159,261,164,183,353,256,449,257,284,38,260,1,111.3,115.8,-4.5,0.505,0.482,0.167,0.13,0.074,0.062,100.77,2025-26
1642855,Noa Essengue,Noa,1610612741,CHI,19.0,2,1,1,0.5,3.0,0.0,1.5,0.0,0.0,1.0,0.0,0.0,0.0,0.0,0.0,0.0,0.0,0.0,0.0,0.5,0.0,0.5,0.5,0.0,0.0,-7.5,1.5,0,0,1.0,572,549,556,303,577,578,548,578,517,455,517,563,564,563,565,577,579,574,562,373,524,178,541,571,579,563,578,284,38,579,1,60.0,171.4,-111.4,0.0,0.0,0.188,0.0,0.0,-0.095,115.36,2025-26
1641730,Noah Clowney,Noah,1610612751,BKN,21.0,66,17,49,0.258,27.0,3.8,9.6,0.396,2.0,5.9,0.329,2.7,3.4,0.804,0.8,3.3,4.1,1.6,1.5,0.8,0.7,0.6,2.5,2.8,12.3,-5.0,22.4,1,0,22.9,157,334,19,482,149,200,151,485,93,67,336,83,84,222,273,159,187,285,143,229,104,134,70,89,151,523,187,201,38,171,1,109.7,118.3,-8.7,0.554,0.498,0.202,0.095,0.077,0.072,98.49,2025-26
1642869,Noah Penda,Noah,1610612753,ORL,21.0,59,30,29,0.508,12.8,1.4,3.4,0.404,0.5,1.6,0.323,0.6,0.8,0.688,1.1,2.0,3.2,1.2,0.7,0.5,0.3,0.2,1.2,0.7,3.8,-0.9,11.2,2,0,10.3,225,196,189,299,427,458,432,466,390,397,353,421,407,439,161,329,285,368,367,372,273,411,426,431,456,329,414,159,38,418,1,110.4,113.4,-3.0,0.506,0.478,0.14,0.124,0.118,0.076,101.42,2025-26
1642849,Nolan Traore,Nolan,1610612751,BKN,20.0,56,14,42,0.25,22.2,3.3,8.6,0.38,1.1,3.4,0.318,1.3,1.7,0.787,0.3,1.5,1.8,3.8,2.3,0.8,0.4,0.6,2.1,1.3,8.9,-5.0,18.1,1,0,18.0,247,374,57,485,238,250,186,509,244,215,368,223,236,259,504,414,447,85,60,208,198,109,163,261,246,524,273,201,38,263,1,108.2,118.8,-10.5,0.479,0.444,0.224,0.265,0.04,0.056,98.4,2025-26
1641807,Norchad Omier,Norchad,1610612746,LAC,24.0,6,5,1,0.833,3.9,1.2,1.7,0.7,0.0,0.2,0.0,0.5,0.5,1.0,0.7,0.5,1.2,0.3,0.0,0.2,0.0,0.2,0.7,0.3,2.8,-3.8,5.2,0,0,4.7,527,474,556,10,566,488,543,11,517,521,517,435,481,1,320,550,507,541,562,531,524,445,511,512,502,487,529,284,38,533,1,92.0,146.8,-54.8,0.751,0.7,0.18,0.182,0.152,0.16,98.37,2025-26
1626181,Norman Powell,Norman,1610612748,MIA,33.0,58,29,29,0.5,29.6,7.3,15.4,0.47,2.7,7.1,0.38,4.5,5.5,0.827,0.4,3.1,3.5,2.5,1.9,1.1,0.2,0.9,2.2,3.9,21.7,0.7,31.7,1,0,33.1,230,203,189,303,99,39,41,245,33,30,155,35,36,180,446,186,248,190,86,94,326,43,147,45,28,203,81,201,38,61,1,114.7,114.1,0.6,0.609,0.558,0.262,0.123,0.054,0.113,105.69,2025-26
1628384,OG Anunoby,OG,1610612752,NYK,28.0,67,45,22,0.672,33.2,5.8,12.0,0.484,2.3,6.1,0.386,2.7,3.3,0.828,1.3,4.0,5.2,2.2,1.8,1.6,0.7,0.8,2.4,2.3,16.7,6.1,31.2,5,0,31.0,147,60,295,105,34,84,96,200,59,63,136,82,90,177,135,113,120,218,96,21,96,52,88,129,78,28,85,96,38,79,1,119.4,110.2,9.2,0.62,0.581,0.194,0.09,0.078,0.099,99.84,2025-26
1630167,Obi Toppin,Obi,1610612754,IND,28.0,24,4,20,0.167,17.7,4.2,8.3,0.503,1.5,4.4,0.352,1.8,1.9,0.913,0.5,3.9,4.4,2.3,1.2,0.5,0.0,0.3,1.2,1.7,11.6,-1.4,20.8,0,0,21.0,433,487,322,544,333,177,196,153,148,150,245,164,204,45,360,121,168,205,228,373,516,296,430,208,176,360,219,284,38,203,1,113.9,117.5,-3.6,0.636,0.595,0.241,0.193,0.12,0.143,104.11,2025-26
1630534,Ochai Agbaji,Ochai,1610612751,BKN,26.0,62,28,34,0.452,15.7,2.0,4.5,0.436,0.5,2.1,0.266,0.6,0.7,0.837,0.7,1.5,2.3,0.8,0.5,0.4,0.3,0.3,1.5,0.6,5.1,-1.0,10.4,0,0,10.0,201,216,125,357,378,388,373,364,381,337,449,415,434,155,295,410,398,463,444,442,298,293,340,455,406,334,429,284,38,428,2,106.4,109.0,-2.7,0.525,0.496,0.142,0.07,0.071,0.057,100.34,2025-26
1630846,Olivier Sarr,Olivier,1610612739,CLE,27.0,4,3,1,0.75,9.8,1.3,1.8,0.714,0.5,0.8,0.667,0.5,1.3,0.4,0.5,2.3,2.8,1.3,0.5,0.5,0.8,0.0,2.3,1.3,3.5,6.5,11.9,0,0,10.5,551,503,556,46,480,468,538,8,393,474,6,435,303,553,379,297,333,354,444,373,85,540,131,281,470,24,399,284,38,416,1,133.3,106.8,26.5,0.761,0.857,0.108,0.143,0.147,0.088,108.56,2025-26
1641765,Olivier-Maxence Prosper,Olivier-Maxence,1610612763,MEM,23.0,53,16,37,0.302,18.6,3.6,6.6,0.549,1.1,2.8,0.405,1.6,2.2,0.754,1.1,2.4,3.5,1.0,0.9,0.8,0.2,0.3,1.6,1.6,10.0,-3.9,17.8,1,0,17.6,276,348,93,445,319,216,269,87,239,280,85,185,174,332,167,276,240,414,303,231,322,356,321,216,214,493,281,201,38,268,1,110.7,120.4,-9.7,0.662,0.634,0.183,0.077,0.091,0.103,104.7,2025-26
1630209,Omer Yurtseven,Omer,1610612744,GSW,28.0,9,3,6,0.333,11.6,1.2,2.9,0.423,0.0,0.4,0.0,1.3,2.0,0.667,1.4,1.9,3.3,0.9,1.0,0.2,0.1,0.4,1.7,1.9,3.8,-1.6,9.1,0,0,8.7,507,503,485,419,453,475,467,408,517,505,517,217,189,452,109,352,264,431,257,510,454,212,293,176,457,377,463,284,38,464,1,108.4,114.1,-5.7,0.501,0.423,0.167,0.103,0.15,0.054,104.58,2025-26
1630168,Onyeka Okongwu,Onyeka,1610612737,ATL,25.0,74,41,33,0.554,31.0,5.6,11.6,0.48,1.9,5.2,0.376,2.1,2.7,0.757,1.9,5.7,7.6,3.1,1.7,1.1,1.1,0.7,3.3,2.3,15.2,1.5,33.8,16,0,32.2,70,97,135,243,67,98,103,210,95,103,165,126,123,327,73,33,39,131,118,91,39,92,16,132,97,155,62,33,38,69,1,113.4,111.3,2.1,0.592,0.564,0.189,0.14,0.117,0.104,104.39,2025-26
1631115,Orlando Robinson,Orlando,1610612753,ORL,25.0,4,2,2,0.5,6.2,0.8,1.3,0.6,0.3,0.5,0.5,0.0,0.0,0.0,0.5,0.5,1.0,0.8,0.0,0.3,0.0,0.0,0.8,0.3,1.8,-2.8,4.8,0,0,4.3,551,526,540,303,540,528,557,49,456,496,13,563,564,563,379,550,526,464,562,498,524,540,502,531,543,441,538,284,38,541,1,122.4,144.9,-22.4,0.7,0.7,0.081,0.158,0.089,0.074,94.78,2025-26
1631131,Oscar Tshiebwe,Oscar,1610612762,UTA,26.0,27,3,24,0.111,16.6,3.4,5.4,0.634,0.0,0.0,0.0,1.0,1.8,0.551,2.9,3.8,6.6,1.2,0.8,0.6,0.2,0.6,1.4,1.3,7.8,-2.9,19.1,3,0,17.2,420,503,258,560,356,232,331,34,517,548,517,286,217,523,25,131,66,369,352,323,378,117,357,273,292,450,252,128,38,275,1,110.9,118.9,-8.0,0.633,0.634,0.162,0.101,0.185,0.125,104.74,2025-26
1642345,Oso Ighodaro,Oso,1610612756,PHX,23.0,82,45,37,0.549,22.1,2.9,4.5,0.653,0.0,0.0,0.0,0.6,1.4,0.453,1.7,3.4,5.1,2.3,1.2,0.9,0.7,0.3,2.7,1.3,6.5,2.0,19.5,4,0,17.0,1,60,93,251,245,296,379,25,517,547,517,395,278,551,84,156,131,208,216,171,101,289,53,260,342,125,243,114,38,280,1,114.8,109.7,5.1,0.636,0.653,0.12,0.139,0.113,0.09,98.44,2025-26
1631172,Ousmane Dieng,Ousmane,1610612749,MIL,23.0,57,33,24,0.579,19.3,2.9,7.0,0.422,1.1,3.2,0.341,0.6,0.8,0.711,0.5,2.6,3.2,2.4,1.3,0.4,0.3,0.3,1.4,0.8,7.6,-3.7,15.8,5,0,15.7,235,175,258,201,310,292,248,411,241,229,286,419,417,408,378,243,286,198,193,416,282,324,375,393,298,478,328,96,38,311,2,108.7,117.3,-8.6,0.516,0.501,0.192,0.185,0.081,0.075,99.84,2025-26
1629023,P.J. Washington,P.J.,1610612742,DAL,27.0,56,16,40,0.286,31.0,5.3,11.8,0.45,1.4,4.2,0.325,2.2,3.3,0.687,1.5,5.5,7.0,1.8,1.7,1.0,1.1,0.8,2.1,2.4,14.2,-4.9,29.7,8,0,28.4,247,348,69,454,69,113,99,317,186,163,346,113,94,440,103,36,50,271,125,134,37,60,163,125,113,521,102,66,38,105,1,107.0,114.4,-7.3,0.537,0.508,0.194,0.082,0.105,0.093,103.86,2025-26
1641790,PJ Hall,PJ,1610612766,CHA,24.0,19,7,12,0.368,11.2,1.6,3.1,0.508,0.2,0.3,0.6,1.2,1.5,0.793,1.7,2.2,3.9,0.5,0.8,0.2,0.5,0.5,1.2,1.1,4.5,-1.5,11.3,1,0,10.5,453,452,419,401,458,432,452,140,476,516,7,247,258,245,82,306,208,507,320,537,148,160,434,319,418,374,412,201,38,415,2,108.4,113.9,-5.4,0.599,0.534,0.17,0.077,0.163,0.098,101.68,2025-26
1642359,Pacôme Dadiet,Pacôme,1610612752,NYK,20.0,29,18,11,0.621,4.7,0.6,1.7,0.333,0.2,1.1,0.219,0.3,0.4,0.818,0.1,0.8,0.9,0.4,0.1,0.1,0.0,0.1,0.3,0.2,1.7,-0.2,3.7,0,0,3.5,415,325,432,159,558,552,544,539,460,449,482,499,509,202,551,517,538,528,557,553,519,517,568,538,547,275,556,284,38,557,1,98.6,100.3,-1.7,0.454,0.406,0.167,0.13,0.092,0.085,101.83,2025-26
1631094,Paolo Banchero,Paolo,1610612753,ORL,23.0,72,38,34,0.528,34.7,7.3,16.0,0.459,1.2,3.8,0.305,6.3,8.2,0.775,1.2,7.2,8.4,5.2,3.1,0.7,0.6,1.2,2.0,5.5,22.2,0.0,40.8,26,3,39.5,84,128,125,281,15,36,34,280,224,184,396,9,6,296,153,12,30,48,18,258,134,8,203,13,26,255,26,15,8,26,1,114.0,114.1,-0.2,0.566,0.496,0.274,0.235,0.119,0.138,100.96,2025-26
1627783,Pascal Siakam,Pascal,1610612754,IND,32.0,62,17,45,0.274,33.2,9.0,18.6,0.484,1.7,4.7,0.358,4.2,6.1,0.693,1.4,5.2,6.6,3.8,2.2,1.1,0.4,0.8,2.4,5.1,24.0,-3.7,39.9,10,0,39.1,201,334,36,467,36,13,11,199,129,123,228,37,24,436,112,48,67,84,67,89,204,56,101,16,20,480,29,56,38,29,1,111.5,117.2,-5.6,0.562,0.529,0.292,0.19,0.095,0.13,102.95,2025-26
1626192,Pat Connaughton,Pat,1610612766,CHA,33.0,42,25,17,0.595,7.1,0.9,2.0,0.447,0.5,1.2,0.404,0.3,0.5,0.65,0.4,1.1,1.5,0.4,0.3,0.3,0.0,0.1,0.2,0.5,2.6,-0.7,5.6,0,0,5.6,348,243,359,186,525,513,526,324,393,433,86,500,491,471,458,469,484,525,528,495,522,493,573,489,509,308,522,284,38,517,1,97.2,101.5,-4.3,0.586,0.571,0.15,0.11,0.099,0.117,96.88,2025-26
1630311,Pat Spencer,Pat,1610612744,GSW,29.0,66,30,36,0.455,18.6,2.8,6.6,0.427,0.9,2.5,0.357,0.7,0.9,0.772,0.8,1.6,2.4,3.5,1.3,0.7,0.1,0.5,1.1,0.7,7.2,-1.4,16.5,1,0,15.6,157,196,102,352,316,298,268,392,293,299,232,380,394,300,279,401,379,105,197,245,492,195,436,423,319,364,307,201,38,314,1,112.1,115.6,-3.4,0.516,0.495,0.185,0.27,0.065,0.087,99.81,2025-26
1631116,Patrick Baldwin Jr.,Patrick,1610612758,SAC,23.0,9,3,6,0.333,11.4,1.2,3.0,0.407,0.7,1.6,0.429,0.6,0.8,0.714,1.3,1.2,2.6,0.6,0.6,0.3,0.6,0.0,1.7,0.6,3.7,-4.3,9.7,0,0,9.2,507,503,485,419,456,475,458,457,347,400,45,423,422,400,128,450,356,497,421,463,134,540,293,460,463,508,445,284,38,450,3,100.0,117.2,-17.2,0.549,0.519,0.142,0.072,0.106,0.052,100.24,2025-26
1630172,Patrick Williams,Patrick,1610612741,CHI,24.0,72,24,48,0.333,20.5,2.5,6.6,0.372,1.3,3.8,0.347,0.8,1.0,0.72,0.7,2.3,3.0,1.5,1.0,0.7,0.4,0.4,1.3,0.9,7.0,-4.8,14.9,0,0,14.9,84,252,25,419,281,333,266,518,193,185,267,356,355,391,319,289,309,318,251,274,236,227,398,358,323,519,343,284,38,332,1,103.8,114.8,-11.0,0.494,0.472,0.159,0.101,0.067,0.057,105.67,2025-26
202331,Paul George,Paul,1610612755,PHI,36.0,37,22,15,0.595,30.7,6.1,13.9,0.439,2.7,6.9,0.392,2.5,3.0,0.82,0.5,4.8,5.3,3.6,1.7,1.7,0.4,0.5,2.3,2.6,17.3,2.4,33.7,2,0,33.1,377,277,382,188,75,75,58,354,32,33,115,97,103,200,362,69,116,102,115,12,186,206,129,108,69,112,66,159,38,60,1,115.0,111.4,3.6,0.57,0.536,0.229,0.175,0.081,0.117,100.33,2025-26
1630194,Paul Reed,Paul,1610612765,DET,27.0,65,47,18,0.723,13.9,3.2,5.2,0.617,0.2,0.6,0.325,1.1,1.7,0.664,2.0,2.5,4.5,1.2,0.9,0.9,0.9,0.4,1.8,1.2,7.8,2.1,19.5,3,0,17.3,166,44,348,72,410,254,339,43,466,485,345,266,234,463,63,260,165,359,300,179,54,264,247,284,294,118,240,128,38,273,1,112.5,104.4,8.1,0.65,0.636,0.2,0.134,0.159,0.153,101.72,2025-26
1630202,Payton Pritchard,Payton,1610612738,BOS,28.0,79,54,25,0.684,32.3,6.4,13.8,0.464,2.7,7.1,0.377,1.5,1.7,0.89,0.9,3.1,3.9,5.2,1.4,0.7,0.1,0.5,1.5,1.6,17.0,5.4,30.7,5,0,30.5,25,13,246,93,46,64,59,265,34,27,163,194,231,71,237,189,207,49,181,242,443,158,343,220,74,38,90,96,38,83,1,120.1,112.1,8.0,0.584,0.561,0.21,0.234,0.059,0.12,95.81,2025-26
1642362,Payton Sandfort,Payton,1610612760,OKC,23.0,4,2,2,0.5,15.8,3.3,6.5,0.5,1.8,4.3,0.412,0.5,1.0,0.5,0.3,2.3,2.5,0.0,0.3,0.3,0.0,0.0,2.0,0.5,8.8,-4.8,12.3,0,0,13.5,551,526,540,303,375,250,278,156,121,155,68,435,360,531,504,297,365,574,529,498,524,540,203,469,250,518,391,284,38,356,1,111.8,125.7,-14.0,0.63,0.635,0.186,0.0,0.075,0.066,103.07,2025-26
1641796,Pelle Larsson,Pelle,1610612748,MIA,25.0,70,38,32,0.543,26.4,4.0,8.0,0.496,0.9,2.7,0.323,2.6,3.3,0.797,1.0,2.5,3.5,3.4,1.4,0.7,0.2,0.5,2.1,3.2,11.4,1.1,22.0,1,0,21.0,105,128,149,262,159,193,208,172,299,283,352,88,89,236,202,264,247,111,164,264,338,178,170,71,178,175,202,201,38,201,1,115.7,113.3,2.4,0.605,0.551,0.165,0.163,0.062,0.084,105.49,2025-26
1631250,Pete Nance,Pete,1610612749,MIL,26.0,47,14,33,0.298,15.7,2.1,4.1,0.515,1.1,2.5,0.42,0.1,0.2,0.364,0.6,2.1,2.7,1.0,0.6,0.3,0.3,0.1,1.3,0.3,5.4,-1.7,11.4,1,0,11.3,320,374,135,447,379,371,397,123,253,302,57,555,536,558,349,319,344,390,422,482,283,469,389,527,391,385,409,201,38,398,1,112.2,117.4,-5.2,0.639,0.644,0.132,0.092,0.086,0.078,97.81,2025-26
1631212,Peyton Watson,Peyton,1610612743,DEN,23.0,54,36,18,0.667,29.6,5.3,10.8,0.491,1.5,3.6,0.411,2.6,3.5,0.73,0.9,4.0,4.9,2.1,1.7,0.9,1.1,0.6,2.5,2.6,14.6,3.6,28.0,2,0,27.2,266,151,348,106,100,114,127,179,156,195,71,91,79,378,220,111,145,228,117,149,33,131,77,103,106,68,119,159,38,116,1,123.7,117.6,6.2,0.594,0.56,0.204,0.096,0.083,0.087,99.45,2025-26
1630173,Precious Achiuwa,Precious,1610612758,SAC,26.0,73,20,53,0.274,23.9,4.3,8.2,0.528,0.4,1.3,0.278,1.1,1.9,0.554,2.4,4.3,6.7,1.4,0.9,0.9,0.7,0.6,1.7,1.5,10.1,-3.7,24.1,12,0,21.7,78,302,12,469,209,164,199,106,425,427,437,281,208,520,40,88,60,333,301,170,102,136,287,239,210,481,164,47,38,189,1,110.9,118.1,-7.2,0.558,0.551,0.172,0.082,0.139,0.102,100.39,2025-26
1629656,Quentin Grimes,Quentin,1610612755,PHI,26.0,75,42,33,0.56,29.4,4.5,10.1,0.45,1.7,5.1,0.334,2.7,3.2,0.84,0.6,3.0,3.6,3.3,1.8,0.9,0.4,0.4,2.1,2.6,13.4,0.1,24.6,2,0,24.5,60,87,135,233,104,149,140,313,130,107,301,86,99,152,338,196,231,124,105,190,228,229,188,100,136,242,158,159,38,148,1,112.4,112.4,-0.1,0.585,0.534,0.183,0.159,0.058,0.092,101.43,2025-26
1631245,Quenton Jackson,Quenton,1610612754,IND,27.0,49,10,39,0.204,18.3,3.1,6.7,0.47,0.9,2.4,0.356,2.0,2.4,0.824,0.6,1.8,2.3,2.9,1.3,0.6,0.1,0.5,1.7,2.6,9.1,-1.3,17.2,1,0,16.7,305,411,76,524,325,263,261,248,301,312,234,134,151,190,350,385,387,148,204,301,448,174,290,116,242,350,295,201,38,285,1,109.1,112.9,-3.8,0.589,0.534,0.2,0.227,0.061,0.096,105.34,2025-26
1642366,Quinten Post,Quinten,1610612744,GSW,26.0,67,32,35,0.478,17.3,2.9,6.6,0.44,1.4,4.1,0.336,0.5,0.6,0.791,1.0,3.0,4.0,1.4,0.8,0.4,0.5,0.3,1.9,0.7,7.7,0.9,16.5,0,0,16.3,147,182,112,340,341,297,275,350,182,169,298,433,447,249,192,199,198,329,324,440,149,368,241,407,296,187,308,284,38,295,1,112.4,110.2,2.3,0.56,0.546,0.183,0.116,0.111,0.089,101.7,2025-26
1629628,RJ Barrett,RJ,1610612761,TOR,26.0,57,34,23,0.596,30.3,7.0,14.3,0.491,1.7,5.0,0.339,3.5,4.9,0.717,1.0,4.3,5.3,3.3,1.7,0.7,0.3,1.2,2.6,3.5,19.3,2.9,32.0,0,0,31.7,235,168,275,184,85,47,54,178,133,115,289,53,45,396,211,90,119,117,114,240,245,7,67,57,52,85,79,284,38,74,1,118.4,113.5,4.9,0.585,0.55,0.254,0.157,0.088,0.112,100.88,2025-26
1642853,Rasheer Fleming,Rasheer,1610612756,PHX,21.0,55,29,26,0.527,12.2,1.6,3.9,0.405,0.8,2.4,0.346,0.3,0.6,0.559,1.0,1.2,2.3,0.3,0.5,0.4,0.4,0.1,1.2,0.5,4.3,1.8,9.3,0,0,9.3,258,203,232,282,438,430,410,464,308,315,270,486,453,517,188,451,399,555,434,432,222,472,431,479,433,136,458,284,38,448,1,112.7,106.6,6.1,0.517,0.509,0.159,0.033,0.089,0.056,96.98,2025-26
1642484,RayJ Dennis,RayJ,1610612737,ATL,25.0,17,3,14,0.176,12.1,1.5,4.9,0.313,0.8,2.6,0.311,0.5,0.5,0.889,0.5,1.1,1.5,1.9,1.0,0.2,0.2,0.1,1.2,0.5,4.4,-3.6,9.5,0,0,9.6,459,503,397,543,441,441,360,557,307,290,384,448,476,72,400,475,476,246,257,506,333,495,415,484,431,476,449,284,38,437,3,95.8,110.0,-14.2,0.425,0.398,0.195,0.26,0.053,0.051,105.2,2025-26
1641712,Rayan Rupert,Rayan,1610612763,MEM,22.0,64,29,35,0.453,16.8,1.9,4.9,0.393,0.7,2.1,0.324,0.7,0.8,0.778,0.8,2.2,2.9,1.1,0.9,0.9,0.1,0.4,1.9,0.6,5.2,-5.0,12.4,3,1,11.9,180,203,112,355,353,394,359,493,345,333,350,387,399,284,286,309,313,383,314,186,429,225,224,441,401,522,386,128,23,391,2,103.5,117.0,-13.6,0.493,0.463,0.148,0.093,0.082,0.055,103.02,2025-26
1642263,Reed Sheppard,Reed,1610612745,HOU,22.0,82,52,30,0.634,26.2,5.0,11.5,0.43,2.8,7.0,0.394,0.8,1.0,0.802,0.3,2.6,2.9,3.4,1.5,1.5,0.7,0.4,2.0,0.8,13.5,3.4,27.0,2,0,26.9,1,24,172,145,165,128,104,382,25,31,111,333,353,226,465,254,316,110,150,27,112,217,198,390,131,75,127,159,38,119,1,115.9,111.6,4.3,0.564,0.55,0.21,0.183,0.053,0.102,98.73,2025-26
1642434,Riley Minix,Riley,1610612739,CLE,25.0,9,7,2,0.778,6.5,1.6,2.6,0.609,0.4,1.3,0.333,0.3,0.3,1.0,0.2,0.4,0.7,0.6,0.3,0.2,0.1,0.0,0.6,0.4,3.9,3.6,6.2,0,0,6.2,507,452,540,31,535,438,488,46,410,422,302,487,516,1,517,556,556,497,503,510,454,540,536,491,455,71,507,284,38,503,2,129.3,108.5,20.8,0.72,0.696,0.176,0.104,0.055,0.114,108.26,2025-26
1642265,Rob Dillingham,Rob,1610612741,CHI,21.0,65,29,36,0.446,14.9,2.5,6.3,0.396,0.6,2.0,0.316,0.6,0.8,0.745,0.3,1.7,2.0,2.2,1.5,0.7,0.1,0.6,1.8,0.9,6.3,-2.2,12.9,0,0,12.8,166,203,102,361,394,327,288,488,352,343,374,399,397,353,486,390,416,215,147,248,476,146,264,377,348,413,379,284,38,378,2,105.9,113.3,-7.4,0.469,0.447,0.218,0.206,0.062,0.06,106.08,2025-26
1629057,Robert Williams III,Robert,1610612757,POR,28.0,59,30,29,0.508,17.1,3.0,4.2,0.708,0.2,0.4,0.391,0.6,1.0,0.596,2.4,4.6,7.0,1.0,0.8,0.6,1.5,0.2,1.3,0.7,6.7,1.2,22.1,5,0,19.1,225,196,189,299,345,280,392,9,478,507,117,416,375,508,44,73,51,392,326,322,18,411,407,414,331,170,201,96,38,238,1,110.6,107.2,3.4,0.722,0.726,0.129,0.089,0.192,0.163,102.86,2025-26
1642911,Rocco Zikarsky,Rocco,1610612750,MIN,19.0,5,1,4,0.2,7.3,1.0,1.6,0.625,0.0,0.0,0.0,0.8,0.8,1.0,0.4,2.4,2.8,0.4,0.2,0.0,1.0,0.0,0.6,0.4,2.8,1.4,9.6,0,0,8.0,539,549,509,526,521,500,546,38,517,548,517,344,409,1,431,277,326,530,541,564,42,540,525,500,505,161,448,284,38,475,1,122.4,116.2,6.2,0.717,0.625,0.131,0.067,0.177,0.151,98.68,2025-26
1631199,Ron Harper Jr.,Ron,1610612738,BOS,26.0,29,22,7,0.759,10.9,1.6,3.8,0.418,1.0,2.8,0.35,0.1,0.1,0.75,0.5,1.1,1.7,0.8,0.3,0.3,0.3,0.0,0.7,0.3,4.2,0.6,9.1,0,0,8.9,415,277,475,41,462,429,414,427,281,282,256,552,554,333,376,462,465,461,521,462,269,535,508,521,443,207,464,284,38,459,1,111.6,109.0,2.7,0.55,0.545,0.158,0.1,0.072,0.086,96.22,2025-26
1641842,Ronald Holland II,Ronald,1610612765,DET,20.0,78,56,22,0.718,19.9,3.0,7.0,0.432,0.6,2.5,0.253,1.5,1.9,0.805,1.1,3.0,4.0,1.2,1.2,1.2,0.3,0.6,2.3,1.9,8.2,1.7,18.2,2,0,17.2,28,7,295,73,295,279,249,377,353,301,457,193,206,220,179,205,195,362,217,74,241,135,105,175,275,142,272,159,38,277,1,110.2,104.5,5.7,0.525,0.478,0.184,0.088,0.097,0.085,101.85,2025-26
1626220,Royce O'Neale,Royce,1610612756,PHX,33.0,78,43,35,0.551,28.4,3.4,8.0,0.421,2.7,6.7,0.408,0.3,0.5,0.711,0.8,4.0,4.8,2.7,1.3,1.1,0.4,0.1,2.3,0.7,9.8,-1.4,22.7,2,0,22.9,28,75,112,245,122,235,205,416,29,44,80,485,488,409,282,106,154,162,192,101,199,508,130,426,220,365,185,159,38,168,1,111.4,115.1,-3.6,0.596,0.59,0.139,0.129,0.081,0.082,100.64,2025-26
203497,Rudy Gobert,Rudy,1610612750,MIN,34.0,76,46,30,0.605,31.3,4.4,6.5,0.682,0.0,0.1,0.0,2.1,4.0,0.526,3.9,7.5,11.5,1.7,1.4,0.8,1.6,0.5,2.6,4.0,10.9,3.1,33.0,33,0,28.9,54,52,172,171,61,156,283,14,517,537,517,125,66,528,6,10,5,276,175,227,10,172,58,40,188,83,71,11,38,99,1,113.0,108.0,5.0,0.664,0.682,0.127,0.074,0.173,0.121,101.49,2025-26
1629060,Rui Hachimura,Rui,1610612747,LAL,28.0,68,47,21,0.691,28.3,4.5,8.8,0.514,1.7,3.9,0.443,0.7,1.1,0.694,0.6,2.7,3.3,0.8,0.6,0.6,0.3,0.3,1.6,0.7,11.5,1.2,18.7,1,0,19.1,135,44,305,87,125,151,179,129,127,180,33,361,349,434,339,238,269,442,400,329,270,294,306,427,177,173,261,201,38,236,1,116.4,114.4,2.0,0.62,0.611,0.149,0.041,0.06,0.073,100.83,2025-26
201566,Russell Westbrook,Russell,1610612758,SAC,37.0,64,16,48,0.25,28.9,5.6,13.1,0.427,2.0,5.9,0.338,2.0,2.9,0.694,1.3,4.2,5.4,6.7,3.3,1.3,0.2,0.7,2.3,2.2,15.2,-7.1,32.9,16,6,32.2,180,348,25,485,111,97,73,391,86,69,292,139,117,435,137,99,106,20,11,53,373,105,120,141,98,553,72,33,5,68,1,110.0,122.1,-12.1,0.528,0.503,0.252,0.33,0.093,0.105,102.15,2025-26
1642346,Ryan Dunn,Ryan,1610612756,PHX,23.0,70,40,30,0.571,19.4,2.3,5.2,0.453,0.8,2.4,0.331,0.3,0.7,0.489,1.4,2.8,4.2,1.5,0.8,0.9,0.4,0.3,1.9,0.5,5.8,0.1,16.1,2,0,14.9,105,110,172,210,308,348,341,303,311,311,330,497,438,547,117,225,181,319,338,187,196,306,243,480,365,248,319,159,38,333,1,110.4,108.7,1.7,0.532,0.53,0.136,0.105,0.105,0.081,98.02,2025-26
1641750,Ryan Kalkbrenner,Ryan,1610612766,CHA,24.0,69,39,30,0.565,21.4,3.2,4.2,0.753,0.0,0.1,0.0,1.2,1.7,0.716,2.4,3.0,5.5,0.8,0.9,0.5,1.5,0.4,1.6,1.4,7.6,0.7,20.2,3,0,17.7,118,118,172,225,256,259,393,5,517,536,517,249,235,399,42,194,104,457,297,406,19,249,330,253,299,201,229,128,38,267,1,112.3,111.2,1.1,0.762,0.753,0.113,0.053,0.121,0.108,100.4,2025-26
1642948,Ryan Nembhard,Ryan,1610612742,DAL,23.0,60,20,40,0.333,19.5,2.7,6.5,0.415,0.8,2.3,0.356,0.4,0.5,0.806,0.2,2.0,2.2,5.3,1.4,0.4,0.0,0.2,1.4,0.7,6.6,-0.4,17.1,4,0,15.8,214,302,69,419,306,310,278,441,311,322,235,465,479,218,523,332,401,47,171,426,520,415,360,413,337,287,297,114,38,308,1,111.2,113.1,-1.9,0.492,0.477,0.173,0.353,0.054,0.087,101.89,2025-26
1631157,Ryan Rollins,Ryan,1610612749,MIL,23.0,74,29,45,0.392,32.1,6.6,13.9,0.472,2.5,6.1,0.406,1.7,2.1,0.796,0.7,3.8,4.6,5.6,2.7,1.5,0.4,1.0,2.6,2.1,17.3,-2.4,34.2,6,0,33.8,70,203,36,392,48,61,57,238,48,61,84,173,180,238,302,125,163,35,32,28,192,31,61,152,70,418,58,84,38,54,1,113.3,116.5,-3.2,0.583,0.561,0.236,0.264,0.07,0.111,99.55,2025-26
1630180,Saddiq Bey,Saddiq,1610612740,NOP,27.0,72,24,48,0.333,31.2,6.1,13.4,0.451,2.1,5.7,0.367,3.4,4.1,0.841,1.7,3.9,5.6,2.5,0.9,0.9,0.1,0.7,1.3,2.5,17.7,-2.6,30.3,7,0,29.9,84,252,25,419,65,76,66,311,73,77,200,55,60,148,85,121,97,184,283,143,470,79,388,121,65,431,97,72,38,90,1,113.3,116.8,-3.6,0.579,0.529,0.213,0.12,0.085,0.112,102.05,2025-26
1630573,Sam Hauser,Sam,1610612738,BOS,28.0,78,54,24,0.692,24.8,3.2,7.7,0.419,2.5,6.5,0.393,0.2,0.3,0.85,0.7,3.1,3.8,1.5,0.4,0.5,0.3,0.1,1.4,0.4,9.2,4.7,17.9,0,0,18.6,28,13,258,86,193,252,218,421,44,49,113,519,528,132,306,183,217,317,472,393,284,498,355,497,235,46,278,284,38,250,1,119.8,111.0,8.8,0.59,0.584,0.141,0.077,0.073,0.08,97.23,2025-26
1630241,Sam Merrill,Sam,1610612739,CLE,30.0,52,37,15,0.712,26.5,4.3,9.3,0.461,3.0,7.2,0.421,1.1,1.3,0.855,0.5,2.0,2.6,2.4,0.8,0.6,0.1,0.2,2.4,1.8,12.8,4.7,20.9,1,0,22.3,286,136,382,81,158,169,161,275,16,25,55,261,294,122,363,331,355,195,335,298,432,426,90,193,142,50,217,201,38,179,1,120.3,112.6,7.7,0.644,0.624,0.167,0.119,0.047,0.081,101.54,2025-26
1630572,Sandro Mamukelashvili,Sandro,1610612761,TOR,27.0,80,44,36,0.55,21.9,4.1,7.9,0.523,1.4,3.7,0.389,1.5,2.0,0.747,1.4,3.6,4.9,1.9,0.8,0.8,0.5,0.4,1.8,1.4,11.2,2.3,23.0,3,0,22.1,21,67,102,248,247,185,214,109,173,192,124,200,201,350,124,142,142,251,323,209,151,223,251,256,182,114,179,128,38,183,1,114.9,109.7,5.3,0.637,0.614,0.181,0.123,0.111,0.123,101.19,2025-26
1630583,Santi Aldama,Santi,1610612763,MEM,25.0,43,19,24,0.442,27.9,5.3,11.1,0.479,1.6,4.7,0.35,1.8,2.7,0.667,1.6,5.1,6.7,2.9,1.3,0.9,0.7,0.3,1.6,2.2,14.0,-1.1,29.9,5,0,28.4,342,316,258,364,130,110,118,215,140,129,256,160,131,452,101,49,63,144,201,185,93,364,311,145,117,341,101,96,38,106,1,113.6,116.0,-2.4,0.572,0.553,0.191,0.153,0.112,0.115,103.47,2025-26
1630703,Scoot Henderson,Scoot,1610612757,POR,22.0,30,18,12,0.6,24.9,4.8,11.4,0.418,1.9,5.4,0.352,2.8,3.3,0.84,0.6,2.1,2.7,3.7,2.4,0.9,0.3,0.6,2.8,3.0,14.2,1.8,24.2,0,0,24.9,410,325,419,174,192,140,107,428,104,91,250,77,87,149,341,321,342,87,49,160,277,125,38,76,112,135,161,284,38,139,1,112.2,109.0,3.2,0.553,0.501,0.246,0.231,0.05,0.086,103.34,2025-26
1630567,Scottie Barnes,Scottie,1610612761,TOR,24.0,80,45,35,0.563,33.5,7.1,14.0,0.507,0.9,2.8,0.304,3.0,3.7,0.815,1.9,5.6,7.5,5.9,2.6,1.4,1.5,0.6,2.6,3.3,18.1,3.3,42.0,30,3,38.1,21,60,112,229,26,43,55,144,303,279,399,71,74,207,77,34,42,31,37,35,20,125,56,68,62,76,20,12,8,35,1,114.6,110.0,4.6,0.577,0.537,0.226,0.255,0.11,0.139,101.0,2025-26
1630590,Scotty Pippen Jr.,Scotty,1610612763,MEM,25.0,10,2,8,0.2,21.2,4.3,9.6,0.448,1.0,3.2,0.313,1.8,2.3,0.783,0.8,1.4,2.2,4.7,2.7,1.9,0.4,0.6,3.1,2.9,11.4,-5.0,25.3,0,0,23.9,500,526,468,526,263,167,150,321,268,232,382,155,162,273,267,426,404,59,33,8,205,125,24,83,180,524,147,284,38,156,1,107.1,118.7,-11.5,0.537,0.5,0.255,0.324,0.05,0.086,104.78,2025-26
1642951,Sean Pedulla,Sean,1610612746,LAC,23.0,7,4,3,0.571,4.4,0.7,2.1,0.333,0.4,1.4,0.3,0.0,0.0,0.0,0.0,0.4,0.4,0.7,0.1,0.0,0.0,0.1,0.6,0.0,1.9,-2.9,3.3,0,0,3.4,518,487,530,210,560,534,523,539,412,412,403,563,564,563,565,558,566,472,550,564,524,474,531,571,539,446,562,284,38,560,1,82.5,112.5,-30.0,0.433,0.433,0.219,0.294,0.048,0.05,98.32,2025-26
203552,Seth Curry,Seth,1610612744,GSW,35.0,10,1,9,0.1,13.3,2.4,4.9,0.49,1.2,2.5,0.48,1.1,1.2,0.917,0.4,0.8,1.2,1.0,0.2,0.3,0.0,0.1,0.7,0.9,7.1,0.1,10.7,0,0,11.1,500,549,455,562,419,338,358,182,216,303,23,270,320,42,431,515,503,394,541,478,524,500,507,371,320,243,424,284,38,402,1,116.0,119.0,-3.0,0.654,0.612,0.169,0.106,0.049,0.093,99.97,2025-26
1631101,Shaedon Sharpe,Shaedon,1610612757,POR,23.0,50,24,26,0.48,29.4,7.8,17.4,0.452,2.1,6.1,0.337,3.1,3.9,0.787,1.0,3.3,4.3,2.6,2.9,1.4,0.1,1.1,2.0,3.3,20.8,-1.0,31.6,0,0,32.9,297,252,232,338,103,27,20,307,77,62,297,67,67,263,190,166,174,169,22,39,451,14,217,69,35,334,82,284,38,65,1,112.4,113.7,-1.3,0.546,0.511,0.293,0.151,0.068,0.108,103.89,2025-26
1628983,Shai Gilgeous-Alexander,Shai,1610612760,OKC,27.0,68,56,12,0.824,33.2,10.8,19.4,0.553,1.7,4.4,0.386,7.9,9.0,0.879,0.6,3.7,4.3,6.6,2.2,1.4,0.8,0.8,2.0,6.1,31.1,11.6,50.4,8,0,48.0,135,7,419,15,33,2,7,83,131,148,134,1,4,82,355,132,177,21,68,41,83,48,193,8,2,2,4,66,38,4,1,121.5,105.2,16.3,0.665,0.597,0.323,0.332,0.062,0.207,101.84,2025-26
1630536,Sharife Cooper,Sharife,1610612764,WAS,25.0,41,6,35,0.146,17.1,3.1,6.0,0.514,0.7,1.9,0.382,1.2,1.5,0.833,0.4,1.7,2.1,3.0,1.5,0.4,0.1,0.6,1.5,1.6,8.1,-4.5,15.2,0,0,15.0,356,461,112,552,347,268,298,130,334,365,151,246,271,160,412,394,410,135,156,439,449,121,346,215,280,514,336,284,38,328,1,108.4,120.1,-11.7,0.609,0.573,0.197,0.256,0.061,0.094,103.68,2025-26
1631321,Sidy Cissoko,Sidy,1610612757,POR,22.0,75,39,36,0.52,19.1,1.8,4.5,0.398,0.8,2.6,0.298,0.8,1.2,0.659,0.8,1.4,2.2,1.5,0.9,0.7,0.3,0.4,2.4,1.7,5.1,-0.8,12.1,0,0,11.6,60,118,102,288,312,411,381,480,318,292,410,350,324,465,254,431,403,315,286,266,245,275,91,202,405,314,395,284,38,396,1,109.2,110.9,-1.7,0.514,0.487,0.123,0.107,0.056,0.036,102.55,2025-26
1631323,Simone Fontecchio,Simone,1610612748,MIA,30.0,70,36,34,0.514,16.7,2.8,6.7,0.412,1.8,4.7,0.375,1.2,1.5,0.843,0.8,2.2,3.0,1.4,0.7,0.5,0.1,0.3,1.5,0.8,8.5,1.3,15.6,0,0,16.1,105,151,125,291,354,302,259,448,119,127,167,244,272,141,267,304,300,322,372,360,442,328,348,382,259,167,331,284,38,301,1,113.8,110.5,3.3,0.579,0.542,0.184,0.121,0.08,0.09,105.28,2025-26
1642883,Sion James,Sion,1610612766,CHA,23.0,82,44,38,0.537,22.5,1.7,4.5,0.371,1.0,2.9,0.352,1.0,1.2,0.837,0.6,2.9,3.5,2.0,0.8,0.6,0.2,0.3,1.8,1.2,5.4,0.8,14.4,0,0,13.6,1,67,81,268,232,421,372,520,267,274,251,286,321,157,342,214,241,237,343,299,323,289,259,295,392,194,352,284,38,355,1,113.2,110.0,3.3,0.531,0.483,0.109,0.121,0.075,0.062,99.1,2025-26
1627746,Skal Labissiere,Skal,1610612764,WAS,30.0,3,2,1,0.667,12.5,2.0,3.3,0.6,0.3,1.7,0.2,0.0,0.0,0.0,1.0,2.0,3.0,1.0,0.3,0.7,0.3,0.0,1.0,0.0,4.3,0.7,12.1,0,0,10.7,566,526,556,106,431,383,435,49,429,391,488,563,564,563,193,332,301,394,503,276,245,540,462,571,432,201,396,284,38,411,1,110.4,106.4,4.0,0.65,0.65,0.117,0.115,0.107,0.124,99.07,2025-26
1642461,Spencer Jones,Spencer,1610612743,DEN,25.0,64,41,23,0.641,22.1,2.1,4.1,0.504,0.9,2.3,0.396,0.5,0.8,0.608,1.2,2.1,3.3,0.8,0.5,0.8,0.5,0.3,2.7,0.8,5.5,0.0,13.9,1,0,13.0,180,97,275,138,241,380,399,149,297,322,104,443,414,501,155,318,275,454,458,204,179,372,44,403,383,251,359,201,38,371,1,116.9,115.3,1.6,0.619,0.613,0.097,0.047,0.073,0.045,99.33,2025-26
1630649,Stanley Umude,Stanley,1610612759,SAS,27.0,2,2,0,1.0,3.3,0.5,1.0,0.5,0.0,0.5,0.0,0.0,0.0,0.0,0.0,0.0,0.0,0.5,0.0,0.5,0.0,0.0,1.0,0.0,1.0,-8.5,3.3,0,0,2.5,572,526,580,1,576,554,565,156,517,496,517,563,564,563,565,577,579,510,562,373,524,540,462,571,564,569,563,284,38,569,1,57.1,166.7,-109.5,0.5,0.5,0.143,0.333,0.0,0.029,105.99,2025-26
201939,Stephen Curry,Stephen,1610612744,GSW,38.0,43,24,19,0.558,30.9,8.7,18.6,0.468,4.4,11.3,0.393,4.7,5.1,0.923,0.4,3.2,3.6,4.7,2.8,1.1,0.4,0.6,1.7,4.6,26.6,2.1,39.7,3,0,42.3,342,252,333,236,72,16,12,254,1,1,114,31,41,40,436,180,237,58,28,82,211,123,269,25,12,119,34,128,38,18,1,117.6,114.8,2.8,0.637,0.587,0.308,0.245,0.057,0.146,103.66,2025-26
1642264,Stephon Castle,Stephon,1610612759,SAS,21.0,68,51,17,0.75,30.0,5.7,12.0,0.471,1.2,3.6,0.332,4.1,5.6,0.734,1.4,3.9,5.3,7.4,3.2,1.1,0.3,1.0,3.3,4.4,16.7,6.0,35.2,18,5,33.4,135,30,359,46,91,93,95,241,220,199,327,40,33,369,111,120,114,10,14,79,294,24,19,31,79,30,51,27,6,57,1,118.2,108.4,9.8,0.575,0.521,0.243,0.344,0.084,0.117,102.28,2025-26
203500,Steven Adams,Steven,1610612745,HOU,32.0,32,21,11,0.656,22.8,2.2,4.3,0.504,0.0,0.0,0.0,1.5,2.5,0.58,4.5,4.1,8.6,1.5,1.1,0.7,0.6,0.3,1.7,2.2,5.8,6.1,21.3,3,0,18.6,400,292,432,125,226,365,386,150,517,548,517,202,135,511,2,102,25,303,239,269,120,338,275,143,362,29,210,128,38,251,1,117.3,105.5,11.8,0.535,0.504,0.116,0.084,0.177,0.1,97.69,2025-26
1629004,Svi Mykhailiuk,Svi,1610612762,UTA,29.0,50,14,36,0.28,23.1,3.5,7.2,0.478,2.0,4.8,0.408,0.5,0.6,0.893,0.7,1.8,2.5,1.9,0.8,0.5,0.1,0.3,1.3,0.6,9.4,-1.5,16.0,0,0,16.8,297,374,102,461,220,229,239,217,92,119,76,435,466,65,305,384,370,252,322,366,504,341,406,443,228,375,320,284,38,283,1,114.9,117.9,-3.0,0.626,0.613,0.143,0.107,0.051,0.074,103.74,2025-26
204456,T.J. McConnell,T.J.,1610612754,IND,34.0,56,15,41,0.268,17.2,4.3,8.0,0.538,0.3,0.9,0.32,0.4,0.5,0.862,0.4,1.8,2.2,5.1,1.1,1.0,0.2,0.4,1.1,1.1,9.4,-2.4,22.1,1,0,19.4,247,365,61,475,344,166,204,98,446,467,360,457,478,111,437,364,402,51,232,121,386,232,442,331,229,419,200,201,38,227,1,109.1,116.7,-7.6,0.567,0.556,0.227,0.469,0.063,0.15,103.65,2025-26
1643007,Taelon Peter,Taelon,1610612754,IND,24.0,38,6,32,0.158,13.0,1.6,4.2,0.38,1.1,3.3,0.328,0.3,0.4,0.625,0.3,1.3,1.6,1.1,0.7,0.7,0.1,0.1,1.0,0.4,4.5,-2.6,9.6,0,0,9.8,370,461,149,550,425,432,396,510,248,223,339,508,500,492,496,442,474,387,368,271,459,485,462,490,421,435,446,284,38,432,1,103.2,111.8,-8.7,0.518,0.509,0.159,0.113,0.057,0.057,105.12,2025-26
201959,Taj Gibson,Taj,1610612763,MEM,41.0,10,1,9,0.1,9.7,1.2,2.6,0.462,0.3,0.6,0.5,0.7,0.8,0.875,1.1,1.6,2.7,0.6,0.1,0.2,0.1,0.4,1.4,0.7,3.4,-0.7,8.3,0,0,7.6,500,549,455,562,481,480,484,271,442,487,13,371,409,87,172,402,340,489,558,521,466,237,370,425,474,310,484,284,38,483,1,103.2,107.9,-4.7,0.576,0.519,0.123,0.092,0.121,0.081,106.78,2025-26
1631106,Tari Eason,Tari,1610612745,HOU,25.0,60,38,22,0.633,25.8,4.0,9.7,0.416,1.6,4.3,0.358,0.9,1.1,0.776,2.1,4.2,6.3,1.5,1.4,1.2,0.5,0.7,2.3,1.1,10.5,2.8,23.9,6,0,23.1,214,128,295,146,173,189,147,440,146,152,230,325,336,292,57,98,71,303,188,65,171,82,116,328,196,96,167,84,38,164,1,116.1,109.6,6.5,0.514,0.496,0.181,0.078,0.116,0.083,99.06,2025-26
1627752,Taurean Prince,Taurean,1610612749,MIL,32.0,26,10,16,0.385,23.5,3.3,7.3,0.45,2.3,5.4,0.436,0.2,0.2,1.0,0.2,3.0,3.1,1.8,1.2,0.6,0.2,0.2,1.8,0.5,9.2,-2.0,16.9,2,0,18.1,425,411,368,398,215,243,233,315,58,93,37,515,537,1,548,208,290,267,222,308,336,426,247,469,236,402,302,159,38,261,1,113.7,117.5,-3.8,0.617,0.61,0.157,0.102,0.067,0.073,99.88,2025-26
1641707,Taylor Hendricks,Taylor,1610612763,MEM,22.0,59,12,47,0.203,19.0,2.8,6.0,0.459,1.1,3.1,0.342,0.8,1.2,0.681,1.1,2.6,3.7,0.9,0.8,0.8,0.5,0.4,1.7,1.1,7.4,-4.4,16.5,2,0,15.9,225,395,32,525,314,304,300,281,252,243,280,339,316,447,171,244,225,420,319,193,153,253,288,332,307,510,306,159,38,307,2,108.4,119.1,-10.7,0.566,0.548,0.157,0.07,0.096,0.077,103.17,2025-26
1629611,Terance Mann,Terance,1610612751,BKN,29.0,63,15,48,0.238,24.3,2.7,5.8,0.457,0.9,2.4,0.364,1.0,1.3,0.788,1.1,2.1,3.2,3.0,1.1,0.7,0.2,0.3,2.5,1.3,7.2,-4.2,17.1,0,0,16.1,194,365,25,501,200,311,308,287,298,308,203,286,301,258,169,323,283,136,233,287,331,284,86,278,317,505,298,284,38,299,1,109.6,117.8,-8.2,0.564,0.533,0.133,0.182,0.066,0.066,98.07,2025-26
1630545,Terrence Shannon Jr.,Terrence,1610612750,MIN,25.0,43,24,19,0.558,12.5,1.8,4.0,0.45,0.7,1.8,0.408,1.3,1.6,0.8,0.2,0.9,1.1,0.9,0.6,0.3,0.0,0.3,1.2,1.2,5.6,-1.9,8.8,0,0,9.0,342,252,333,236,432,410,407,314,329,382,79,227,245,229,514,500,512,433,420,471,523,309,432,286,379,400,473,284,38,457,1,112.0,120.5,-8.5,0.597,0.541,0.171,0.102,0.045,0.069,102.75,2025-26
203648,Thanasis Antetokounmpo,Thanasis,1610612749,MIL,33.0,34,9,25,0.265,4.4,0.4,0.9,0.469,0.0,0.1,0.0,0.5,0.9,0.567,0.4,0.5,0.9,0.4,0.3,0.4,0.2,0.1,0.5,0.6,1.4,0.1,4.5,0,0,3.8,394,432,246,478,561,562,570,250,517,529,517,435,391,515,461,548,541,523,518,445,389,522,539,448,555,240,543,284,38,551,1,97.4,94.3,3.1,0.52,0.469,0.154,0.172,0.096,0.094,102.35,2025-26
1628418,Thomas Bryant,Thomas,1610612739,CLE,28.0,60,37,23,0.617,12.2,2.3,4.5,0.506,0.8,2.2,0.359,0.9,1.1,0.803,1.0,2.4,3.4,0.6,0.5,0.3,0.4,0.2,1.3,1.1,6.2,0.7,12.8,1,0,12.4,214,136,275,162,439,361,382,146,319,328,227,322,340,223,203,272,255,499,465,478,185,435,408,325,353,204,380,201,38,380,1,114.4,110.7,3.6,0.625,0.594,0.182,0.067,0.129,0.115,102.45,2025-26
1642275,Tidjane Salaün,Tidjane,1610612766,CHA,20.0,37,19,18,0.514,15.6,2.2,4.3,0.503,1.0,2.2,0.434,0.7,1.1,0.65,0.7,3.3,4.0,0.7,0.7,0.4,0.2,0.2,1.5,0.9,6.0,-0.1,13.1,1,0,13.0,377,316,348,292,384,368,389,151,278,324,40,370,343,471,313,165,197,469,370,419,371,388,353,357,357,265,373,201,38,372,1,113.2,111.1,2.1,0.629,0.616,0.147,0.071,0.125,0.102,99.11,2025-26
203501,Tim Hardaway Jr.,Tim,1610612743,DEN,34.0,80,52,28,0.65,26.6,4.4,9.7,0.447,2.8,6.9,0.407,2.0,2.5,0.811,0.2,2.4,2.6,1.4,0.5,0.5,0.1,0.2,1.3,1.9,13.5,2.5,20.0,0,0,21.5,21,24,205,129,155,163,145,328,23,35,81,138,149,212,525,281,351,338,430,363,444,399,408,181,133,109,232,284,38,191,1,119.4,114.9,4.5,0.624,0.591,0.177,0.07,0.047,0.085,101.24,2025-26
202699,Tobias Harris,Tobias,1610612765,DET,33.0,63,46,17,0.73,27.7,4.9,10.5,0.469,1.3,3.5,0.368,2.2,2.5,0.866,0.9,4.3,5.1,2.5,1.0,0.9,0.4,0.6,1.7,1.7,13.3,5.8,26.2,3,0,24.9,194,52,359,67,133,133,132,249,196,204,195,119,141,105,238,92,127,188,257,151,197,145,283,203,137,31,143,128,38,141,1,118.6,108.6,10.0,0.574,0.531,0.181,0.12,0.088,0.112,100.9,2025-26
1643253,Toby Okani,Toby,1610612763,MEM,24.0,6,0,6,0.0,36.2,4.2,11.7,0.357,1.5,5.2,0.29,0.2,1.3,0.125,1.5,2.0,3.5,1.0,0.5,0.7,0.5,1.0,3.3,1.3,10.0,-22.8,18.7,0,0,18.3,527,567,485,567,4,177,101,528,156,104,427,531,290,562,103,332,241,394,444,276,156,24,14,263,214,582,262,284,38,256,1,100.0,128.1,-28.1,0.408,0.421,0.142,0.039,0.043,0.013,106.9,2025-26
1642449,Tolu Smith,Tolu,1610612765,DET,25.0,15,11,4,0.733,9.2,1.2,2.4,0.5,0.0,0.0,0.0,1.3,2.0,0.667,1.5,1.8,3.3,0.9,0.5,0.1,0.4,0.5,1.5,1.3,3.7,0.0,10.1,0,0,8.9,465,406,509,61,492,480,500,156,517,548,517,217,189,452,107,374,274,435,465,544,205,204,333,263,461,253,439,284,38,458,1,106.9,104.6,2.3,0.569,0.5,0.177,0.143,0.185,0.117,97.44,2025-26
1628396,Tony Bradley,Tony,1610612737,ATL,28.0,41,10,31,0.244,11.0,1.6,2.9,0.547,0.0,0.1,0.5,0.8,1.0,0.744,1.5,1.4,2.8,0.5,0.4,0.1,0.2,0.3,1.5,0.9,4.0,-3.4,8.7,0,0,8.0,356,411,160,497,460,436,471,88,498,532,13,349,353,355,108,434,323,505,474,540,396,289,338,369,451,469,475,284,38,475,2,104.6,118.8,-14.2,0.596,0.556,0.136,0.077,0.121,0.074,102.19,2025-26
1641787,Tosan Evbuomwan,Tosan,1610612766,CHA,25.0,5,4,1,0.8,1.5,0.0,0.2,0.0,0.0,0.0,0.0,0.0,0.0,0.0,0.2,0.2,0.4,0.0,0.0,0.0,0.0,0.0,0.2,0.0,0.0,-1.6,0.5,0,0,0.4,539,487,556,20,582,578,582,578,517,548,517,563,564,563,531,570,569,574,562,564,524,540,574,571,579,379,582,284,38,582,1,50.0,100.0,-50.0,0.0,0.0,0.048,0.0,0.087,-0.043,108.9,2025-26
1641739,Toumani Camara,Toumani,1610612757,POR,26.0,82,42,40,0.512,33.3,4.8,10.9,0.44,2.7,7.2,0.37,1.2,1.7,0.708,1.6,3.6,5.1,2.5,1.8,1.1,0.4,0.5,2.9,2.7,13.4,0.4,26.2,3,0,26.8,1,87,69,293,31,139,123,347,35,24,187,251,239,415,99,143,126,191,109,80,189,152,33,94,135,221,142,128,38,120,1,114.3,113.0,1.3,0.578,0.563,0.16,0.103,0.072,0.073,102.27,2025-26
1629027,Trae Young,Trae,1610612764,WAS,27.0,15,2,13,0.133,25.6,5.4,11.8,0.458,1.8,5.3,0.338,5.3,6.5,0.825,0.3,1.7,2.0,8.0,2.6,0.9,0.1,0.1,2.2,5.5,17.9,-4.4,32.7,3,0,31.7,465,526,409,557,181,106,97,285,116,96,293,20,17,188,494,389,418,6,39,182,434,482,144,10,63,511,74,128,38,71,2,116.1,124.1,-8.1,0.612,0.534,0.262,0.44,0.037,0.128,108.13,2025-26
1631218,Trayce Jackson-Davis,Trayce,1610612761,TOR,26.0,53,29,24,0.547,9.4,1.3,2.3,0.573,0.0,0.0,1.0,0.7,1.4,0.514,1.2,1.5,2.7,0.7,0.4,0.3,0.5,0.4,0.8,1.0,3.4,-1.4,9.7,1,0,8.5,276,203,258,254,487,460,503,71,509,544,1,365,285,529,142,416,336,468,476,473,180,258,491,354,472,363,444,201,38,466,2,102.9,110.5,-7.6,0.578,0.577,0.142,0.122,0.14,0.1,103.78,2025-26
1642848,Tre Johnson,Tre,1610612764,WAS,20.0,60,12,48,0.2,24.0,4.5,10.8,0.419,1.9,5.4,0.358,1.3,1.5,0.874,0.5,2.4,2.8,2.0,1.6,0.6,0.3,0.2,2.0,1.2,12.2,-5.6,19.7,0,0,20.7,214,395,25,526,204,150,125,424,98,95,229,234,275,94,393,283,322,231,141,354,277,445,194,285,153,536,237,284,38,209,1,108.7,119.9,-11.2,0.535,0.508,0.22,0.122,0.055,0.068,104.38,2025-26
1630200,Tre Jones,Tre,1610612741,CHI,26.0,65,27,38,0.415,27.0,5.2,9.5,0.553,0.6,2.0,0.315,2.9,3.5,0.841,0.6,2.6,3.1,5.4,1.4,1.2,0.2,0.8,1.4,2.9,14.1,-2.1,28.5,5,0,25.9,166,225,81,376,150,119,154,84,356,348,377,75,80,145,345,257,287,43,172,76,398,55,356,85,116,408,116,96,38,127,1,111.0,114.8,-3.8,0.637,0.586,0.186,0.284,0.054,0.126,106.25,2025-26
1630544,Tre Mann,Tre,1610612766,CHA,25.0,53,30,23,0.566,12.6,2.1,5.7,0.36,0.9,2.9,0.323,0.4,0.5,0.852,0.4,1.4,1.7,1.6,1.0,0.5,0.1,0.2,1.3,0.5,5.5,-2.9,10.7,0,0,10.9,276,196,275,223,430,381,314,527,287,267,353,459,480,128,447,435,455,288,254,400,474,467,395,488,385,447,425,284,38,406,1,105.8,115.9,-10.1,0.462,0.442,0.231,0.223,0.068,0.062,97.44,2025-26
1630570,Trendon Watford,Trendon,1610612755,PHI,25.0,53,27,26,0.509,16.3,2.6,5.1,0.515,0.2,0.9,0.2,1.1,1.5,0.779,0.7,2.6,3.3,2.5,1.2,0.3,0.4,0.5,2.0,1.5,6.5,-2.9,15.1,1,1,13.9,276,225,232,297,366,318,347,126,471,462,488,262,274,282,308,252,273,189,220,477,194,175,199,230,339,451,339,201,23,350,1,106.5,115.6,-9.1,0.573,0.534,0.17,0.229,0.094,0.093,103.23,2025-26
1642280,Trentyn Flowers,Trentyn,1610612741,CHI,21.0,2,0,2,0.0,2.8,1.0,1.5,0.667,0.0,0.5,0.0,0.0,0.0,0.0,0.5,0.0,0.5,0.5,0.5,0.0,0.0,0.0,0.5,0.0,2.0,-1.0,2.9,0,0,3.0,572,567,540,567,578,500,548,17,517,496,517,563,564,563,379,577,564,510,444,564,524,540,541,571,531,334,569,284,38,565,1,81.8,100.0,-18.2,0.667,0.667,0.25,0.5,0.077,0.128,95.14,2025-26
1630286,Trevon Scott,Trevon,1610612751,BKN,29.0,6,2,4,0.333,30.4,3.2,8.3,0.38,1.0,3.2,0.316,0.7,1.0,0.667,1.7,3.5,5.2,1.7,0.7,1.3,0.8,0.5,2.0,1.0,8.0,-10.8,22.5,0,0,20.2,527,526,509,419,81,261,195,508,268,236,374,380,360,452,89,145,124,278,379,49,69,178,203,341,283,575,186,284,38,217,1,105.8,122.8,-16.9,0.456,0.44,0.136,0.078,0.089,0.053,99.43,2025-26
1631211,Trevor Keels,Trevor,1610612748,MIA,22.0,8,6,2,0.75,1.9,0.4,1.5,0.25,0.3,1.1,0.222,0.0,0.0,0.0,0.0,0.3,0.3,0.0,0.0,0.1,0.0,0.0,0.0,0.0,1.0,0.6,1.7,0,0,1.8,515,461,540,46,581,566,548,566,456,445,481,563,564,563,565,569,575,574,562,545,524,540,579,571,564,206,576,284,38,577,1,87.5,69.8,17.7,0.333,0.333,0.261,0.0,0.047,0.039,133.27,2025-26
1641725,Trey Alexander,Trey,1610612740,NOP,23.0,9,2,7,0.222,12.3,2.1,4.1,0.514,0.7,1.3,0.5,0.3,0.6,0.6,0.1,1.1,1.2,1.0,0.3,0.7,0.2,0.0,1.4,0.7,5.2,-2.0,10.5,0,0,9.9,507,526,475,514,435,373,398,132,347,422,13,487,468,506,556,467,499,394,503,276,340,540,357,433,395,404,427,284,38,429,1,112.0,119.0,-7.0,0.599,0.595,0.148,0.107,0.045,0.078,104.77,2025-26
1641998,Trey Jemison III,Trey,1610612752,NYK,26.0,13,10,3,0.769,6.3,0.5,0.8,0.6,0.0,0.0,0.0,0.1,0.1,1.0,0.6,0.8,1.4,0.4,0.8,0.1,0.2,0.0,0.8,0.2,1.0,-2.2,3.2,0,0,3.2,480,411,530,34,538,560,573,49,517,548,517,556,560,1,337,523,489,536,356,559,416,540,492,543,564,411,564,284,38,563,1,96.1,112.9,-16.8,0.623,0.6,0.099,0.088,0.101,0.027,105.02,2025-26
1630530,Trey Murphy III,Trey,1610612740,NOP,26.0,66,21,45,0.318,35.5,7.5,15.9,0.47,3.2,8.6,0.379,3.3,3.7,0.886,1.0,4.8,5.7,3.8,1.8,1.5,0.4,0.4,2.1,2.9,21.5,-2.6,37.8,4,0,38.0,157,292,36,436,6,29,36,244,8,9,159,59,73,78,214,68,86,86,99,25,232,267,177,79,29,427,43,114,38,36,1,113.6,117.2,-3.6,0.613,0.572,0.223,0.16,0.078,0.122,101.71,2025-26
1642400,Tristan Enaruna,Tristan,1610612739,CLE,25.0,9,8,1,0.889,9.5,1.6,3.1,0.5,0.3,1.1,0.3,0.7,0.9,0.75,0.8,0.8,1.6,0.8,0.3,0.6,0.0,0.3,0.3,0.8,4.1,4.8,8.5,0,0,7.9,507,440,556,4,484,438,451,156,429,447,403,380,387,333,276,520,472,458,503,346,524,296,561,400,447,44,482,284,38,479,1,123.5,101.7,21.7,0.587,0.554,0.16,0.101,0.09,0.105,99.8,2025-26
1641774,Tristan Vukcevic,Tristan,1610612764,WAS,23.0,49,8,41,0.163,13.7,3.1,6.5,0.479,1.0,2.9,0.347,1.8,2.3,0.784,0.7,2.3,3.0,1.1,1.3,0.5,0.7,0.3,1.7,1.7,9.0,-4.6,16.4,1,0,16.4,305,440,61,548,415,267,282,214,264,265,265,159,166,271,326,284,301,376,204,402,108,328,290,207,243,517,309,201,38,292,1,103.5,118.5,-15.1,0.603,0.558,0.259,0.133,0.104,0.11,105.7,2025-26
1641783,Tristan da Silva,Tristan,1610612753,ORL,25.0,77,43,34,0.558,24.7,3.6,8.1,0.45,1.6,4.2,0.374,1.1,1.2,0.884,0.8,2.9,3.7,1.6,0.9,0.9,0.3,0.3,1.5,1.0,9.9,1.3,19.5,0,0,19.2,37,75,125,234,195,215,202,316,145,164,174,274,312,79,285,209,227,290,298,175,257,323,336,334,218,164,245,284,38,233,1,113.2,111.6,1.6,0.576,0.547,0.16,0.092,0.073,0.085,100.96,2025-26
1641803,Tristen Newton,Tristen,1610612745,HOU,25.0,1,1,0,1.0,12.0,4.0,9.0,0.444,2.0,5.0,0.4,2.0,3.0,0.667,2.0,1.0,3.0,0.0,0.0,1.0,0.0,1.0,0.0,3.0,12.0,2.0,18.6,0,0,19.0,579,549,580,1,444,190,170,336,86,112,94,134,103,452,63,477,301,574,562,121,524,24,579,78,159,120,264,284,38,240,1,128.0,120.0,8.0,0.581,0.556,0.345,0.0,0.111,0.149,100.0,2025-26
1629660,Ty Jerome,Ty,1610612763,MEM,28.0,15,3,12,0.2,22.6,6.8,14.3,0.474,2.8,6.7,0.42,3.3,3.7,0.875,0.7,2.1,2.8,5.7,1.8,1.1,0.3,0.5,2.1,2.7,19.7,-3.0,33.7,0,0,33.6,465,503,419,526,230,56,53,230,23,44,58,61,72,87,300,321,326,34,100,104,303,154,188,97,48,454,63,284,38,55,1,122.2,127.2,-5.0,0.616,0.572,0.332,0.409,0.065,0.162,99.63,2025-26
1631102,TyTy Washington Jr.,TyTy,1610612746,LAC,24.0,16,8,8,0.5,5.5,0.6,1.2,0.474,0.2,0.5,0.375,0.0,0.0,0.0,0.1,0.3,0.4,1.1,0.2,0.4,0.2,0.1,0.4,0.1,1.3,-2.4,4.9,0,0,4.1,461,440,468,303,551,550,562,231,472,496,167,563,564,563,561,567,570,383,546,448,373,520,555,563,557,420,536,284,38,545,1,102.9,121.0,-18.1,0.553,0.553,0.113,0.283,0.04,0.082,96.95,2025-26
1631174,Tyler Burton,Tyler,1610612763,MEM,26.0,12,2,10,0.167,25.6,3.5,9.3,0.375,1.8,5.5,0.333,1.9,2.3,0.852,0.7,3.5,4.2,1.0,0.9,0.9,0.3,0.6,2.6,1.8,10.8,-12.1,20.1,0,0,20.3,485,526,440,544,182,224,160,513,112,83,302,144,169,128,320,145,184,394,294,153,245,138,65,193,191,576,231,284,38,214,1,102.0,124.3,-22.3,0.521,0.473,0.18,0.062,0.076,0.061,103.12,2025-26
1629639,Tyler Herro,Tyler,1610612748,MIA,26.0,33,14,19,0.424,31.3,7.5,15.6,0.48,2.5,6.7,0.378,3.0,3.3,0.917,0.4,4.4,4.8,4.1,1.9,0.7,0.4,0.6,1.9,2.6,20.5,-1.2,33.7,0,0,34.1,398,374,333,372,62,29,38,213,42,41,161,72,93,42,419,83,153,70,84,265,232,113,237,105,38,343,65,284,38,49,1,114.4,116.4,-2.0,0.602,0.561,0.248,0.199,0.071,0.122,103.33,2025-26
1642278,Tyler Kolek,Tyler,1610612752,NYK,25.0,62,39,23,0.629,11.7,1.7,4.0,0.435,0.7,1.8,0.386,0.2,0.3,0.7,0.3,1.3,1.6,2.7,0.9,0.4,0.1,0.3,1.0,0.5,4.4,1.7,10.8,2,0,10.3,201,118,275,150,449,414,403,365,333,369,132,517,523,424,502,441,470,156,302,459,502,363,454,461,427,141,422,159,38,419,1,111.7,105.7,6.0,0.533,0.524,0.173,0.328,0.064,0.101,100.53,2025-26
1641890,Tyler Smith,Tyler,1610612742,DAL,21.0,12,2,10,0.167,13.8,1.8,4.2,0.42,0.8,2.9,0.286,0.3,0.5,0.667,1.0,1.8,2.8,0.4,0.5,0.5,0.0,0.2,1.1,0.3,4.7,-1.8,9.6,0,0,9.7,485,526,440,544,411,412,395,418,306,268,428,487,481,452,193,386,333,527,444,373,524,445,448,512,411,393,447,284,38,435,1,110.6,114.7,-4.1,0.532,0.52,0.135,0.041,0.086,0.059,107.55,2025-26
1631213,Tyrese Martin,Tyrese,1610612755,PHI,27.0,46,12,34,0.261,16.9,2.4,6.0,0.394,1.2,3.6,0.321,0.4,0.6,0.679,0.7,1.8,2.5,1.7,0.9,0.5,0.1,0.2,0.7,0.5,6.3,-3.9,13.0,0,0,13.0,324,395,125,480,350,342,299,492,231,200,357,467,456,449,298,382,362,273,309,357,438,441,506,466,347,491,376,284,38,369,2,105.8,116.8,-10.9,0.501,0.489,0.178,0.163,0.074,0.077,97.87,2025-26
1630178,Tyrese Maxey,Tyrese,1610612755,PHI,25.0,70,38,32,0.543,38.0,9.9,21.4,0.462,3.1,8.6,0.367,5.3,6.0,0.892,0.3,3.8,4.1,6.6,2.4,1.9,0.8,1.0,2.2,4.1,28.3,1.6,48.6,7,0,47.4,105,128,149,262,1,5,3,270,12,10,197,21,27,68,464,129,186,22,47,10,79,24,156,38,5,150,6,72,38,5,1,115.0,113.4,1.5,0.588,0.536,0.286,0.288,0.052,0.15,100.25,2025-26
1642878,Tyrese Proctor,Tyrese,1610612739,CLE,22.0,50,33,17,0.66,10.9,1.9,4.5,0.413,0.9,2.6,0.351,0.8,0.9,0.889,0.2,1.1,1.3,1.5,0.8,0.5,0.0,0.2,1.2,0.7,5.4,-0.1,9.9,1,0,10.1,297,175,359,122,463,398,375,446,292,295,253,344,385,72,521,474,492,310,338,373,524,400,428,411,388,272,441,201,38,421,1,112.5,112.8,-0.3,0.556,0.516,0.214,0.196,0.055,0.087,100.87,2025-26
1630623,Tyson Etienne,Tyson,1610612751,BKN,26.0,24,5,19,0.208,15.8,2.4,6.0,0.4,1.8,4.5,0.398,1.3,1.5,0.833,0.2,0.9,1.1,1.7,0.7,0.5,0.0,0.2,2.0,1.1,7.9,-4.3,12.4,0,0,13.4,433,474,333,521,374,337,297,475,117,140,100,239,263,160,528,498,515,278,379,408,524,445,218,313,290,508,388,284,38,359,1,105.6,117.8,-12.2,0.588,0.548,0.198,0.17,0.036,0.071,102.0,2025-26
1626145,Tyus Jones,Tyus,1610612743,DEN,30.0,67,37,30,0.552,14.6,1.1,3.3,0.349,0.6,2.0,0.292,0.1,0.1,0.778,0.2,1.0,1.1,2.4,0.4,0.6,0.0,0.1,0.5,0.2,3.0,-1.6,9.3,0,0,8.3,147,136,172,244,400,492,441,534,371,345,423,551,555,284,542,494,513,200,494,352,515,492,554,544,493,380,456,284,38,472,3,107.5,113.6,-6.1,0.448,0.44,0.103,0.222,0.036,0.065,101.09,2025-26
1642845,VJ Edgecombe,VJ,1610612755,PHI,20.0,75,43,32,0.573,35.0,6.0,13.7,0.438,2.0,5.6,0.354,2.0,2.4,0.818,1.6,4.0,5.6,4.2,1.8,1.4,0.5,0.7,2.9,1.9,16.0,0.8,33.1,7,0,31.7,60,75,149,209,12,79,61,358,89,81,243,140,152,204,92,105,91,66,98,34,150,80,36,169,89,196,70,72,38,72,1,114.8,113.9,0.9,0.54,0.51,0.196,0.172,0.077,0.092,100.44,2025-26
1641705,Victor Wembanyama,Victor,1610612759,SAS,22.0,64,50,14,0.781,29.2,8.6,16.9,0.512,1.9,5.5,0.349,5.8,7.0,0.827,2.0,9.5,11.5,3.1,2.4,1.0,3.1,0.5,2.4,6.3,25.0,10.7,53.4,42,1,49.7,180,32,397,30,107,17,25,135,100,87,261,14,15,181,61,3,4,132,51,113,1,169,92,7,17,3,3,4,23,3,1,120.5,103.6,17.0,0.626,0.569,0.316,0.17,0.186,0.209,102.23,2025-26
1631246,Vince Williams Jr.,Vince,1610612762,UTA,25.0,40,16,24,0.4,20.5,2.6,7.3,0.353,1.4,4.4,0.311,1.0,1.3,0.78,1.0,2.9,3.9,4.2,1.8,0.7,0.4,0.3,2.0,1.3,7.5,0.2,20.0,1,0,19.2,362,348,258,384,280,320,235,530,184,144,385,304,303,279,208,215,214,67,110,247,205,346,203,268,303,239,233,201,38,235,2,108.7,108.4,0.3,0.478,0.447,0.19,0.281,0.084,0.085,102.34,2025-26
1642884,Vladislav Goldin,Vladislav,1610612748,MIA,25.0,9,5,4,0.556,2.7,0.3,0.4,0.75,0.0,0.0,0.0,0.1,0.1,1.0,0.3,0.7,1.0,0.3,0.3,0.0,0.3,0.0,0.6,0.1,0.8,0.6,3.1,0,0,2.8,507,474,509,241,580,569,581,6,517,548,517,548,558,1,467,534,526,541,503,564,245,540,536,566,573,213,565,284,38,567,1,105.2,88.9,16.3,0.788,0.75,0.101,0.136,0.164,0.105,121.19,2025-26
1630249,Vít Krejčí,Vít,1610612757,POR,26.0,65,32,33,0.492,21.4,3.0,6.6,0.448,2.0,5.0,0.39,0.6,0.8,0.745,0.5,1.8,2.3,1.5,0.6,0.7,0.3,0.2,2.1,0.8,8.5,-0.6,15.9,0,0,16.2,166,182,135,328,257,291,270,323,91,110,119,412,419,354,396,374,395,301,394,248,296,465,166,381,262,298,326,284,38,296,2,110.0,111.1,-1.1,0.609,0.597,0.142,0.099,0.05,0.068,103.2,2025-26
1631117,Walker Kessler,Walker,1610612762,UTA,24.0,5,2,3,0.4,30.8,5.2,7.4,0.703,1.2,1.6,0.75,2.8,4.0,0.7,4.6,6.2,10.8,3.0,3.2,1.4,1.8,1.0,4.4,2.4,14.4,2.8,38.3,2,0,35.8,539,526,530,384,74,120,232,10,216,395,5,77,65,424,1,24,9,138,12,39,6,24,2,124,108,95,38,159,38,42,1,118.8,114.0,4.8,0.786,0.784,0.167,0.155,0.167,0.138,98.04,2025-26
1642383,Walter Clayton Jr.,Walter,1610612763,MEM,23.0,69,17,52,0.246,20.4,2.6,6.7,0.384,1.1,3.5,0.307,1.6,1.8,0.901,0.4,1.7,2.0,4.0,1.7,0.6,0.3,0.6,1.7,1.6,7.8,-4.1,17.3,1,0,16.8,118,334,16,493,284,323,262,504,246,205,393,191,226,52,455,396,417,73,124,295,297,142,273,217,293,503,293,201,38,284,2,111.7,121.2,-9.6,0.523,0.465,0.181,0.274,0.048,0.073,103.23,2025-26
1628976,Wendell Carter Jr.,Wendell,1610612753,ORL,27.0,78,43,35,0.551,29.3,4.2,8.2,0.512,0.9,2.9,0.319,2.5,3.2,0.792,2.1,5.3,7.4,2.0,1.3,0.8,0.6,0.6,3.4,2.9,11.8,1.2,26.6,12,0,24.9,28,75,112,245,105,175,200,136,290,270,365,93,96,248,56,43,44,238,198,222,119,149,9,81,167,174,133,47,38,140,1,113.5,111.3,2.2,0.617,0.568,0.156,0.095,0.124,0.096,101.62,2025-26
1631111,Wendell Moore Jr.,Wendell,1610612765,DET,24.0,6,5,1,0.833,9.9,0.7,1.2,0.571,0.0,0.2,0.0,0.3,0.3,1.0,0.2,0.8,1.0,0.7,0.2,0.3,0.3,0.2,0.5,0.5,1.7,7.0,5.7,0,0,4.7,527,474,556,10,478,540,563,72,517,521,517,487,516,1,544,510,526,478,548,463,245,445,541,469,546,16,518,284,38,533,1,129.0,94.4,34.6,0.635,0.571,0.066,0.068,0.056,0.063,100.34,2025-26
1642954,Will Richard,Will,1610612744,GSW,23.0,69,34,35,0.493,20.0,2.3,5.0,0.468,1.0,3.1,0.335,0.7,0.8,0.852,1.0,1.5,2.5,1.3,0.8,1.2,0.1,0.2,1.9,0.9,6.4,-1.4,14.5,0,0,13.8,118,168,112,327,293,344,352,252,260,250,300,380,421,128,210,413,367,339,358,77,438,441,233,375,345,362,350,284,38,352,1,110.3,113.6,-3.3,0.596,0.571,0.123,0.094,0.061,0.063,102.86,2025-26
1642860,Will Riley,Will,1610612764,WAS,20.0,74,16,58,0.216,22.1,3.7,8.4,0.439,1.1,3.3,0.316,1.9,2.4,0.8,0.8,2.1,2.9,2.0,1.3,0.7,0.1,0.4,1.2,1.8,10.3,-6.5,18.0,2,0,17.9,70,348,4,518,244,211,193,355,255,220,374,142,150,229,281,315,320,240,202,244,450,283,416,192,203,547,276,159,38,265,1,107.3,121.4,-14.1,0.548,0.502,0.196,0.131,0.064,0.08,103.18,2025-26
1630214,Xavier Tillman,Xavier,1610612766,CHA,27.0,30,21,9,0.7,6.1,0.7,1.5,0.435,0.1,0.6,0.167,0.0,0.1,0.25,0.6,0.8,1.4,0.4,0.3,0.3,0.2,0.1,0.5,0.2,1.5,-0.8,5.0,0,0,4.4,410,292,455,84,542,540,547,368,489,487,501,562,556,560,333,515,485,524,527,478,399,500,541,542,554,312,533,284,38,539,2,104.8,109.7,-4.9,0.461,0.467,0.127,0.113,0.116,0.069,98.67,2025-26
1642905,Yang Hansen,Yang,1610612757,POR,21.0,43,24,19,0.558,7.0,0.7,2.3,0.31,0.1,1.0,0.119,0.7,0.8,0.824,0.5,1.1,1.5,0.5,0.7,0.1,0.2,0.3,1.0,0.9,2.2,-2.3,5.0,0,0,5.0,342,252,333,236,528,533,507,559,486,461,511,391,416,190,402,472,475,509,363,561,335,364,462,367,525,416,532,284,38,527,1,95.1,110.2,-15.1,0.413,0.335,0.196,0.111,0.102,0.027,104.76,2025-26
1642949,Yanic Konan Niederhäuser,Yanic Konan,1610612746,LAC,23.0,41,22,19,0.537,10.3,1.6,2.4,0.64,0.0,0.1,0.2,1.1,1.5,0.758,0.9,2.0,2.9,0.3,0.6,0.1,0.7,0.2,1.6,1.1,4.3,0.9,10.2,0,0,9.2,356,277,333,268,471,436,499,31,507,527,488,257,262,326,223,345,321,553,419,548,91,385,309,321,437,185,436,284,38,452,1,113.9,109.4,4.5,0.691,0.645,0.153,0.041,0.14,0.098,98.96,2025-26
1642530,Yuki Kawamura,Yuki,1610612741,CHI,25.0,18,6,12,0.333,11.6,0.9,2.9,0.327,0.6,2.1,0.297,0.9,1.1,0.895,0.4,1.4,1.8,2.6,0.8,0.5,0.0,0.1,0.8,1.1,3.4,-0.2,10.3,0,0,9.5,456,461,419,419,452,511,467,550,361,340,412,310,350,62,442,419,439,171,352,373,524,496,494,329,471,274,432,284,38,439,1,111.7,114.0,-2.3,0.514,0.433,0.133,0.266,0.074,0.082,107.59,2025-26
1642274,Yves Missi,Yves,1610612740,NOP,22.0,66,19,47,0.288,19.7,2.4,4.5,0.544,0.0,0.0,0.0,0.9,1.5,0.559,2.8,3.1,5.8,1.3,0.8,0.3,1.5,0.4,1.7,1.2,5.7,-0.6,19.3,5,0,16.5,157,316,32,453,302,336,380,92,517,546,517,327,253,517,27,191,79,350,329,476,15,247,277,294,373,302,248,96,38,291,1,112.7,114.1,-1.3,0.556,0.544,0.122,0.087,0.137,0.087,100.7,2025-26
1642258,Zaccharie Risacher,Zaccharie,1610612737,ATL,21.0,67,39,28,0.582,22.4,3.6,8.0,0.455,1.4,3.9,0.368,0.9,1.3,0.644,1.1,2.8,3.8,1.1,0.9,0.9,0.5,0.4,2.2,1.1,9.6,-0.2,19.3,0,0,18.8,147,118,205,198,235,214,206,296,177,181,193,326,289,480,180,228,218,375,311,177,138,210,146,315,224,282,249,284,38,246,1,112.8,112.6,0.2,0.557,0.544,0.168,0.068,0.081,0.07,105.34,2025-26
1628380,Zach Collins,Zach,1610612741,CHI,28.0,10,6,4,0.6,18.4,3.7,6.4,0.578,0.9,2.1,0.429,1.4,2.0,0.7,1.6,4.0,5.6,1.5,1.0,0.2,0.4,0.2,1.8,1.9,9.7,1.8,19.5,1,0,18.9,500,461,509,174,322,205,285,67,295,334,45,209,189,424,95,107,94,303,257,521,205,415,260,174,222,132,244,201,38,242,1,115.0,111.6,3.4,0.666,0.648,0.177,0.114,0.143,0.123,104.24,2025-26
1641744,Zach Edey,Zach,1610612763,MEM,24.0,11,7,4,0.636,25.8,5.6,8.9,0.633,0.1,0.5,0.2,2.3,2.9,0.781,3.9,7.2,11.1,1.1,2.4,0.6,1.9,0.5,3.4,3.4,13.6,10.3,33.9,5,0,31.0,492,452,509,143,174,94,174,35,492,502,488,108,114,277,7,13,7,377,55,296,3,150,12,64,126,4,61,96,38,78,1,112.8,94.5,18.3,0.669,0.638,0.2,0.061,0.198,0.157,101.72,2025-26
203897,Zach LaVine,Zach,1610612758,SAC,31.0,39,9,30,0.231,31.4,6.7,14.0,0.479,2.5,6.5,0.39,3.2,3.6,0.88,0.2,2.6,2.8,2.3,1.9,0.7,0.3,0.6,2.1,2.5,19.2,-7.9,27.0,0,0,28.7,368,432,172,507,59,58,56,216,44,48,121,66,75,81,530,253,329,206,88,255,312,111,185,119,53,566,128,284,38,103,1,109.3,121.9,-12.6,0.614,0.569,0.234,0.111,0.044,0.096,100.47,2025-26
1630192,Zeke Nnaji,Zeke,1610612743,DEN,25.0,52,38,14,0.731,12.0,1.4,2.9,0.47,0.3,1.0,0.259,0.7,0.8,0.773,0.6,2.0,2.6,0.6,0.5,0.3,0.5,0.3,1.4,0.8,3.7,-2.1,9.5,2,0,8.7,286,128,397,66,442,459,466,246,453,453,452,389,397,297,332,341,348,496,438,470,174,308,376,402,465,407,451,159,38,463,1,107.1,113.7,-6.6,0.558,0.517,0.136,0.069,0.103,0.07,99.34,2025-26
1630533,Ziaire Williams,Ziaire,1610612751,BKN,24.0,56,13,43,0.232,22.9,3.3,7.7,0.425,1.5,4.5,0.343,2.1,2.5,0.85,0.5,1.9,2.4,1.1,1.1,1.4,0.4,0.4,2.1,2.1,10.2,-5.0,18.9,0,0,18.7,247,384,51,505,224,245,215,400,149,141,279,121,136,132,366,356,380,380,248,46,227,277,187,155,205,526,255,284,38,247,1,103.1,113.2,-10.1,0.579,0.524,0.179,0.076,0.052,0.079,100.4,2025-26
1629627,Zion Williamson,Zion,1610612740,NOP,25.0,62,22,40,0.355,29.7,7.8,13.0,0.6,0.0,0.1,0.25,5.4,7.5,0.716,2.0,3.7,5.7,3.2,2.0,1.0,0.5,1.3,2.3,5.2,21.0,-1.3,35.2,6,0,33.0,201,277,69,407,96,28,77,56,513,538,458,19,10,398,62,138,87,126,79,137,136,3,128,15,33,357,52,84,38,64,1,113.0,114.9,-1.9,0.644,0.6,0.25,0.174,0.09,0.141,103.58,2025-26
1642389,Zyon Pullin,Zyon,1610612750,MIN,25.0,5,4,1,0.8,8.5,1.8,2.6,0.692,0.2,0.6,0.333,0.8,0.8,1.0,0.2,0.4,0.6,1.8,0.6,0.2,0.0,0.4,1.2,0.4,4.6,1.2,8.0,0,0,7.6,539,487,556,20,507,408,484,13,466,487,302,344,409,1,531,561,560,262,403,521,524,237,421,500,412,172,487,284,38,483,1,121.4,118.9,2.5,0.779,0.731,0.167,0.281,0.033,0.11,108.77,2025-26
