YEAR,PLAYER,TEAM,AGE,FG_PCT,FG3_PCT,FT_PCT,PPG,RPG,APG,SPG,TOPG,OFF_RATING,DEF_RATING,NET_RATING,TS_PCT,EFG_PCT,USG_PCT,AST_PCT,REB_PCT,PIE,PACE
2024-25,A.J. Lawson,TOR,24.0,0.421,0.327,0.683,9.1,3.3,1.2,0.5,0.6,109.7,111.1,-1.4,0.542,0.508,0.189,0.093,0.08,0.082,103.71
2024-25,AJ Green,MIL,25.0,0.429,0.427,0.815,7.4,2.4,1.5,0.5,0.5,114.0,107.6,6.4,0.621,0.612,0.123,0.086,0.051,0.058,100.84
2024-25,AJ Johnson,WAS,20.0,0.385,0.267,0.865,7.6,2.0,2.6,0.4,1.2,104.1,115.6,-11.5,0.48,0.441,0.173,0.178,0.042,0.053,100.83
2024-25,Aaron Gordon,DEN,29.0,0.531,0.436,0.81,14.7,4.8,3.2,0.5,1.4,122.5,113.0,9.5,0.65,0.607,0.186,0.143,0.086,0.104,101.64
2024-25,Aaron Holiday,HOU,28.0,0.437,0.398,0.829,5.5,1.3,1.3,0.3,0.6,110.3,103.6,6.7,0.594,0.571,0.162,0.142,0.044,0.082,103.09
2024-25,Aaron Nesmith,IND,25.0,0.507,0.431,0.913,12.0,4.0,1.2,0.8,0.8,120.1,111.5,8.5,0.653,0.617,0.171,0.063,0.078,0.087,101.64
2024-25,Aaron Wiggins,OKC,26.0,0.488,0.383,0.831,12.0,3.9,1.8,0.8,0.9,120.7,106.6,14.2,0.596,0.577,0.2,0.102,0.081,0.105,101.91
2024-25,Adam Flagler,OKC,25.0,0.26,0.194,0.5,1.8,0.7,0.3,0.2,0.1,99.1,96.7,2.3,0.335,0.333,0.207,0.094,0.057,0.025,100.16
2024-25,Adama Sanogo,CHI,23.0,0.571,0.0,0.0,2.0,1.5,0.3,0.0,0.3,104.2,122.2,-18.1,0.571,0.571,0.145,0.067,0.143,0.078,103.82
2024-25,Adem Bona,PHI,22.0,0.703,0.0,0.67,5.8,4.2,0.5,0.4,1.1,107.4,114.0,-6.6,0.714,0.703,0.135,0.043,0.13,0.093,100.51
2024-25,Ajay Mitchell,OKC,23.0,0.495,0.383,0.829,6.5,1.9,1.8,0.7,0.8,110.0,100.2,9.7,0.587,0.557,0.159,0.153,0.053,0.082,100.63
2024-25,Al Horford,BOS,39.0,0.423,0.363,0.895,9.0,6.2,2.1,0.6,0.8,119.6,108.1,11.5,0.563,0.547,0.136,0.102,0.106,0.091,97.75
2024-25,Alec Burks,MIA,33.0,0.424,0.425,0.776,7.3,2.5,1.1,0.6,0.6,113.5,107.6,5.9,0.608,0.587,0.16,0.09,0.07,0.088,98.03
2024-25,Alex Caruso,OKC,31.0,0.446,0.353,0.824,7.1,2.9,2.5,1.6,0.7,117.5,102.5,15.0,0.568,0.541,0.147,0.171,0.072,0.101,102.7
2024-25,Alex Ducas,OKC,24.0,0.4,0.476,1.0,1.7,1.2,0.2,0.2,0.2,99.6,106.3,-6.7,0.583,0.567,0.115,0.058,0.088,0.065,102.63
2024-25,Alex Len,LAL,32.0,0.508,0.222,0.471,1.6,2.1,0.8,0.2,0.4,101.4,118.9,-17.5,0.525,0.524,0.101,0.143,0.118,0.057,101.55
2024-25,Alex Reese,PHI,26.0,0.481,0.366,0.75,5.1,3.1,0.3,0.7,0.4,117.3,111.8,5.5,0.641,0.62,0.123,0.023,0.103,0.079,104.64
2024-25,Alex Sarr,WAS,20.0,0.394,0.308,0.679,13.0,6.5,2.4,0.7,1.7,102.7,116.4,-13.7,0.482,0.457,0.23,0.139,0.108,0.084,104.3
2024-25,Alondes Williams,LAC,26.0,1.0,1.0,0.0,5.0,0.0,1.0,0.0,0.0,171.4,85.7,85.7,1.25,1.25,0.286,0.333,0.0,0.4,90.4
2024-25,Alperen Sengun,HOU,22.0,0.496,0.233,0.692,19.1,10.3,4.9,1.1,2.6,114.9,107.4,7.6,0.545,0.505,0.259,0.238,0.153,0.153,99.47
2024-25,Amen Thompson,HOU,22.0,0.557,0.275,0.684,14.1,8.2,3.8,1.4,2.0,114.2,107.9,6.3,0.602,0.575,0.172,0.167,0.118,0.129,100.0
2024-25,Amir Coffey,LAC,28.0,0.471,0.409,0.891,9.7,2.2,1.1,0.6,0.6,109.1,110.6,-1.4,0.614,0.57,0.15,0.065,0.046,0.072,99.23
2024-25,Andre Drummond,PHI,31.0,0.5,0.15,0.622,7.3,7.8,0.9,1.0,1.4,103.4,118.9,-15.5,0.535,0.506,0.183,0.07,0.205,0.109,98.83
2024-25,Andre Jackson Jr.,MIL,23.0,0.477,0.395,0.5,3.4,2.7,1.2,0.5,0.9,110.6,112.1,-1.5,0.554,0.553,0.115,0.109,0.091,0.051,101.48
2024-25,Andrew Nembhard,IND,25.0,0.458,0.291,0.794,10.0,3.3,5.0,1.2,1.7,115.5,110.2,5.3,0.545,0.506,0.163,0.225,0.057,0.081,101.31
2024-25,Andrew Wiggins,MIA,30.0,0.448,0.374,0.763,18.0,4.5,2.6,1.0,1.7,109.4,111.7,-2.3,0.566,0.526,0.238,0.137,0.069,0.105,99.96
2024-25,Anfernee Simons,POR,26.0,0.426,0.363,0.902,19.3,2.7,4.8,0.9,2.0,108.8,113.4,-4.6,0.557,0.521,0.241,0.241,0.039,0.106,99.72
2024-25,Anthony Black,ORL,21.0,0.423,0.318,0.761,9.4,2.9,3.1,1.1,1.8,106.2,107.1,-0.9,0.521,0.473,0.19,0.201,0.061,0.084,97.83
2024-25,Anthony Davis,DAL,32.0,0.516,0.282,0.775,24.7,11.6,3.5,1.2,2.2,113.3,112.9,0.5,0.588,0.536,0.301,0.182,0.173,0.179,98.83
2024-25,Anthony Edwards,MIN,23.0,0.447,0.395,0.837,27.6,5.7,4.5,1.2,3.2,116.2,111.4,4.8,0.595,0.547,0.307,0.209,0.077,0.14,98.27
2024-25,Anthony Gill,WAS,32.0,0.489,0.323,0.66,2.5,1.3,0.3,0.2,0.2,101.9,109.7,-7.8,0.586,0.545,0.124,0.059,0.077,0.071,101.23
2024-25,Anton Watson,NYK,24.0,0.444,0.0,0.0,0.9,0.3,0.2,0.1,0.2,103.9,119.2,-15.3,0.444,0.444,0.193,0.125,0.081,0.033,111.52
2024-25,Antonio Reeves,NOP,24.0,0.456,0.395,0.8,6.9,1.4,0.9,0.5,0.7,107.3,117.5,-10.2,0.579,0.558,0.183,0.089,0.047,0.072,101.12
2024-25,Ariel Hukporti,NYK,23.0,0.677,0.0,0.462,1.9,2.0,0.4,0.0,0.8,97.6,110.1,-12.4,0.654,0.677,0.113,0.075,0.112,0.048,102.57
2024-25,Armel Traore,LAL,22.0,0.316,0.0,0.286,1.6,1.7,0.1,0.4,0.3,81.9,119.3,-37.3,0.317,0.316,0.153,0.026,0.111,0.027,102.24
2024-25,Ausar Thompson,DET,22.0,0.535,0.224,0.641,10.1,5.1,2.3,1.7,1.4,113.1,109.2,4.0,0.568,0.547,0.185,0.139,0.11,0.104,102.76
2024-25,Austin Reaves,LAL,27.0,0.46,0.377,0.877,20.2,4.5,5.8,1.1,2.4,117.1,113.3,3.8,0.616,0.556,0.23,0.241,0.065,0.118,99.86
2024-25,Ayo Dosunmu,CHI,25.0,0.492,0.328,0.785,12.3,3.5,4.5,0.9,1.5,110.1,117.8,-7.7,0.585,0.561,0.163,0.21,0.054,0.084,104.63
2024-25,Bam Adebayo,MIA,27.0,0.485,0.357,0.765,18.1,9.6,4.3,1.3,2.1,110.9,110.8,0.1,0.561,0.521,0.232,0.204,0.141,0.137,97.02
2024-25,Baylor Scheierman,BOS,24.0,0.355,0.317,0.75,3.6,2.1,1.1,0.5,0.4,109.9,105.8,4.1,0.49,0.473,0.143,0.12,0.083,0.074,95.28
2024-25,Ben Sheppard,IND,23.0,0.418,0.342,0.889,5.3,2.8,1.3,0.6,0.3,111.2,113.4,-2.2,0.555,0.537,0.108,0.087,0.07,0.055,102.92
2024-25,Ben Simmons,LAC,28.0,0.52,0.0,0.727,5.0,4.7,5.6,0.7,2.0,111.7,113.5,-1.8,0.539,0.52,0.133,0.358,0.113,0.103,98.17
2024-25,Bennedict Mathurin,IND,23.0,0.458,0.34,0.831,16.1,5.3,1.9,0.7,1.9,113.8,112.2,1.6,0.579,0.516,0.222,0.09,0.088,0.092,101.52
2024-25,Bilal Coulibaly,WAS,20.0,0.421,0.281,0.746,12.3,5.0,3.4,1.3,2.1,104.5,118.3,-13.8,0.515,0.472,0.175,0.15,0.07,0.07,103.22
2024-25,Bismack Biyombo,SAS,32.0,0.588,0.0,0.4,5.1,5.6,1.1,0.6,1.0,108.7,117.9,-9.2,0.576,0.588,0.124,0.079,0.144,0.08,100.23
2024-25,Blake Wesley,SAS,22.0,0.435,0.293,0.623,3.7,1.1,2.0,0.6,0.9,110.2,109.7,0.5,0.51,0.481,0.165,0.225,0.044,0.066,101.92
2024-25,Bobby Portis Jr.,MIL,30.0,0.466,0.365,0.836,13.9,8.4,2.1,0.7,1.2,114.1,110.8,3.4,0.542,0.52,0.234,0.126,0.156,0.131,101.2
2024-25,Bobi Klintman,DET,22.0,0.6,0.4,0.5,1.9,0.9,0.9,0.3,0.1,121.4,117.2,4.2,0.689,0.7,0.121,0.212,0.095,0.095,96.83
2024-25,Bogdan Bogdanović,LAC,32.0,0.427,0.363,0.879,10.8,2.9,2.7,0.8,1.4,112.7,110.0,2.7,0.559,0.534,0.183,0.152,0.057,0.074,101.35
2024-25,Bol Bol,PHX,25.0,0.525,0.344,0.769,6.8,2.9,0.6,0.3,0.6,112.1,115.9,-3.9,0.627,0.612,0.204,0.071,0.113,0.114,102.75
2024-25,Bones Hyland,MIN,24.0,0.398,0.39,0.885,6.2,1.0,1.3,0.8,1.0,102.0,108.1,-6.1,0.576,0.534,0.274,0.246,0.051,0.108,98.61
2024-25,Bradley Beal,PHX,32.0,0.497,0.386,0.803,17.0,3.3,3.7,1.1,1.9,110.6,118.6,-8.0,0.598,0.571,0.219,0.177,0.054,0.093,100.02
2024-25,Branden Carlson,OKC,26.0,0.443,0.333,0.778,3.8,1.7,0.4,0.2,0.2,115.1,105.8,9.4,0.581,0.557,0.185,0.077,0.099,0.101,103.83
2024-25,Brandin Podziemski,GSW,22.0,0.445,0.372,0.758,11.7,5.1,3.4,1.1,1.2,111.6,105.1,6.6,0.557,0.537,0.177,0.194,0.089,0.114,100.36
2024-25,Brandon Boston Jr.,NOP,23.0,0.436,0.35,0.788,10.7,3.2,2.2,1.3,1.2,108.6,114.8,-6.2,0.535,0.5,0.199,0.14,0.065,0.085,99.87
2024-25,Brandon Clarke,MEM,28.0,0.621,0.059,0.701,8.3,5.1,1.0,0.8,0.6,116.5,108.2,8.2,0.638,0.622,0.15,0.072,0.126,0.108,105.54
2024-25,Brandon Ingram,TOR,27.0,0.465,0.374,0.855,22.2,5.6,5.2,0.9,3.8,107.0,117.7,-10.7,0.56,0.53,0.305,0.28,0.083,0.122,97.49
2024-25,Brandon Miller,CHA,22.0,0.403,0.355,0.861,21.0,4.9,3.6,1.1,2.8,106.9,113.8,-6.8,0.54,0.509,0.27,0.182,0.068,0.1,98.77
2024-25,Brandon Williams,DAL,25.0,0.521,0.4,0.833,8.3,1.8,2.3,0.7,1.2,109.5,108.8,0.7,0.634,0.585,0.218,0.228,0.059,0.119,104.74
2024-25,Braxton Key,GSW,28.0,0.0,0.0,0.5,1.0,0.7,0.0,0.7,0.3,90.0,120.7,-30.7,0.226,0.0,0.222,0.0,0.105,-0.026,130.81
2024-25,Brice Sensabaugh,UTA,21.0,0.459,0.422,0.89,10.9,3.0,1.5,0.6,1.5,109.9,119.5,-9.6,0.612,0.59,0.208,0.117,0.069,0.087,103.21
2024-25,Bronny James,LAL,20.0,0.313,0.281,0.786,2.3,0.7,0.8,0.3,0.5,95.5,114.1,-18.6,0.424,0.381,0.199,0.191,0.048,0.05,99.45
2024-25,Brook Lopez,MIL,37.0,0.509,0.373,0.826,13.0,5.0,1.8,0.6,1.1,114.8,112.7,2.2,0.624,0.599,0.157,0.078,0.078,0.087,100.24
2024-25,Bruce Brown,NOP,28.0,0.421,0.333,0.815,8.3,4.0,2.0,0.8,1.0,104.8,116.8,-11.9,0.504,0.464,0.169,0.133,0.085,0.078,100.19
2024-25,Bruno Fernando,TOR,26.0,0.531,0.0,0.75,3.4,3.0,1.1,0.2,0.8,103.9,110.1,-6.1,0.552,0.531,0.182,0.194,0.165,0.1,100.37
2024-25,Bryce McGowens,POR,22.0,0.286,0.0,0.833,1.0,0.2,0.2,0.1,0.3,89.9,97.1,-7.2,0.391,0.286,0.244,0.105,0.046,0.0,102.7
2024-25,Bub Carrington,WAS,19.0,0.401,0.339,0.812,9.8,4.2,4.4,0.7,1.7,102.8,118.0,-15.2,0.514,0.493,0.154,0.213,0.064,0.071,103.06
2024-25,Buddy Hield,GSW,32.0,0.417,0.37,0.828,11.1,3.2,1.6,0.8,1.1,112.3,110.1,2.2,0.56,0.546,0.196,0.106,0.066,0.085,100.82
2024-25,CJ McCollum,NOP,33.0,0.444,0.373,0.717,21.1,3.8,4.1,0.8,1.9,112.3,119.4,-7.1,0.55,0.53,0.266,0.192,0.056,0.097,101.56
2024-25,Cade Cunningham,DET,23.0,0.469,0.356,0.846,26.1,6.1,9.1,1.0,4.4,115.0,112.2,2.8,0.565,0.521,0.323,0.409,0.086,0.152,101.57
2024-25,Caleb Houstan,ORL,22.0,0.421,0.4,0.882,4.1,1.3,0.6,0.4,0.2,104.2,108.2,-4.1,0.605,0.589,0.115,0.066,0.047,0.061,96.82
2024-25,Caleb Martin,DAL,29.0,0.424,0.359,0.622,7.9,3.9,2.1,1.0,1.2,106.5,112.8,-6.3,0.513,0.485,0.143,0.116,0.073,0.063,98.64
2024-25,Cam Christie,LAC,19.0,0.292,0.154,0.5,1.4,0.9,0.5,0.4,0.2,97.6,105.6,-7.9,0.349,0.333,0.192,0.167,0.098,0.07,103.12
2024-25,Cam Reddish,LAL,25.0,0.404,0.277,0.615,3.2,2.0,0.7,1.0,0.4,107.6,115.9,-8.4,0.498,0.473,0.084,0.049,0.056,0.04,100.53
2024-25,Cam Spencer,MEM,25.0,0.415,0.365,1.0,4.2,1.2,1.4,0.4,0.2,116.4,109.6,6.8,0.587,0.53,0.148,0.182,0.056,0.087,103.04
2024-25,Cam Thomas,BKN,23.0,0.438,0.349,0.881,24.0,3.3,3.8,0.6,2.5,114.9,120.6,-5.7,0.575,0.513,0.328,0.217,0.054,0.122,96.1
2024-25,Cam Whitmore,HOU,20.0,0.444,0.355,0.75,9.4,3.0,1.0,0.6,0.9,113.4,112.3,1.1,0.549,0.525,0.231,0.09,0.086,0.108,100.93
2024-25,Cameron Johnson,BKN,29.0,0.475,0.39,0.893,18.8,4.3,3.4,0.9,1.7,110.9,116.7,-5.8,0.632,0.582,0.224,0.179,0.07,0.124,97.41
2024-25,Cameron Payne,NYK,30.0,0.401,0.363,0.907,6.9,1.4,2.8,0.5,0.7,116.6,107.5,9.1,0.532,0.506,0.2,0.251,0.047,0.089,100.23
2024-25,Caris LeVert,ATL,30.0,0.467,0.373,0.71,12.1,3.2,3.4,0.9,1.2,120.5,113.4,7.2,0.582,0.556,0.191,0.178,0.062,0.094,103.21
2024-25,Cason Wallace,OKC,21.0,0.474,0.356,0.811,8.4,3.4,2.5,1.8,0.9,117.2,107.1,10.1,0.562,0.55,0.124,0.117,0.057,0.075,101.87
2024-25,Charles Bassey,SAS,24.0,0.581,0.0,0.636,4.4,4.2,0.5,0.4,0.6,101.6,117.5,-15.9,0.597,0.581,0.164,0.072,0.185,0.113,105.46
2024-25,Chet Holmgren,OKC,23.0,0.49,0.379,0.754,15.0,8.0,2.0,0.7,1.8,121.7,105.6,16.1,0.599,0.554,0.214,0.091,0.136,0.122,103.83
2024-25,Chris Boucher,TOR,32.0,0.492,0.363,0.782,10.0,4.5,0.7,0.5,0.6,113.3,113.5,-0.2,0.615,0.586,0.208,0.057,0.125,0.126,99.28
2024-25,Chris Duarte,CHI,28.0,0.462,0.4,0.75,2.1,1.2,0.5,0.0,0.1,105.2,102.4,2.8,0.61,0.577,0.151,0.173,0.115,0.127,108.61
2024-25,Chris Livingston,MIL,21.0,0.333,0.0,0.75,1.4,1.7,0.2,0.2,0.3,89.6,102.2,-12.6,0.441,0.333,0.15,0.078,0.148,0.099,104.34
2024-25,Chris Paul,SAS,40.0,0.427,0.377,0.924,8.8,3.6,7.4,1.3,1.6,114.2,115.0,-0.8,0.58,0.547,0.137,0.342,0.062,0.102,100.48
2024-25,Christian Braun,DEN,24.0,0.58,0.397,0.827,15.4,5.2,2.6,1.1,1.0,122.7,114.5,8.2,0.665,0.634,0.155,0.096,0.077,0.096,101.04
2024-25,Christian Koloko,LAL,25.0,0.606,0.0,0.714,2.4,2.5,0.4,0.2,0.3,104.7,106.0,-1.3,0.624,0.606,0.104,0.068,0.129,0.082,101.19
2024-25,Chuma Okeke,CLE,26.0,0.5,0.393,0.667,5.9,5.2,1.7,0.6,0.3,115.8,122.1,-6.3,0.641,0.638,0.093,0.101,0.118,0.089,99.08
2024-25,Clint Capela,ATL,31.0,0.559,0.0,0.536,8.9,8.5,1.1,0.6,0.9,108.7,111.5,-2.7,0.564,0.559,0.16,0.073,0.183,0.117,105.23
2024-25,Coby White,CHI,25.0,0.453,0.37,0.902,20.4,3.7,4.5,0.9,2.4,111.5,113.9,-2.5,0.601,0.55,0.237,0.197,0.053,0.103,105.37
2024-25,Cody Martin,PHX,29.0,0.418,0.285,0.705,6.8,4.2,2.0,1.1,1.0,108.1,111.3,-3.2,0.509,0.485,0.142,0.128,0.088,0.08,101.2
2024-25,Cody Williams,UTA,20.0,0.323,0.259,0.725,4.6,2.3,1.2,0.5,0.9,103.0,118.5,-15.5,0.419,0.391,0.122,0.078,0.049,0.021,103.19
2024-25,Colby Jones,WAS,23.0,0.457,0.327,0.657,4.0,2.2,1.1,0.7,0.6,104.4,114.8,-10.4,0.544,0.519,0.138,0.123,0.08,0.078,99.47
2024-25,Cole Anthony,MEM,25.0,0.424,0.353,0.823,9.4,3.0,2.9,0.7,1.5,107.7,109.0,-1.2,0.531,0.494,0.238,0.253,0.08,0.105,97.7
2024-25,Cole Swider,IND,26.0,0.349,0.319,0.0,5.9,2.7,0.3,0.4,0.4,114.2,100.5,13.7,0.465,0.468,0.155,0.022,0.072,0.046,104.92
2024-25,Colin Castleton,TOR,25.0,0.469,0.125,0.763,4.7,4.7,1.1,0.3,0.9,106.1,108.2,-2.1,0.536,0.48,0.125,0.092,0.123,0.074,102.22
2024-25,Collin Gillespie,PHX,26.0,0.43,0.433,0.864,5.9,2.4,2.4,0.6,0.5,115.6,118.4,-2.8,0.578,0.554,0.17,0.235,0.086,0.105,98.66
2024-25,Collin Sexton,UTA,26.0,0.48,0.406,0.865,18.4,2.7,4.2,0.7,2.5,110.4,117.9,-7.5,0.593,0.543,0.264,0.246,0.047,0.106,101.38
2024-25,Corey Kispert,WAS,26.0,0.451,0.364,0.852,11.6,3.0,1.7,0.4,1.0,108.7,117.1,-8.5,0.584,0.558,0.169,0.094,0.053,0.074,102.68
2024-25,Cory Joseph,ORL,33.0,0.403,0.364,0.778,3.5,1.5,1.4,0.5,0.4,110.5,106.9,3.6,0.547,0.529,0.126,0.166,0.06,0.075,98.59
2024-25,Craig Porter Jr.,CLE,25.0,0.514,0.438,0.719,3.7,1.3,1.4,0.3,0.7,108.3,113.5,-5.2,0.61,0.589,0.155,0.191,0.063,0.091,100.91
2024-25,Cui Cui,BKN,22.0,0.143,0.0,0.5,0.6,0.4,0.0,0.0,0.0,80.8,76.0,4.8,0.19,0.143,0.296,0.0,0.095,-0.056,118.62
2024-25,D'Angelo Russell,BKN,29.0,0.39,0.314,0.834,12.6,2.8,5.1,1.0,1.9,110.1,111.6,-1.5,0.522,0.479,0.228,0.302,0.053,0.098,99.59
2024-25,D.J. Carton,TOR,24.0,0.143,0.0,1.0,0.8,1.0,0.8,0.5,1.0,109.0,96.1,12.9,0.202,0.143,0.122,0.1,0.055,0.007,110.7
2024-25,DaQuan Jeffries,CHA,27.0,0.405,0.335,0.8,6.7,2.9,1.1,0.6,0.7,106.6,118.2,-11.6,0.518,0.5,0.136,0.073,0.06,0.046,98.04
2024-25,Daeqwon Plowden,ATL,26.0,0.64,0.529,1.0,7.2,1.8,0.3,0.0,0.7,104.0,84.2,19.8,0.831,0.82,0.181,0.047,0.076,0.122,101.64
2024-25,Daishen Nix,MIN,23.0,0.0,0.0,0.5,0.3,1.3,1.0,0.0,1.3,103.2,79.3,23.9,0.266,0.0,0.176,0.231,0.211,0.024,108.82
2024-25,Dalano Banton,POR,25.0,0.391,0.324,0.728,8.3,2.0,2.4,0.6,1.3,110.2,111.8,-1.5,0.497,0.462,0.237,0.213,0.056,0.089,101.21
2024-25,Dalen Terry,CHI,22.0,0.448,0.356,0.71,4.5,1.7,1.3,0.6,0.7,104.0,111.6,-7.6,0.546,0.517,0.142,0.136,0.057,0.056,106.51
2024-25,Dalton Knecht,LAL,24.0,0.461,0.376,0.762,9.1,2.8,0.8,0.3,0.5,112.2,114.9,-2.8,0.594,0.576,0.181,0.067,0.073,0.087,98.26
2024-25,Damian Lillard,MIL,34.0,0.448,0.376,0.921,24.9,4.7,7.1,1.2,2.8,115.3,114.6,0.7,0.621,0.547,0.269,0.299,0.063,0.144,100.86
2024-25,Damion Baugh,CHA,24.0,0.323,0.214,0.867,7.3,3.3,3.7,1.0,2.1,99.5,121.8,-22.3,0.399,0.369,0.186,0.235,0.064,0.051,99.5
2024-25,Damion Lee,PHX,32.0,0.365,0.243,0.952,3.3,0.8,0.4,0.2,0.4,104.7,98.7,6.0,0.499,0.426,0.269,0.121,0.064,0.089,104.99
2024-25,Daniel Gafford,DAL,26.0,0.702,0.0,0.689,12.3,6.8,1.4,0.4,1.2,114.9,113.4,1.5,0.716,0.702,0.186,0.097,0.149,0.141,101.73
2024-25,Daniel Theis,NOP,33.0,0.473,0.243,0.838,4.3,4.3,1.6,0.5,0.7,109.3,115.2,-5.9,0.558,0.508,0.111,0.131,0.122,0.081,102.26
2024-25,Daniss Jenkins,DET,23.0,0.3,0.143,0.0,1.0,0.3,0.4,0.0,0.1,102.3,108.2,-5.8,0.322,0.35,0.231,0.2,0.054,0.0,97.06
2024-25,Dante Exum,DAL,29.0,0.478,0.434,0.742,8.7,1.7,2.8,0.6,1.1,109.3,115.2,-6.0,0.589,0.563,0.193,0.22,0.042,0.083,101.4
2024-25,Dario Saric,DEN,31.0,0.362,0.269,0.7,3.5,3.1,1.4,0.4,0.9,97.3,108.7,-11.5,0.449,0.422,0.157,0.17,0.107,0.067,99.59
2024-25,Dariq Whitehead,BKN,20.0,0.406,0.446,0.6,5.7,1.5,0.6,0.3,0.8,98.7,109.7,-11.1,0.58,0.578,0.189,0.078,0.056,0.065,103.67
2024-25,Darius Garland,CLE,25.0,0.472,0.401,0.878,20.6,2.9,6.7,1.2,2.5,123.2,113.4,9.9,0.6,0.562,0.265,0.309,0.045,0.126,101.32
2024-25,David Duke Jr.,SAS,25.0,0.429,0.5,0.5,2.7,0.8,0.7,0.2,0.3,128.4,91.8,36.6,0.538,0.536,0.207,0.133,0.07,0.087,104.64
2024-25,David Roddy,HOU,24.0,0.456,0.311,0.769,4.6,2.5,1.1,0.4,0.7,106.4,114.6,-8.2,0.561,0.532,0.159,0.121,0.101,0.089,104.43
2024-25,Davion Mitchell,MIA,26.0,0.468,0.398,0.69,7.9,2.3,4.9,1.0,1.7,111.0,110.7,0.3,0.573,0.557,0.135,0.237,0.041,0.069,98.76
2024-25,Day'Ron Sharpe,BKN,23.0,0.521,0.244,0.757,7.9,6.6,1.8,0.8,1.3,109.2,107.1,2.1,0.568,0.538,0.186,0.158,0.174,0.134,97.35
2024-25,De'Aaron Fox,SAS,27.0,0.463,0.31,0.827,23.5,4.8,6.3,1.5,2.8,113.7,114.9,-1.2,0.56,0.514,0.274,0.262,0.064,0.119,102.22
2024-25,De'Andre Hunter,CLE,27.0,0.47,0.405,0.846,17.0,4.0,1.4,0.8,1.3,115.9,113.9,2.0,0.623,0.573,0.221,0.077,0.071,0.101,104.77
2024-25,De'Anthony Melton,BKN,27.0,0.407,0.371,0.625,10.3,3.3,2.8,1.2,1.7,108.3,97.4,10.9,0.539,0.528,0.223,0.205,0.075,0.091,105.54
2024-25,DeAndre Jordan,DEN,36.0,0.65,0.0,0.422,3.7,5.1,0.9,0.3,0.7,108.8,112.1,-3.3,0.621,0.65,0.126,0.105,0.194,0.115,100.07
2024-25,DeMar DeRozan,SAC,35.0,0.477,0.328,0.857,22.2,3.9,4.4,0.8,1.4,116.8,115.3,1.5,0.569,0.509,0.244,0.182,0.054,0.112,99.35
2024-25,Dean Wade,CLE,28.0,0.413,0.36,0.533,5.4,4.2,1.3,0.7,0.4,120.0,109.4,10.7,0.563,0.561,0.101,0.073,0.097,0.067,101.1
2024-25,Deandre Ayton,POR,26.0,0.566,0.188,0.667,14.4,10.2,1.6,0.8,1.7,110.0,116.8,-6.9,0.583,0.573,0.197,0.083,0.168,0.125,98.94
2024-25,Dejounte Murray,NOP,28.0,0.393,0.299,0.823,17.5,6.5,7.4,2.0,3.4,109.0,118.1,-9.1,0.494,0.445,0.263,0.347,0.094,0.118,102.86
2024-25,Delon Wright,NYK,33.0,0.344,0.274,0.6,3.1,1.7,1.9,0.9,0.6,106.1,106.3,-0.2,0.44,0.42,0.111,0.162,0.051,0.061,98.84
2024-25,Deni Avdija,POR,24.0,0.476,0.365,0.78,16.9,7.3,3.9,1.0,2.7,113.6,114.5,-0.9,0.605,0.55,0.228,0.193,0.117,0.126,99.86
2024-25,Dennis Schröder,DET,31.0,0.406,0.342,0.838,13.1,2.6,5.4,0.9,1.9,111.8,112.8,-0.9,0.531,0.483,0.211,0.287,0.046,0.091,100.49
2024-25,Dereck Lively II,DAL,21.0,0.702,0.0,0.63,8.7,7.5,2.4,0.6,1.1,114.1,106.4,7.7,0.704,0.702,0.132,0.143,0.155,0.124,100.99
2024-25,Derrick Jones Jr.,LAC,28.0,0.526,0.356,0.703,10.1,3.4,0.8,1.0,0.9,115.5,108.7,6.7,0.609,0.593,0.16,0.044,0.072,0.076,99.72
2024-25,Derrick White,BOS,30.0,0.442,0.384,0.839,16.4,4.5,4.8,0.9,1.7,119.7,109.5,10.2,0.606,0.58,0.195,0.199,0.064,0.106,97.89
2024-25,Desmond Bane,ORL,27.0,0.484,0.392,0.894,19.2,6.1,5.3,1.2,2.4,116.1,113.3,2.8,0.6,0.565,0.227,0.235,0.088,0.131,104.58
2024-25,Devin Booker,PHX,28.0,0.461,0.332,0.894,25.6,4.1,7.1,0.9,2.9,115.3,118.5,-3.2,0.589,0.525,0.285,0.301,0.055,0.122,98.72
2024-25,Devin Carter,SAC,23.0,0.37,0.295,0.591,3.8,2.1,1.1,0.6,0.5,113.1,109.3,3.9,0.471,0.441,0.169,0.139,0.093,0.07,100.14
2024-25,Devin Vassell,SAS,24.0,0.443,0.368,0.792,16.3,4.0,2.9,1.3,1.4,111.9,118.1,-6.2,0.553,0.532,0.217,0.139,0.062,0.092,100.8
2024-25,Dillon Brooks,HOU,29.0,0.429,0.397,0.818,14.0,3.7,1.7,0.8,1.0,113.5,108.8,4.7,0.555,0.533,0.176,0.076,0.054,0.067,98.94
2024-25,Dillon Jones,OKC,23.0,0.383,0.254,0.607,2.5,2.2,1.1,0.3,0.5,108.9,102.9,6.0,0.464,0.444,0.131,0.143,0.102,0.066,101.09
2024-25,Domantas Sabonis,SAC,29.0,0.59,0.417,0.754,19.1,13.9,6.0,0.7,2.9,116.5,113.9,2.6,0.655,0.627,0.213,0.251,0.199,0.164,99.78
2024-25,Dominick Barlow,ATL,22.0,0.531,0.259,0.636,4.2,2.4,0.5,0.3,0.1,110.2,111.8,-1.6,0.58,0.562,0.141,0.07,0.114,0.082,104.7
2024-25,Donovan Clingan,POR,21.0,0.539,0.286,0.596,6.5,7.9,1.1,0.5,1.1,109.9,109.7,0.2,0.574,0.56,0.135,0.081,0.179,0.105,101.68
2024-25,Donovan Mitchell,CLE,28.0,0.443,0.368,0.823,24.0,4.5,5.0,1.3,2.1,119.7,109.1,10.5,0.575,0.531,0.298,0.238,0.069,0.137,102.21
2024-25,Donte DiVincenzo,MIN,28.0,0.422,0.397,0.778,11.7,3.7,3.6,1.2,1.6,114.2,109.1,5.1,0.582,0.568,0.188,0.203,0.068,0.1,100.17
2024-25,Dorian Finney-Smith,LAL,32.0,0.448,0.411,0.667,8.7,3.9,1.4,0.9,0.9,119.1,110.3,8.8,0.604,0.597,0.123,0.066,0.069,0.06,98.14
2024-25,Doug McDermott,SAC,33.0,0.427,0.436,0.6,3.5,0.5,0.2,0.1,0.1,111.5,109.9,1.6,0.617,0.615,0.15,0.028,0.031,0.051,101.3
2024-25,Draymond Green,GSW,35.0,0.424,0.325,0.687,9.0,6.1,5.6,1.5,2.6,115.4,108.8,6.6,0.534,0.503,0.157,0.255,0.102,0.088,101.35
2024-25,Drew Eubanks,LAC,28.0,0.593,0.5,0.662,4.6,3.7,0.9,0.2,0.7,106.7,114.8,-8.1,0.622,0.601,0.149,0.11,0.145,0.111,102.72
2024-25,Drew Peterson,BOS,25.0,0.415,0.394,0.778,2.2,1.6,0.5,0.2,0.3,115.7,102.9,12.8,0.601,0.573,0.121,0.095,0.108,0.078,96.96
2024-25,Drew Timme,BKN,24.0,0.441,0.257,0.625,12.1,7.2,2.2,0.4,1.7,102.8,115.5,-12.6,0.5,0.485,0.205,0.137,0.123,0.086,100.3
2024-25,Dru Smith,MIA,27.0,0.508,0.533,0.75,6.2,2.6,1.6,1.5,1.2,107.3,100.5,6.8,0.656,0.639,0.131,0.128,0.064,0.082,100.58
2024-25,Duncan Robinson,MIA,31.0,0.437,0.393,0.887,11.0,2.3,2.4,0.5,1.2,110.1,109.9,0.2,0.595,0.581,0.187,0.148,0.047,0.078,97.68
2024-25,Duop Reath,POR,29.0,0.422,0.321,0.909,4.2,2.0,0.6,0.3,0.3,108.0,114.5,-6.5,0.552,0.524,0.162,0.083,0.095,0.077,102.71
2024-25,Dwight Powell,DAL,33.0,0.689,0.4,0.651,2.1,2.1,1.0,0.3,0.3,108.6,109.7,-1.1,0.713,0.705,0.073,0.13,0.107,0.073,102.17
2024-25,Dyson Daniels,ATL,22.0,0.493,0.34,0.593,14.1,5.9,4.4,3.0,2.0,113.3,114.2,-0.9,0.545,0.536,0.178,0.174,0.085,0.099,104.17
2024-25,E.J. Liddell,CHI,24.0,0.533,0.3,1.0,1.8,0.8,0.3,0.1,0.2,117.9,126.4,-8.6,0.661,0.633,0.13,0.064,0.086,0.047,110.79
2024-25,Elfrid Payton,NOP,31.0,0.328,0.167,0.571,3.5,3.3,6.9,1.0,2.5,99.7,113.1,-13.4,0.34,0.332,0.151,0.443,0.071,0.079,101.3
2024-25,Elijah Harkless,UTA,25.0,0.314,0.28,0.5,3.2,2.1,0.8,1.0,0.3,113.2,103.5,9.7,0.425,0.414,0.12,0.073,0.074,0.037,99.3
2024-25,Emanuel Miller,CHI,25.0,0.5,0.0,1.0,1.7,1.3,0.3,0.2,0.0,120.4,130.4,-10.0,0.563,0.5,0.143,0.105,0.151,0.092,106.74
2024-25,Emoni Bates,CLE,21.0,0.342,0.367,0.0,3.7,0.7,0.8,0.1,0.2,89.0,110.5,-21.5,0.487,0.487,0.201,0.2,0.036,0.08,104.3
2024-25,Enrique Freeman,IND,24.0,0.432,0.1,0.684,2.1,1.4,0.4,0.1,0.3,104.4,110.7,-6.3,0.507,0.446,0.109,0.062,0.078,0.04,107.55
2024-25,Eric Gordon,PHI,36.0,0.426,0.409,0.75,6.8,1.2,1.7,0.7,0.7,111.0,116.4,-5.4,0.591,0.564,0.14,0.118,0.031,0.067,99.62
2024-25,Evan Mobley,CLE,24.0,0.557,0.37,0.725,18.5,9.3,3.2,0.9,2.0,120.5,108.6,11.9,0.633,0.604,0.226,0.149,0.147,0.151,102.16
2024-25,Franz Wagner,ORL,23.0,0.463,0.295,0.871,24.2,5.7,4.7,1.3,2.3,111.8,105.8,6.0,0.558,0.507,0.306,0.247,0.085,0.153,97.65
2024-25,Fred VanVleet,HOU,31.0,0.378,0.345,0.81,14.1,3.7,5.6,1.6,1.5,115.0,108.8,6.2,0.515,0.483,0.176,0.217,0.049,0.093,98.18
2024-25,GG Jackson,MEM,20.0,0.372,0.337,0.725,7.2,3.2,1.0,0.4,1.1,112.7,118.6,-5.9,0.482,0.452,0.219,0.085,0.093,0.064,102.73
2024-25,Gabe Vincent,LAL,29.0,0.4,0.353,0.714,6.4,1.3,1.4,0.7,0.6,111.8,110.7,1.1,0.536,0.53,0.131,0.09,0.029,0.039,100.07
2024-25,Garrett Temple,TOR,39.0,0.3,0.214,0.917,1.9,1.0,1.1,0.6,0.4,106.6,111.1,-4.5,0.406,0.35,0.129,0.171,0.061,0.051,105.94
2024-25,Garrison Mathews,ATL,28.0,0.397,0.39,0.821,7.5,1.9,1.3,0.6,0.7,107.9,111.4,-3.5,0.606,0.562,0.153,0.102,0.049,0.068,105.43
2024-25,Gary Harris,ORL,30.0,0.383,0.356,0.583,3.0,1.3,0.6,0.5,0.4,110.4,103.2,7.2,0.524,0.519,0.09,0.058,0.044,0.043,99.58
2024-25,Gary Payton II,GSW,32.0,0.574,0.326,0.711,6.5,3.0,1.3,0.8,0.6,113.5,110.1,3.4,0.635,0.626,0.156,0.132,0.096,0.104,102.12
2024-25,Gary Trent Jr.,MIL,26.0,0.431,0.416,0.848,11.1,2.3,1.2,1.0,0.6,115.9,114.0,1.9,0.591,0.568,0.168,0.064,0.044,0.07,100.75
2024-25,Georges Niang,ATL,32.0,0.461,0.406,0.793,9.9,3.4,1.4,0.4,1.0,118.7,114.1,4.7,0.607,0.595,0.177,0.087,0.077,0.071,102.45
2024-25,Giannis Antetokounmpo,MIL,30.0,0.601,0.222,0.617,30.4,11.9,6.5,0.9,3.1,118.9,111.7,7.2,0.625,0.607,0.346,0.339,0.172,0.21,100.18
2024-25,Goga Bitadze,ORL,25.0,0.611,0.107,0.639,7.2,6.6,2.0,0.7,1.0,110.1,107.4,2.7,0.631,0.615,0.142,0.142,0.169,0.134,95.8
2024-25,Gradey Dick,TOR,21.0,0.41,0.35,0.858,14.4,3.6,1.8,0.9,1.5,110.3,116.1,-5.8,0.543,0.498,0.209,0.087,0.059,0.071,101.36
2024-25,Grant Williams,CHA,26.0,0.439,0.365,0.838,10.4,5.1,2.3,1.1,1.8,114.9,113.3,1.6,0.596,0.549,0.146,0.107,0.083,0.076,99.95
2024-25,Grayson Allen,PHX,29.0,0.448,0.426,0.816,10.6,3.0,2.1,0.8,1.2,114.7,118.0,-3.3,0.631,0.6,0.169,0.125,0.064,0.084,100.84
2024-25,Guerschon Yabusele,PHI,29.0,0.501,0.38,0.725,11.0,5.6,2.1,0.8,1.2,113.5,116.7,-3.2,0.616,0.593,0.163,0.114,0.108,0.092,97.28
2024-25,Gui Santos,GSW,23.0,0.458,0.33,0.69,4.1,3.1,1.4,0.4,0.8,117.8,107.3,10.6,0.575,0.553,0.126,0.138,0.106,0.073,99.78
2024-25,Harrison Barnes,SAS,33.0,0.508,0.433,0.809,12.3,3.8,1.7,0.5,0.6,114.5,115.6,-1.2,0.656,0.622,0.157,0.085,0.067,0.092,100.08
2024-25,Harrison Ingram,SAS,22.0,0.5,0.0,0.0,0.8,1.8,0.6,0.6,0.2,132.0,92.0,40.0,0.5,0.5,0.06,0.086,0.129,0.08,103.6
2024-25,Haywood Highsmith,MIA,28.0,0.458,0.382,0.721,6.5,3.4,1.5,0.9,0.7,111.8,110.4,1.4,0.583,0.572,0.111,0.084,0.069,0.057,97.33
2024-25,Herbert Jones,NOP,26.0,0.436,0.306,0.825,10.3,3.9,3.3,1.9,1.8,111.8,112.5,-0.7,0.541,0.5,0.146,0.134,0.059,0.062,100.76
2024-25,Hunter Tyson,DEN,25.0,0.375,0.311,0.75,2.6,1.5,0.4,0.2,0.3,98.5,108.7,-10.2,0.506,0.471,0.146,0.074,0.088,0.057,104.6
2024-25,Immanuel Quickley,TOR,26.0,0.42,0.378,0.867,17.1,3.5,5.8,0.7,1.8,109.0,110.7,-1.6,0.57,0.517,0.246,0.32,0.06,0.128,101.44
2024-25,Isaac Jones,SAC,24.0,0.651,0.375,0.639,3.4,1.4,0.3,0.1,0.4,104.6,115.1,-10.5,0.678,0.669,0.152,0.057,0.095,0.087,102.68
2024-25,Isaac Okoro,CLE,24.0,0.464,0.371,0.717,6.1,2.4,1.2,0.6,0.4,122.1,109.7,12.5,0.587,0.569,0.124,0.078,0.06,0.057,100.08
2024-25,Isaiah Collier,UTA,20.0,0.422,0.249,0.682,8.7,3.3,6.3,0.9,2.9,108.3,118.6,-10.4,0.494,0.459,0.186,0.342,0.061,0.077,102.44
2024-25,Isaiah Crawford,SAC,23.0,0.455,0.2,0.5,0.9,0.5,0.1,0.1,0.1,112.0,92.7,19.3,0.509,0.5,0.122,0.029,0.088,0.07,103.01
2024-25,Isaiah Hartenstein,OKC,27.0,0.581,0.0,0.675,11.2,10.7,3.8,0.8,1.7,118.3,105.3,13.0,0.599,0.581,0.165,0.178,0.185,0.138,101.56
2024-25,Isaiah Jackson,IND,23.0,0.609,0.0,0.5,7.0,5.6,1.0,0.6,1.0,112.5,107.1,5.4,0.6,0.609,0.164,0.079,0.149,0.095,105.29
2024-25,Isaiah Joe,OKC,25.0,0.44,0.412,0.821,10.2,2.6,1.6,0.6,0.5,119.9,104.1,15.8,0.617,0.604,0.166,0.096,0.058,0.089,102.23
2024-25,Isaiah Mobley,PHI,25.0,0.286,0.333,0.5,6.0,4.0,5.0,1.0,0.0,92.7,110.0,-17.3,0.381,0.357,0.17,0.556,0.091,0.099,111.94
2024-25,Isaiah Stevens,MIA,24.0,0.0,0.0,0.0,0.0,0.7,0.0,0.3,0.0,61.5,30.8,30.8,0.0,0.0,0.143,0.0,0.125,0.125,112.43
2024-25,Isaiah Stewart,DET,24.0,0.559,0.321,0.759,6.0,5.5,1.7,0.4,0.9,109.1,108.6,0.5,0.616,0.586,0.121,0.12,0.129,0.096,101.75
2024-25,Isaiah Wong,CHA,24.0,0.39,0.394,0.735,6.0,1.6,1.4,0.6,0.9,100.0,102.6,-2.6,0.5,0.452,0.22,0.187,0.06,0.077,98.35
2024-25,Ivica Zubac,LAC,28.0,0.628,0.0,0.661,16.8,12.6,2.7,0.7,1.6,116.5,107.1,9.4,0.641,0.628,0.192,0.121,0.199,0.157,98.55
2024-25,JD Davison,BOS,22.0,0.353,0.222,0.714,2.1,0.8,0.8,0.3,0.8,91.7,105.4,-13.7,0.445,0.412,0.228,0.277,0.067,0.079,94.28
2024-25,JT Thor,WAS,22.0,0.424,0.286,0.682,3.6,2.4,0.3,0.4,0.5,95.3,115.3,-20.0,0.517,0.475,0.132,0.04,0.085,0.065,98.57
2024-25,Ja Morant,MEM,25.0,0.454,0.309,0.824,23.2,4.1,7.3,1.2,3.7,116.4,109.6,6.8,0.563,0.504,0.312,0.355,0.062,0.141,105.74
2024-25,Ja'Kobe Walter,TOR,20.0,0.405,0.349,0.795,8.6,3.1,1.6,0.8,1.0,108.6,111.1,-2.4,0.523,0.487,0.179,0.105,0.07,0.068,101.29
2024-25,Jabari Smith Jr.,HOU,22.0,0.438,0.354,0.825,12.2,7.0,1.1,0.4,1.1,113.4,106.1,7.3,0.562,0.525,0.16,0.048,0.107,0.093,100.0
2024-25,Jabari Walker,POR,22.0,0.515,0.389,0.69,5.2,3.5,0.6,0.6,0.6,108.1,107.6,0.5,0.601,0.576,0.156,0.071,0.133,0.107,103.86
2024-25,Jack McVeigh,HOU,29.0,0.294,0.308,0.0,1.6,0.6,0.1,0.0,0.2,84.7,93.9,-9.2,0.412,0.412,0.176,0.038,0.048,0.02,109.32
2024-25,Jackson Rowe,GSW,28.0,0.471,0.3,0.5,3.7,1.8,0.7,0.7,0.2,116.4,103.5,12.9,0.56,0.559,0.142,0.1,0.097,0.101,109.95
2024-25,Jacob Toppin,ATL,25.0,0.409,0.5,0.0,1.4,0.9,0.4,0.1,0.2,89.9,104.4,-14.5,0.523,0.523,0.14,0.133,0.097,0.09,101.56
2024-25,Jaden Hardy,DAL,22.0,0.435,0.386,0.698,8.7,1.6,1.4,0.5,1.4,108.3,111.6,-3.2,0.549,0.527,0.244,0.138,0.048,0.069,102.83
2024-25,Jaden Ivey,DET,23.0,0.46,0.409,0.733,17.6,4.1,4.0,0.9,3.0,110.5,114.6,-4.1,0.569,0.536,0.256,0.207,0.067,0.099,99.52
2024-25,Jaden McDaniels,MIN,24.0,0.477,0.33,0.813,12.2,5.7,2.0,1.3,1.2,113.9,109.9,4.0,0.562,0.537,0.16,0.091,0.087,0.086,98.07
2024-25,Jaden Springer,UTA,22.0,0.389,0.25,0.711,2.5,1.3,0.8,0.6,0.4,105.6,108.9,-3.3,0.511,0.456,0.139,0.13,0.076,0.063,102.79
2024-25,Jae Crowder,SAC,34.0,0.318,0.267,0.833,2.6,2.2,0.7,0.3,0.4,101.9,109.2,-7.4,0.467,0.409,0.113,0.077,0.093,0.048,100.89
2024-25,Jae'Sean Tate,HOU,29.0,0.473,0.348,0.681,3.6,2.3,0.9,0.5,0.4,111.0,104.7,6.3,0.557,0.527,0.126,0.107,0.089,0.071,103.16
2024-25,Jahlil Okafor,IND,29.0,0.0,0.0,0.0,0.0,1.0,1.0,0.0,0.0,125.0,62.5,62.5,0.0,0.0,0.0,0.25,0.111,0.133,114.06
2024-25,Jahmir Young,CHI,24.0,0.8,0.5,1.0,1.8,0.5,1.0,0.0,0.2,110.0,123.5,-13.5,0.935,0.9,0.092,0.231,0.052,0.1,111.64
2024-25,Jaime Jaquez Jr.,MIA,24.0,0.461,0.311,0.754,8.6,4.4,2.5,0.9,1.5,107.9,113.9,-6.0,0.543,0.501,0.194,0.181,0.103,0.098,99.18
2024-25,Jake LaRavia,SAC,23.0,0.475,0.423,0.678,6.9,3.9,2.4,0.9,1.3,115.0,111.2,3.8,0.591,0.564,0.14,0.15,0.091,0.081,103.86
2024-25,Jakob Poeltl,TOR,29.0,0.627,0.333,0.674,14.5,9.6,2.8,1.2,1.9,111.2,111.9,-0.7,0.641,0.628,0.184,0.136,0.158,0.133,101.44
2024-25,Jalen Bridges,PHX,24.0,0.286,0.286,0.75,1.1,0.5,0.0,0.0,0.5,98.4,88.7,9.7,0.514,0.429,0.197,0.0,0.062,0.026,98.77
2024-25,Jalen Brunson,NYK,28.0,0.488,0.383,0.821,26.0,2.9,7.3,0.9,2.5,118.3,115.7,2.6,0.605,0.551,0.289,0.318,0.042,0.138,97.79
2024-25,Jalen Duren,DET,21.0,0.692,0.0,0.669,11.8,10.3,2.7,0.7,1.7,115.5,114.0,1.5,0.703,0.692,0.161,0.141,0.199,0.14,101.29
2024-25,Jalen Green,HOU,23.0,0.423,0.354,0.813,21.0,4.6,3.4,0.9,2.5,113.8,111.1,2.8,0.544,0.505,0.267,0.159,0.065,0.111,99.75
2024-25,Jalen Hood-Schifino,PHI,22.0,0.378,0.304,0.857,7.1,1.8,2.5,0.3,1.2,107.2,123.5,-16.4,0.494,0.449,0.164,0.165,0.041,0.049,101.36
2024-25,Jalen Johnson,ATL,23.0,0.5,0.312,0.746,18.9,10.0,5.0,1.6,2.9,111.8,110.2,1.6,0.569,0.541,0.214,0.203,0.132,0.135,106.68
2024-25,Jalen McDaniels,SAC,27.0,0.0,0.0,0.0,0.0,0.0,0.3,0.3,0.0,81.3,77.8,3.5,0.0,0.0,0.0,0.25,0.0,0.114,111.25
2024-25,Jalen Pickett,DEN,25.0,0.428,0.396,0.75,4.1,1.4,2.2,0.4,0.5,112.6,109.7,2.9,0.545,0.539,0.13,0.211,0.051,0.078,99.25
2024-25,Jalen Smith,CHI,25.0,0.466,0.324,0.809,8.2,5.6,1.0,0.3,0.6,110.3,111.5,-1.2,0.586,0.554,0.201,0.101,0.165,0.133,106.06
2024-25,Jalen Suggs,ORL,24.0,0.41,0.314,0.882,16.2,4.0,3.7,1.5,2.9,105.7,104.8,1.0,0.536,0.489,0.268,0.216,0.072,0.107,99.02
2024-25,Jalen Williams,OKC,24.0,0.484,0.365,0.789,21.6,5.3,5.1,1.6,2.2,116.7,106.5,10.2,0.573,0.537,0.27,0.233,0.079,0.138,102.44
2024-25,Jalen Wilson,BKN,24.0,0.397,0.337,0.818,9.5,3.4,1.8,0.5,1.0,106.9,113.7,-6.7,0.541,0.495,0.161,0.11,0.067,0.065,97.23
2024-25,Jamal Cain,NOP,26.0,0.43,0.325,0.68,5.3,2.3,0.6,0.6,0.6,106.4,119.3,-12.9,0.544,0.513,0.167,0.065,0.082,0.067,100.49
2024-25,Jamal Murray,DEN,28.0,0.474,0.393,0.886,21.4,3.9,6.0,1.4,2.1,122.0,115.5,6.5,0.584,0.543,0.235,0.223,0.053,0.111,100.72
2024-25,Jamal Shead,TOR,22.0,0.405,0.323,0.768,7.1,1.5,4.2,0.8,1.6,105.5,113.3,-7.8,0.499,0.476,0.179,0.307,0.037,0.07,102.18
2024-25,Jamaree Bouyea,MIL,26.0,0.5,0.2,0.667,3.4,1.0,2.0,0.8,1.6,118.5,117.8,0.6,0.581,0.542,0.163,0.213,0.041,0.067,100.75
2024-25,James Harden,LAC,35.0,0.41,0.352,0.874,22.8,5.8,8.7,1.5,4.3,115.4,109.2,6.2,0.582,0.501,0.286,0.365,0.083,0.145,98.82
2024-25,James Johnson,IND,38.0,0.364,0.0,0.0,0.7,0.5,0.3,0.0,0.3,97.4,110.5,-13.1,0.35,0.364,0.165,0.16,0.087,0.015,100.28
2024-25,James Wiseman,IND,24.0,0.5,0.0,1.0,6.0,1.0,0.0,0.0,0.0,118.2,141.7,-23.5,0.615,0.5,0.455,0.0,0.125,0.156,119.14
2024-25,Jamison Battle,TOR,24.0,0.429,0.405,0.889,7.1,2.7,0.9,0.3,0.5,105.0,113.4,-8.4,0.59,0.581,0.147,0.073,0.072,0.072,102.32
2024-25,Jarace Walker,IND,21.0,0.472,0.405,0.667,6.1,3.1,1.5,0.7,1.0,107.0,112.1,-5.0,0.59,0.576,0.165,0.129,0.098,0.087,103.23
2024-25,Jared Butler,PHI,24.0,0.448,0.355,0.824,9.0,1.8,3.7,0.7,1.3,108.5,114.5,-6.0,0.549,0.514,0.222,0.317,0.049,0.102,102.6
2024-25,Jared McCain,PHI,21.0,0.46,0.383,0.875,15.3,2.4,2.6,0.7,1.6,109.3,111.4,-2.1,0.589,0.553,0.243,0.171,0.048,0.106,98.18
2024-25,Jared Rhoden,TOR,25.0,0.483,0.308,0.88,8.4,3.0,1.1,0.7,0.6,118.1,103.4,14.7,0.602,0.552,0.183,0.098,0.082,0.106,103.89
2024-25,Jaren Jackson Jr.,MEM,25.0,0.488,0.375,0.781,22.2,5.6,2.0,1.2,2.1,115.2,108.8,6.4,0.591,0.548,0.274,0.102,0.087,0.124,105.56
2024-25,Jarred Vanderbilt,LAL,26.0,0.488,0.281,0.556,4.1,5.1,1.1,1.0,0.8,115.6,112.2,3.3,0.537,0.525,0.116,0.094,0.154,0.082,100.61
2024-25,Jarrett Allen,CLE,27.0,0.706,0.0,0.718,13.5,9.7,1.9,0.9,1.2,121.9,111.3,10.5,0.724,0.706,0.156,0.091,0.169,0.148,101.43
2024-25,Javonte Green,CLE,31.0,0.429,0.326,0.724,5.1,3.2,0.8,1.0,0.5,109.1,117.0,-7.8,0.541,0.509,0.113,0.059,0.081,0.064,101.97
2024-25,Jaxson Hayes,LAL,25.0,0.722,0.0,0.622,6.8,4.8,1.0,0.6,0.8,112.3,109.8,2.5,0.72,0.722,0.12,0.076,0.121,0.097,100.51
2024-25,Jay Huff,MEM,27.0,0.515,0.405,0.786,6.9,2.0,0.6,0.3,0.5,111.0,110.1,0.8,0.666,0.648,0.194,0.077,0.081,0.108,106.71
2024-25,Jaylen Brown,BOS,28.0,0.463,0.324,0.764,22.2,5.8,4.5,1.2,2.6,121.1,111.7,9.5,0.555,0.515,0.282,0.204,0.082,0.114,98.57
2024-25,Jaylen Clark,MIN,23.0,0.467,0.431,0.784,4.1,1.3,0.7,0.9,0.2,115.2,109.6,5.6,0.598,0.558,0.115,0.067,0.05,0.057,101.98
2024-25,Jaylen Martin,WAS,21.0,0.419,0.304,0.9,4.9,2.8,1.1,0.6,0.8,93.6,120.7,-27.1,0.497,0.466,0.155,0.12,0.086,0.074,100.58
2024-25,Jaylen Nowell,WAS,25.0,0.356,0.296,0.636,8.4,2.5,2.3,0.1,1.0,100.9,114.0,-13.1,0.43,0.411,0.215,0.176,0.058,0.06,96.24
2024-25,Jaylen Sims,CHA,26.0,0.429,0.4,0.8,7.0,1.0,2.0,0.5,1.3,100.4,120.4,-20.0,0.607,0.536,0.159,0.176,0.025,0.057,100.89
2024-25,Jaylen Wells,MEM,21.0,0.425,0.352,0.822,10.4,3.4,1.7,0.6,0.9,116.7,111.9,4.7,0.56,0.527,0.156,0.082,0.061,0.065,104.64
2024-25,Jaylin Williams,OKC,23.0,0.439,0.399,0.767,5.9,5.6,2.6,0.5,0.7,121.0,103.0,17.9,0.594,0.577,0.141,0.19,0.158,0.124,102.7
2024-25,Jaylon Tyson,CLE,22.0,0.43,0.345,0.792,3.6,2.0,0.9,0.3,0.6,108.4,108.8,-0.4,0.523,0.497,0.164,0.135,0.097,0.075,101.31
2024-25,Jayson Tatum,BOS,27.0,0.452,0.343,0.814,26.8,8.7,6.0,1.1,2.9,119.6,109.8,9.8,0.582,0.537,0.301,0.266,0.112,0.158,98.14
2024-25,Jazian Gortman,DAL,22.0,0.391,0.364,0.5,1.5,0.3,0.4,0.1,0.3,103.8,99.2,4.6,0.485,0.478,0.195,0.154,0.04,0.031,109.79
2024-25,Jeff Dowtin Jr.,PHI,28.0,0.487,0.4,0.733,7.0,1.5,1.9,0.6,0.4,107.6,116.7,-9.2,0.57,0.548,0.176,0.196,0.047,0.106,99.32
2024-25,Jeff Green,HOU,38.0,0.504,0.367,0.808,5.4,1.8,0.6,0.2,0.3,112.2,116.1,-3.9,0.649,0.624,0.144,0.068,0.065,0.085,100.43
2024-25,Jerami Grant,POR,31.0,0.373,0.365,0.849,14.4,3.5,2.1,0.9,1.4,107.4,113.4,-6.1,0.523,0.467,0.192,0.099,0.05,0.07,100.41
2024-25,Jeremiah Robinson-Earl,NOP,24.0,0.455,0.341,0.836,6.3,4.8,1.3,0.6,0.8,107.2,119.0,-11.8,0.563,0.536,0.14,0.101,0.122,0.087,100.95
2024-25,Jeremy Sochan,SAS,22.0,0.535,0.308,0.696,11.4,6.5,2.4,0.8,1.6,111.9,114.5,-2.7,0.589,0.565,0.184,0.138,0.121,0.101,101.53
2024-25,Jericho Sims,MIL,26.0,0.634,0.0,0.615,1.8,3.7,0.6,0.2,0.6,111.5,109.1,2.4,0.639,0.634,0.074,0.068,0.156,0.07,98.7
2024-25,Jesse Edwards,MIN,25.0,0.0,0.0,0.0,0.0,0.0,0.5,0.0,0.0,72.7,150.0,-77.3,0.0,0.0,0.0,0.25,0.0,-0.043,118.29
2024-25,Jett Howard,ORL,21.0,0.374,0.296,0.696,4.5,1.2,0.7,0.2,0.6,103.0,108.7,-5.7,0.491,0.479,0.181,0.102,0.048,0.045,99.92
2024-25,Jevon Carter,CHI,29.0,0.377,0.333,0.8,4.3,1.1,1.1,0.4,0.3,114.8,111.5,3.3,0.509,0.497,0.2,0.166,0.054,0.082,106.46
2024-25,Jimmy Butler III,GSW,35.0,0.504,0.308,0.842,17.5,5.4,5.4,1.4,1.3,115.9,109.6,6.3,0.626,0.531,0.203,0.26,0.085,0.145,98.95
2024-25,Jock Landale,HOU,29.0,0.533,0.423,0.675,4.8,3.3,0.9,0.3,0.5,110.5,112.6,-2.1,0.59,0.569,0.148,0.102,0.125,0.097,103.58
2024-25,Joe Ingles,MIN,37.0,0.261,0.2,0.0,0.8,0.6,1.2,0.1,0.5,108.9,113.1,-4.2,0.326,0.326,0.113,0.261,0.048,0.025,102.03
2024-25,Joel Embiid,PHI,31.0,0.444,0.299,0.882,23.8,8.2,4.5,0.7,3.3,104.0,109.5,-5.5,0.58,0.481,0.342,0.286,0.134,0.169,99.95
2024-25,John Collins,UTA,27.0,0.527,0.399,0.848,19.0,8.2,2.0,1.0,2.6,112.4,113.3,-0.9,0.628,0.583,0.234,0.105,0.128,0.129,101.72
2024-25,John Konchar,MEM,29.0,0.451,0.371,0.875,2.4,3.3,0.9,0.7,0.3,113.2,107.8,5.4,0.592,0.577,0.077,0.095,0.123,0.094,105.46
2024-25,Johnny Davis,WAS,23.0,0.41,0.241,0.6,2.4,1.1,0.3,0.4,0.2,104.7,107.2,-2.5,0.473,0.455,0.15,0.064,0.069,0.067,106.66
2024-25,Johnny Furphy,IND,20.0,0.38,0.3,0.818,2.1,1.4,0.4,0.4,0.2,106.1,105.4,0.6,0.506,0.462,0.118,0.063,0.093,0.059,105.49
2024-25,Johnny Juzang,UTA,24.0,0.429,0.376,0.849,8.9,2.9,1.1,0.6,0.6,107.2,120.3,-13.1,0.573,0.554,0.174,0.08,0.07,0.071,102.1
2024-25,Jonas Valanciunas,SAC,33.0,0.55,0.216,0.879,10.4,7.7,2.0,0.5,1.5,109.2,118.8,-9.6,0.602,0.557,0.222,0.171,0.203,0.147,101.28
2024-25,Jonathan Isaac,ORL,27.0,0.414,0.258,0.682,5.4,4.4,0.6,0.9,0.5,105.9,106.6,-0.7,0.512,0.474,0.155,0.056,0.141,0.108,98.62
2024-25,Jonathan Kuminga,GSW,22.0,0.454,0.305,0.668,15.3,4.6,2.2,0.8,1.5,110.0,108.9,1.0,0.535,0.495,0.271,0.151,0.088,0.11,100.21
2024-25,Jonathan Mogbo,TOR,23.0,0.438,0.243,0.732,6.2,4.9,2.3,0.9,1.1,103.7,111.9,-8.2,0.496,0.462,0.145,0.16,0.114,0.083,102.69
2024-25,Jordan Clarkson,UTA,33.0,0.408,0.362,0.797,16.2,3.2,3.7,0.8,2.3,107.5,117.5,-10.0,0.54,0.493,0.269,0.238,0.058,0.102,102.16
2024-25,Jordan Goodwin,LAL,26.0,0.438,0.382,0.818,5.6,3.9,1.4,1.0,0.9,111.2,112.4,-1.2,0.541,0.528,0.134,0.108,0.101,0.08,99.53
2024-25,Jordan Hawkins,NOP,23.0,0.372,0.331,0.816,10.8,2.8,1.2,0.5,1.0,106.6,118.1,-11.4,0.504,0.471,0.204,0.076,0.056,0.066,101.14
2024-25,Jordan McLaughlin,SAS,29.0,0.431,0.413,0.773,2.1,0.7,1.1,0.3,0.3,118.0,108.9,9.1,0.6,0.563,0.134,0.208,0.05,0.083,99.58
2024-25,Jordan Miller,LAC,25.0,0.433,0.211,0.8,4.1,1.6,0.9,0.5,0.7,103.8,109.8,-6.0,0.509,0.463,0.175,0.124,0.068,0.07,100.15
2024-25,Jordan Poole,WAS,26.0,0.432,0.378,0.883,20.5,3.0,4.5,1.3,3.0,104.8,117.9,-13.1,0.591,0.544,0.281,0.254,0.046,0.107,103.95
2024-25,Jordan Walsh,BOS,21.0,0.361,0.273,0.583,1.6,1.3,0.4,0.2,0.3,111.8,108.0,3.8,0.464,0.452,0.11,0.064,0.085,0.045,98.14
2024-25,Jose Alvarado,NOP,27.0,0.392,0.359,0.811,10.3,2.4,4.6,1.3,1.5,108.4,117.1,-8.7,0.523,0.498,0.193,0.278,0.047,0.09,99.89
2024-25,Josh Christopher,MIA,23.0,0.355,0.182,0.667,2.0,0.6,0.6,0.4,0.4,105.7,108.2,-2.5,0.416,0.387,0.235,0.145,0.063,0.063,109.7
2024-25,Josh Giddey,CHI,22.0,0.465,0.378,0.781,14.6,8.1,7.2,1.2,2.9,113.1,114.4,-1.4,0.57,0.531,0.214,0.322,0.127,0.13,104.47
2024-25,Josh Green,CHA,24.0,0.428,0.391,0.681,7.4,2.5,1.6,1.1,1.0,105.3,114.2,-8.9,0.559,0.543,0.115,0.081,0.043,0.043,100.08
2024-25,Josh Hart,NYK,30.0,0.525,0.333,0.776,13.6,9.6,5.9,1.5,2.1,117.9,114.3,3.6,0.611,0.579,0.151,0.206,0.13,0.119,97.79
2024-25,Josh Minott,MIN,22.0,0.489,0.326,0.895,2.6,1.0,0.4,0.3,0.2,104.0,107.0,-3.0,0.605,0.567,0.16,0.096,0.081,0.095,104.77
2024-25,Josh Okogie,CHA,26.0,0.443,0.348,0.741,7.1,2.8,0.8,1.2,0.8,108.8,109.3,-0.5,0.567,0.519,0.185,0.082,0.086,0.1,98.69
2024-25,Josh Richardson,MIA,31.0,0.289,0.273,1.0,4.0,1.5,1.5,1.0,1.0,104.1,114.7,-10.6,0.402,0.368,0.134,0.117,0.042,0.015,100.82
2024-25,Jrue Holiday,BOS,35.0,0.443,0.353,0.909,11.1,4.3,3.9,1.1,1.2,116.6,107.7,8.9,0.565,0.538,0.156,0.174,0.065,0.088,99.38
2024-25,Julian Champagnie,SAS,24.0,0.415,0.371,0.904,9.9,3.9,1.4,0.7,0.9,112.3,114.5,-2.1,0.577,0.549,0.164,0.078,0.077,0.079,102.25
2024-25,Julian Phillips,CHI,21.0,0.446,0.327,0.789,4.6,2.1,0.5,0.5,0.3,112.9,111.1,1.8,0.571,0.533,0.126,0.045,0.07,0.055,104.0
2024-25,Julian Strawther,DEN,23.0,0.432,0.349,0.822,9.0,2.2,1.3,0.6,0.9,111.9,114.4,-2.5,0.559,0.529,0.173,0.082,0.049,0.057,102.79
2024-25,Julius Randle,MIN,30.0,0.485,0.344,0.806,18.7,7.1,4.7,0.7,2.8,115.0,111.6,3.4,0.593,0.542,0.246,0.228,0.108,0.124,98.45
2024-25,Justin Champagnie,WAS,24.0,0.511,0.383,0.685,8.8,5.7,1.0,1.0,0.9,107.1,116.8,-9.7,0.614,0.601,0.15,0.066,0.119,0.101,102.96
2024-25,Justin Edwards,PHI,21.0,0.455,0.363,0.696,10.1,3.4,1.6,1.0,1.1,111.6,123.2,-11.6,0.559,0.546,0.165,0.084,0.065,0.062,99.43
2024-25,Justin Minaya,POR,26.0,0.381,0.2,0.0,0.9,0.5,0.4,0.3,0.3,95.0,101.9,-6.9,0.411,0.429,0.107,0.108,0.051,0.02,103.22
2024-25,Jusuf Nurkić,CHA,30.0,0.477,0.305,0.664,8.9,7.8,2.3,0.8,1.9,106.1,115.1,-9.0,0.555,0.523,0.202,0.167,0.181,0.116,99.79
2024-25,KJ Martin,UTA,24.0,0.552,0.259,0.787,6.4,2.9,1.1,0.4,0.6,109.3,117.4,-8.1,0.618,0.59,0.112,0.074,0.067,0.061,100.63
2024-25,KJ Simpson,CHA,22.0,0.346,0.254,0.82,7.8,3.0,3.1,0.9,1.6,101.0,116.4,-15.4,0.437,0.4,0.188,0.21,0.06,0.06,99.1
2024-25,Kai Jones,DAL,24.0,0.798,0.2,0.719,5.0,3.1,0.6,0.4,0.5,107.0,109.2,-2.3,0.804,0.803,0.128,0.08,0.133,0.131,99.77
2024-25,Karl-Anthony Towns,NYK,29.0,0.526,0.42,0.829,24.4,12.8,3.1,1.0,2.7,119.4,112.7,6.8,0.63,0.584,0.265,0.13,0.187,0.161,99.25
2024-25,Karlo Matković,NOP,24.0,0.574,0.318,0.773,7.7,5.0,1.1,0.5,1.0,109.4,114.1,-4.7,0.639,0.619,0.155,0.083,0.129,0.096,101.91
2024-25,Kawhi Leonard,LAC,34.0,0.498,0.411,0.81,21.5,5.9,3.1,1.6,1.9,120.3,107.9,12.4,0.589,0.56,0.28,0.147,0.098,0.134,97.26
2024-25,Keaton Wallace,ATL,26.0,0.401,0.329,1.0,5.4,1.6,2.6,0.9,1.1,106.2,108.4,-2.2,0.503,0.485,0.164,0.224,0.047,0.074,102.77
2024-25,Keegan Murray,SAC,24.0,0.444,0.343,0.833,12.4,6.7,1.4,0.8,0.8,114.8,113.4,1.5,0.553,0.538,0.148,0.055,0.095,0.075,100.09
2024-25,Keion Brooks Jr.,NOP,24.0,0.486,0.326,0.733,10.1,4.1,0.9,0.7,0.9,100.7,121.2,-20.5,0.581,0.55,0.169,0.062,0.084,0.079,101.63
2024-25,Kel'el Ware,MIA,21.0,0.554,0.315,0.687,9.3,7.4,0.9,0.6,0.9,112.8,110.9,1.9,0.603,0.592,0.169,0.062,0.167,0.119,98.6
2024-25,Keldon Johnson,SAS,25.0,0.482,0.318,0.773,12.7,4.8,1.6,0.6,1.0,110.1,115.9,-5.8,0.572,0.538,0.207,0.105,0.096,0.103,102.06
2024-25,Kelly Olynyk,NOP,34.0,0.5,0.418,0.769,8.7,4.7,2.9,0.8,1.7,110.7,113.4,-2.7,0.609,0.562,0.185,0.2,0.112,0.098,100.28
2024-25,Kelly Oubre Jr.,PHI,29.0,0.47,0.293,0.751,15.1,6.1,1.8,1.5,1.3,110.7,116.4,-5.7,0.551,0.518,0.186,0.079,0.091,0.084,98.68
2024-25,Kenrich Williams,OKC,30.0,0.483,0.386,0.718,6.3,3.5,1.4,0.6,0.6,118.7,104.1,14.5,0.587,0.576,0.151,0.111,0.102,0.093,101.26
2024-25,Kentavious Caldwell-Pope,MEM,32.0,0.439,0.342,0.863,8.7,2.2,1.8,1.3,0.8,109.1,108.6,0.5,0.574,0.543,0.121,0.086,0.038,0.065,96.52
2024-25,Keon Ellis,SAC,25.0,0.489,0.433,0.849,8.3,2.7,1.5,1.5,0.9,116.1,113.2,3.0,0.664,0.639,0.125,0.08,0.055,0.073,99.07
2024-25,Keon Johnson,BKN,23.0,0.389,0.314,0.77,10.6,3.8,2.2,1.0,1.5,104.1,114.4,-10.3,0.499,0.47,0.212,0.148,0.076,0.07,98.77
2024-25,Keshad Johnson,MIA,24.0,0.692,0.429,0.444,2.7,1.8,0.3,0.3,0.3,105.5,104.1,1.3,0.718,0.75,0.145,0.058,0.136,0.114,106.64
2024-25,Kessler Edwards,DAL,24.0,0.496,0.407,0.923,4.2,2.9,1.1,0.5,0.4,110.0,122.3,-12.3,0.597,0.578,0.11,0.09,0.096,0.067,102.71
2024-25,Kevin Durant,PHX,36.0,0.527,0.43,0.839,26.6,6.0,4.2,0.8,3.1,116.5,117.4,-1.0,0.642,0.598,0.283,0.188,0.084,0.142,99.49
2024-25,Kevin Huerter,CHI,26.0,0.425,0.338,0.714,9.9,3.0,2.3,1.0,1.0,114.5,111.7,2.8,0.544,0.535,0.171,0.124,0.058,0.073,102.32
2024-25,Kevin Knox II,GSW,25.0,0.5,0.267,0.75,3.3,1.2,0.4,0.1,0.3,112.7,115.6,-2.9,0.582,0.556,0.202,0.086,0.101,0.104,103.28
2024-25,Kevin Love,MIA,36.0,0.357,0.358,0.696,5.3,4.1,1.0,0.7,0.6,108.7,112.3,-3.6,0.488,0.461,0.23,0.134,0.177,0.109,103.56
2024-25,Kevin McCullar Jr.,NYK,24.0,0.286,0.0,1.0,1.5,2.0,0.5,0.3,0.0,93.8,96.9,-3.1,0.381,0.286,0.118,0.111,0.151,0.066,105.33
2024-25,Kevin Porter Jr.,MIL,25.0,0.449,0.311,0.769,10.3,3.7,3.4,1.1,1.8,109.1,108.0,1.1,0.531,0.492,0.248,0.276,0.092,0.119,100.63
2024-25,Kevon Looney,GSW,29.0,0.514,0.4,0.566,4.5,6.1,1.6,0.6,0.5,112.5,106.9,5.6,0.535,0.518,0.125,0.143,0.181,0.114,100.61
2024-25,Keyonte George,UTA,21.0,0.391,0.343,0.818,16.8,3.8,5.6,0.7,2.7,110.1,122.0,-11.9,0.539,0.485,0.237,0.272,0.058,0.093,101.25
2024-25,Khris Middleton,WAS,33.0,0.475,0.361,0.857,11.9,3.7,4.1,0.9,1.5,114.1,112.6,1.5,0.588,0.546,0.208,0.251,0.076,0.114,104.75
2024-25,Killian Hayes,BKN,23.0,0.419,0.381,0.833,9.0,3.0,5.2,0.7,1.5,109.9,115.6,-5.7,0.559,0.512,0.145,0.274,0.055,0.085,101.72
2024-25,Klay Thompson,DAL,35.0,0.412,0.391,0.905,14.0,3.4,2.0,0.7,1.2,112.8,115.2,-2.4,0.552,0.535,0.214,0.104,0.06,0.083,100.53
2024-25,Kobe Brown,LAC,25.0,0.458,0.231,0.714,1.9,1.6,0.6,0.2,0.3,105.9,114.7,-8.7,0.513,0.5,0.134,0.137,0.122,0.083,98.21
2024-25,Kobe Bufkin,ATL,21.0,0.383,0.211,0.722,5.3,2.1,1.7,0.3,0.8,95.3,103.3,-8.0,0.483,0.426,0.203,0.213,0.077,0.086,106.96
2024-25,Kris Dunn,LAC,31.0,0.439,0.335,0.682,6.4,3.4,2.8,1.7,1.0,113.8,106.0,7.8,0.531,0.525,0.126,0.153,0.072,0.07,99.24
2024-25,Kris Murray,POR,24.0,0.419,0.225,0.456,4.2,2.6,1.0,0.5,0.6,106.0,107.8,-1.8,0.472,0.468,0.133,0.09,0.081,0.061,102.7
2024-25,Kristaps Porziņģis,BOS,29.0,0.483,0.412,0.809,19.5,6.8,2.1,0.7,1.3,116.2,110.3,5.8,0.618,0.572,0.253,0.113,0.11,0.132,99.83
2024-25,Kyle Anderson,MIA,31.0,0.469,0.357,0.738,5.9,3.4,2.4,0.7,0.6,106.1,107.6,-1.5,0.538,0.51,0.152,0.211,0.097,0.108,100.06
2024-25,Kyle Filipowski,UTA,21.0,0.502,0.35,0.65,9.6,6.1,1.9,0.7,1.4,107.7,118.9,-11.3,0.594,0.576,0.184,0.14,0.14,0.103,102.46
2024-25,Kyle Kuzma,MIL,29.0,0.436,0.307,0.634,14.8,5.7,2.3,0.6,2.2,105.8,116.1,-10.3,0.514,0.493,0.233,0.123,0.091,0.08,102.96
2024-25,Kyle Lowry,PHI,39.0,0.35,0.33,0.818,3.9,1.9,2.7,0.9,0.6,103.8,109.6,-5.8,0.525,0.474,0.1,0.206,0.05,0.067,99.28
2024-25,Kylor Kelley,LAL,27.0,0.636,0.0,0.6,3.1,3.5,0.5,0.1,0.4,101.4,130.5,-29.1,0.644,0.636,0.097,0.056,0.134,0.072,104.42
2024-25,Kyrie Irving,DAL,33.0,0.473,0.401,0.916,24.7,4.8,4.6,1.3,2.2,116.5,113.9,2.6,0.594,0.549,0.264,0.198,0.064,0.129,99.98
2024-25,Kyshawn George,WAS,21.0,0.372,0.322,0.753,8.7,4.2,2.5,1.0,1.4,105.4,115.5,-10.1,0.503,0.476,0.156,0.133,0.074,0.058,102.7
2024-25,LaMelo Ball,CHA,23.0,0.405,0.339,0.843,25.2,4.9,7.4,1.1,3.6,112.7,116.5,-3.9,0.536,0.494,0.342,0.39,0.072,0.127,101.33
2024-25,Lamar Stevens,MEM,27.0,0.46,0.296,0.727,4.4,2.2,0.5,0.3,0.6,128.2,101.8,26.4,0.545,0.524,0.21,0.063,0.114,0.09,102.46
2024-25,Landry Shamet,NYK,28.0,0.461,0.397,0.667,5.7,1.2,0.5,0.5,0.4,111.6,106.5,5.1,0.601,0.596,0.143,0.049,0.039,0.062,99.55
2024-25,Larry Nance Jr.,ATL,32.0,0.516,0.447,0.692,8.5,4.3,1.6,0.8,0.7,107.5,116.5,-9.0,0.632,0.626,0.155,0.125,0.108,0.106,104.76
2024-25,Lauri Markkanen,UTA,28.0,0.423,0.346,0.876,19.0,5.9,1.5,0.7,1.4,111.4,117.5,-6.1,0.571,0.521,0.231,0.074,0.09,0.103,101.64
2024-25,LeBron James,LAL,40.0,0.513,0.376,0.782,24.4,7.8,8.2,1.0,3.7,112.7,114.0,-1.3,0.604,0.571,0.291,0.395,0.112,0.169,100.62
2024-25,Leonard Miller,MIN,21.0,0.4,0.0,1.0,1.5,0.8,0.0,0.2,0.2,79.2,98.6,-19.4,0.54,0.4,0.239,0.0,0.145,0.202,107.87
2024-25,Lester Quiñones,NOP,24.0,0.397,0.295,0.846,6.6,1.5,1.8,0.2,1.1,104.5,110.4,-5.9,0.514,0.481,0.213,0.198,0.048,0.065,105.49
2024-25,Liam Robbins,MIL,25.0,0.25,0.0,0.5,0.7,0.9,0.2,0.2,0.5,80.3,85.6,-5.3,0.363,0.25,0.128,0.056,0.098,-0.025,106.17
2024-25,Lindy Waters III,DET,27.0,0.369,0.344,0.727,4.9,2.1,1.0,0.5,0.4,111.6,110.2,1.4,0.504,0.498,0.145,0.092,0.067,0.061,99.37
2024-25,Lonnie Walker IV,PHI,26.0,0.42,0.354,0.8,12.4,3.2,2.5,0.5,1.3,104.7,118.7,-14.1,0.548,0.526,0.214,0.167,0.063,0.091,101.6
2024-25,Lonzo Ball,CHI,27.0,0.366,0.344,0.815,7.6,3.4,3.3,1.3,1.2,113.5,108.0,5.5,0.524,0.504,0.152,0.187,0.068,0.078,105.6
2024-25,Luguentz Dort,OKC,26.0,0.435,0.412,0.717,10.1,4.1,1.6,1.1,0.7,120.4,107.3,13.1,0.586,0.578,0.133,0.067,0.067,0.063,101.75
2024-25,Luka Dončić,LAL,26.0,0.45,0.368,0.782,28.2,8.2,7.7,1.8,3.6,119.6,110.5,9.1,0.587,0.536,0.328,0.342,0.112,0.17,100.22
2024-25,Luka Garza,MIN,26.0,0.495,0.278,0.686,3.5,1.4,0.3,0.2,0.3,107.9,107.5,0.4,0.573,0.543,0.241,0.082,0.121,0.101,105.17
2024-25,Luke Kennard,MEM,29.0,0.478,0.433,0.895,8.9,2.8,3.3,0.8,1.1,117.6,114.5,3.1,0.631,0.609,0.14,0.179,0.059,0.093,104.99
2024-25,Luke Kornet,BOS,29.0,0.668,0.0,0.691,6.0,5.3,1.6,0.5,0.4,121.2,106.3,14.9,0.683,0.668,0.111,0.115,0.136,0.114,95.87
2024-25,Luke Travers,CLE,23.0,0.25,0.0,1.0,1.0,1.7,0.7,0.1,0.7,109.1,109.7,-0.5,0.287,0.25,0.132,0.113,0.097,0.022,101.62
2024-25,Mac McClung,ORL,26.0,0.0,0.0,0.0,0.0,0.5,1.5,0.0,0.0,119.0,128.6,-9.5,0.0,0.0,0.087,0.333,0.05,0.0,98.5
2024-25,Malachi Flynn,SAS,27.0,0.385,0.25,0.833,4.0,1.8,1.8,0.8,1.0,112.8,109.1,3.7,0.512,0.423,0.196,0.233,0.079,0.084,95.6
2024-25,Malaki Branham,SAS,22.0,0.458,0.405,0.818,5.0,1.1,0.8,0.2,0.7,106.1,109.8,-3.7,0.575,0.547,0.233,0.139,0.057,0.087,103.25
2024-25,Malcolm Brogdon,WAS,32.0,0.433,0.286,0.88,12.7,3.8,4.1,0.5,1.6,106.5,116.9,-10.4,0.544,0.467,0.231,0.267,0.077,0.113,103.18
2024-25,Malevy Leons,OKC,25.0,0.0,0.0,0.5,0.3,0.5,0.2,0.0,0.2,61.4,104.7,-43.3,0.266,0.0,0.102,0.111,0.065,-0.069,99.59
2024-25,Malik Beasley,DET,28.0,0.43,0.416,0.679,16.3,2.6,1.7,0.9,1.0,113.3,110.2,3.1,0.59,0.579,0.215,0.089,0.045,0.091,102.76
2024-25,Malik Monk,SAC,27.0,0.439,0.325,0.865,17.2,3.8,5.6,0.9,2.4,117.0,114.5,2.5,0.549,0.513,0.236,0.246,0.059,0.099,101.33
2024-25,MarJon Beauchamp,NYK,24.0,0.415,0.345,0.75,2.3,1.3,0.3,0.1,0.4,94.8,92.0,2.9,0.535,0.492,0.222,0.124,0.129,0.123,106.73
2024-25,Marcus Bagley,PHI,23.0,0.391,0.156,0.8,6.7,7.0,1.0,0.9,0.7,101.1,117.0,-15.9,0.456,0.428,0.128,0.056,0.124,0.077,102.58
2024-25,Marcus Garrett,CHA,26.0,0.407,0.375,0.75,7.0,1.5,3.3,0.8,1.5,95.6,119.3,-23.6,0.487,0.463,0.193,0.255,0.036,0.057,97.05
2024-25,Marcus Sasser,DET,24.0,0.463,0.382,0.843,6.6,1.2,2.3,0.6,0.9,110.4,107.5,2.9,0.589,0.561,0.187,0.239,0.04,0.095,102.0
2024-25,Marcus Smart,WAS,31.0,0.393,0.348,0.761,9.0,2.1,3.2,1.1,1.6,109.9,107.3,2.6,0.529,0.488,0.198,0.221,0.047,0.086,107.13
2024-25,Mark Williams,CHA,23.0,0.604,0.0,0.804,15.3,10.2,2.5,0.7,1.6,106.3,118.9,-12.7,0.647,0.604,0.21,0.154,0.178,0.156,100.77
2024-25,Markelle Fultz,SAC,27.0,0.418,0.5,1.0,2.9,1.0,1.3,0.5,0.7,109.3,105.7,3.6,0.452,0.448,0.196,0.208,0.058,0.065,99.36
2024-25,Markieff Morris,LAL,35.0,0.3,0.25,0.833,3.7,1.5,1.4,0.1,0.3,106.1,113.9,-7.8,0.385,0.364,0.202,0.191,0.066,0.045,100.86
2024-25,Marvin Bagley III,MEM,26.0,0.519,0.158,0.657,4.4,2.7,0.4,0.3,0.4,108.2,108.8,-0.6,0.56,0.533,0.2,0.063,0.143,0.123,103.88
2024-25,Mason Jones,SAC,26.0,0.5,0.125,0.8,2.3,0.9,1.1,0.0,0.1,107.4,105.3,2.2,0.569,0.528,0.193,0.379,0.099,0.159,99.93
2024-25,Mason Plumlee,PHX,35.0,0.619,0.0,0.648,4.5,6.1,1.8,0.4,0.8,115.2,115.0,0.2,0.645,0.619,0.105,0.133,0.176,0.098,100.08
2024-25,Matas Buzelis,CHI,20.0,0.454,0.361,0.815,8.6,3.5,1.0,0.4,0.9,110.4,112.1,-1.7,0.571,0.541,0.181,0.072,0.085,0.079,105.38
2024-25,Matisse Thybulle,POR,28.0,0.477,0.438,0.467,7.5,3.5,1.9,2.2,0.9,105.3,105.1,0.2,0.592,0.597,0.135,0.126,0.076,0.114,102.37
2024-25,Matt Ryan,NOP,28.0,0.323,0.316,1.0,1.5,0.4,0.2,0.1,0.2,80.5,108.8,-28.3,0.439,0.419,0.208,0.083,0.056,0.062,104.75
2024-25,Max Christie,DAL,22.0,0.427,0.366,0.855,9.6,3.3,1.9,0.8,1.1,112.6,114.3,-1.7,0.57,0.525,0.15,0.093,0.061,0.069,100.27
2024-25,Max Strus,CLE,29.0,0.442,0.386,0.824,9.4,4.3,3.2,0.5,1.1,120.1,112.2,7.9,0.607,0.594,0.143,0.157,0.081,0.083,101.34
2024-25,Maxi Kleber,LAL,33.0,0.385,0.265,0.762,3.0,2.8,1.3,0.3,0.7,111.9,112.3,-0.4,0.489,0.453,0.085,0.087,0.073,0.035,101.75
2024-25,Maxwell Lewis,BKN,22.0,0.417,0.38,0.7,4.1,2.0,0.7,0.3,0.5,101.2,110.7,-9.6,0.516,0.505,0.164,0.091,0.082,0.066,99.39
2024-25,Micah Potter,UTA,27.0,0.422,0.316,0.85,4.3,4.3,0.8,0.4,0.8,108.6,116.2,-7.6,0.563,0.537,0.102,0.058,0.107,0.063,101.29
2024-25,Michael Porter Jr.,DEN,27.0,0.504,0.395,0.768,18.2,7.0,2.1,0.6,1.4,119.8,115.4,4.4,0.617,0.596,0.197,0.084,0.103,0.101,101.52
2024-25,Mikal Bridges,NYK,28.0,0.5,0.354,0.814,17.6,3.2,3.7,0.9,1.6,118.4,112.9,5.6,0.585,0.57,0.192,0.141,0.043,0.09,98.1
2024-25,Mike Conley,MIN,37.0,0.4,0.41,0.9,8.2,2.6,4.5,1.1,1.1,115.5,109.0,6.5,0.573,0.535,0.141,0.243,0.052,0.092,97.92
2024-25,Miles Bridges,CHA,27.0,0.431,0.313,0.87,20.3,7.5,3.9,0.7,2.1,108.2,113.6,-5.5,0.541,0.495,0.273,0.203,0.11,0.135,100.58
2024-25,Miles McBride,NYK,24.0,0.406,0.369,0.813,9.5,2.5,2.9,1.0,0.6,116.8,109.7,7.1,0.531,0.511,0.162,0.155,0.049,0.077,99.2
2024-25,Miles Norris,BOS,25.0,0.222,0.286,0.5,2.3,3.0,0.0,0.7,0.0,87.7,110.9,-23.2,0.354,0.333,0.127,0.0,0.108,0.088,88.67
2024-25,Mitchell Robinson,NYK,27.0,0.661,0.0,0.684,5.1,5.9,0.8,0.9,0.6,113.8,108.2,5.7,0.676,0.661,0.109,0.062,0.175,0.122,96.37
2024-25,Mo Bamba,NOP,27.0,0.464,0.278,0.704,4.3,4.5,0.6,0.3,0.6,103.5,112.5,-9.0,0.557,0.531,0.15,0.068,0.175,0.1,98.15
2024-25,Monte Morris,PHX,30.0,0.426,0.36,0.857,5.2,1.5,1.6,0.4,0.5,111.1,108.3,2.8,0.546,0.505,0.173,0.188,0.056,0.096,99.99
2024-25,Moritz Wagner,ORL,28.0,0.562,0.36,0.718,12.9,4.9,1.4,0.8,1.6,106.1,107.0,-0.9,0.649,0.616,0.254,0.135,0.131,0.165,99.97
2024-25,Moses Brown,DAL,25.0,0.694,0.0,0.727,5.8,3.4,0.2,0.5,0.8,101.5,105.9,-4.4,0.706,0.694,0.216,0.029,0.165,0.154,108.49
2024-25,Moses Moody,GSW,23.0,0.433,0.374,0.797,9.8,2.6,1.3,0.8,0.7,113.2,108.9,4.3,0.578,0.544,0.17,0.084,0.056,0.076,100.74
2024-25,Mouhamed Gueye,ATL,22.0,0.421,0.259,0.762,6.0,4.2,0.8,0.8,0.5,113.4,104.7,8.8,0.52,0.482,0.155,0.064,0.127,0.085,103.84
2024-25,Moussa Diabaté,CHA,23.0,0.596,0.0,0.595,5.7,6.2,0.8,0.6,0.9,106.9,110.3,-3.4,0.609,0.596,0.13,0.069,0.169,0.115,97.32
2024-25,Myles Turner,IND,29.0,0.481,0.396,0.773,15.6,6.5,1.5,0.8,1.7,116.1,111.5,4.7,0.612,0.577,0.207,0.072,0.109,0.103,100.19
2024-25,N'Faly Dante,HOU,23.0,0.769,0.0,0.8,6.0,5.3,0.5,0.3,0.5,114.9,123.5,-8.6,0.789,0.769,0.133,0.05,0.2,0.125,108.58
2024-25,Nae'Qwan Tomlin,CLE,24.0,0.406,0.2,0.727,7.2,4.2,0.4,0.0,0.4,96.4,92.0,4.4,0.489,0.438,0.23,0.053,0.131,0.096,104.1
2024-25,Naji Marshall,DAL,27.0,0.508,0.275,0.813,13.2,4.8,3.0,1.0,1.6,111.5,114.7,-3.2,0.584,0.551,0.197,0.161,0.084,0.105,101.27
2024-25,Nate Williams,HOU,26.0,0.435,0.231,0.625,3.3,0.7,0.5,0.4,0.7,110.6,116.8,-6.2,0.496,0.484,0.212,0.079,0.043,0.038,108.85
2024-25,Naz Reid,MIN,25.0,0.462,0.379,0.776,14.2,6.0,2.3,0.7,1.4,116.2,108.8,7.4,0.577,0.556,0.21,0.123,0.106,0.11,99.34
2024-25,Neemias Queta,BOS,25.0,0.65,0.0,0.754,5.0,3.8,0.7,0.3,0.6,117.4,108.3,9.1,0.674,0.65,0.136,0.076,0.137,0.102,95.52
2024-25,Nic Claxton,BKN,26.0,0.563,0.238,0.513,10.3,7.4,2.2,0.9,1.2,103.6,116.2,-12.6,0.569,0.568,0.166,0.14,0.137,0.115,97.38
2024-25,Nick Richards,PHX,27.0,0.591,0.0,0.744,9.3,8.2,0.9,0.2,1.4,112.3,120.9,-8.7,0.634,0.591,0.169,0.058,0.181,0.107,98.62
2024-25,Nick Smith Jr.,CHA,21.0,0.391,0.34,0.935,9.9,2.1,2.4,0.3,1.4,102.1,116.4,-14.3,0.502,0.482,0.205,0.169,0.043,0.064,99.74
2024-25,Nickeil Alexander-Walker,MIN,26.0,0.438,0.381,0.78,9.4,3.2,2.7,0.6,1.2,115.1,108.5,6.6,0.579,0.553,0.155,0.149,0.062,0.081,99.57
2024-25,Nicolas Batum,LAC,36.0,0.437,0.433,0.81,4.0,2.8,1.1,0.7,0.4,110.5,104.7,5.9,0.633,0.622,0.087,0.082,0.077,0.069,100.22
2024-25,Nikola Jokić,DEN,30.0,0.576,0.417,0.8,29.6,12.7,10.2,1.8,3.3,125.6,115.1,10.5,0.663,0.627,0.285,0.398,0.173,0.206,101.99
2024-25,Nikola Jović,MIA,22.0,0.456,0.371,0.828,10.7,3.9,2.8,0.8,1.3,109.6,110.7,-1.1,0.595,0.56,0.178,0.174,0.076,0.098,98.48
2024-25,Nikola Vučević,CHI,34.0,0.53,0.402,0.805,18.5,10.1,3.5,0.8,1.6,113.6,116.0,-2.4,0.611,0.592,0.221,0.165,0.154,0.136,104.11
2024-25,Noah Clowney,BKN,20.0,0.358,0.333,0.838,9.1,3.9,0.9,0.5,1.0,103.0,115.2,-12.3,0.516,0.474,0.185,0.063,0.084,0.061,97.91
2024-25,Norman Powell,LAC,32.0,0.484,0.418,0.804,21.8,3.2,2.1,1.2,1.8,116.2,107.4,8.8,0.615,0.578,0.255,0.096,0.049,0.11,99.69
2024-25,OG Anunoby,NYK,27.0,0.476,0.372,0.81,18.0,4.8,2.2,1.5,1.4,117.7,112.3,5.4,0.591,0.559,0.195,0.084,0.067,0.093,97.73
2024-25,Obi Toppin,IND,27.0,0.529,0.365,0.781,10.5,4.0,1.6,0.6,0.9,113.6,116.1,-2.6,0.642,0.621,0.191,0.116,0.101,0.115,103.97
2024-25,Ochai Agbaji,TOR,25.0,0.498,0.399,0.708,10.4,3.8,1.5,0.9,0.8,106.4,112.2,-5.7,0.601,0.593,0.144,0.081,0.066,0.081,101.93
2024-25,Olivier-Maxence Prosper,DAL,22.0,0.402,0.235,0.645,3.9,2.4,0.8,0.5,0.3,101.8,109.5,-7.7,0.484,0.437,0.158,0.101,0.103,0.082,103.43
2024-25,Onyeka Okongwu,ATL,24.0,0.567,0.324,0.759,13.4,8.9,2.3,0.9,1.2,114.9,113.7,1.1,0.634,0.602,0.169,0.113,0.157,0.122,104.52
2024-25,Orlando Robinson,TOR,24.0,0.444,0.327,0.771,6.9,5.0,1.8,0.4,1.1,104.5,109.2,-4.8,0.519,0.477,0.177,0.152,0.127,0.088,102.45
2024-25,Oscar Tshiebwe,UTA,25.0,0.6,0.0,0.742,7.6,8.7,0.6,0.9,0.7,113.4,115.8,-2.5,0.64,0.6,0.144,0.051,0.221,0.14,101.2
2024-25,Oshae Brissett,PHI,27.0,0.487,0.333,0.571,8.7,3.7,0.7,0.7,1.3,113.6,124.3,-10.7,0.576,0.564,0.154,0.04,0.079,0.05,101.4
2024-25,Oso Ighodaro,PHX,22.0,0.604,0.0,0.58,4.2,3.6,1.2,0.5,0.6,109.4,110.0,-0.6,0.61,0.604,0.103,0.095,0.104,0.073,99.05
2024-25,Ousmane Dieng,OKC,22.0,0.432,0.324,0.688,3.8,2.2,0.8,0.5,0.5,104.3,99.2,5.1,0.538,0.524,0.152,0.107,0.091,0.088,102.86
2024-25,P.J. Tucker,NYK,40.0,0.429,0.5,0.0,3.0,2.7,0.0,0.3,0.3,106.1,127.4,-21.3,0.643,0.643,0.059,0.0,0.077,0.015,94.56
2024-25,P.J. Washington,DAL,26.0,0.453,0.381,0.722,14.7,7.8,2.3,1.1,2.1,114.2,113.2,1.1,0.556,0.521,0.198,0.098,0.115,0.097,101.66
2024-25,PJ Dozier,MIN,28.0,0.667,0.667,0.167,0.8,0.6,0.6,0.1,0.1,98.8,107.8,-9.0,0.621,1.0,0.082,0.167,0.088,0.054,107.91
2024-25,PJ Hall,DEN,23.0,0.583,0.25,0.75,1.7,1.2,0.2,0.0,0.1,91.9,91.3,0.5,0.641,0.625,0.176,0.118,0.148,0.168,99.0
2024-25,Pacôme Dadiet,NYK,19.0,0.323,0.316,0.667,1.7,1.0,0.3,0.2,0.2,103.8,113.0,-9.2,0.446,0.419,0.142,0.063,0.08,0.047,100.38
2024-25,Paolo Banchero,ORL,22.0,0.452,0.32,0.727,25.9,7.5,4.8,0.8,3.0,109.1,109.6,-0.6,0.551,0.5,0.33,0.262,0.108,0.157,97.29
2024-25,Pascal Siakam,IND,31.0,0.519,0.389,0.734,20.2,6.9,3.4,0.9,1.4,114.5,108.9,5.5,0.599,0.572,0.237,0.155,0.104,0.13,101.43
2024-25,Pat Connaughton,MIL,32.0,0.469,0.321,0.774,5.3,2.7,1.7,0.2,0.6,111.7,114.6,-2.9,0.567,0.542,0.151,0.159,0.088,0.088,99.41
2024-25,Pat Spencer,GSW,28.0,0.406,0.227,0.733,2.5,1.2,1.2,0.4,0.5,105.0,107.8,-2.8,0.455,0.431,0.204,0.274,0.09,0.093,103.26
2024-25,Patrick Baldwin Jr.,LAC,22.0,0.543,0.565,0.5,2.2,1.0,0.1,0.1,0.2,114.6,102.1,12.4,0.721,0.729,0.151,0.042,0.105,0.122,104.77
2024-25,Patrick Williams,CHI,23.0,0.397,0.353,0.723,9.0,3.8,2.0,0.8,1.4,108.7,113.5,-4.8,0.512,0.49,0.165,0.106,0.07,0.062,105.94
2024-25,Patty Mills,LAC,36.0,0.375,0.347,0.929,3.8,0.8,0.9,0.4,0.6,104.6,108.0,-3.4,0.543,0.51,0.15,0.123,0.032,0.055,103.29
2024-25,Paul George,PHI,35.0,0.43,0.358,0.814,16.2,5.3,4.3,1.8,2.6,108.3,112.2,-3.8,0.543,0.514,0.233,0.217,0.083,0.106,98.87
2024-25,Paul Reed,DET,26.0,0.507,0.286,0.762,4.1,2.7,1.0,0.9,0.6,111.3,105.7,5.6,0.573,0.535,0.179,0.141,0.142,0.115,101.81
2024-25,Payton Pritchard,BOS,27.0,0.472,0.407,0.845,14.3,3.8,3.5,0.9,1.0,118.4,108.9,9.5,0.633,0.62,0.186,0.184,0.065,0.116,96.45
2024-25,Pelle Larsson,MIA,24.0,0.438,0.337,0.672,4.6,1.7,1.2,0.6,0.4,111.1,108.7,2.4,0.546,0.517,0.141,0.116,0.058,0.055,98.71
2024-25,Pete Nance,MIL,25.0,0.438,0.375,0.5,2.9,1.6,0.8,0.2,0.3,107.8,114.8,-7.0,0.578,0.578,0.116,0.106,0.076,0.054,97.1
2024-25,Peyton Watson,DEN,22.0,0.477,0.353,0.693,8.1,3.4,1.4,0.7,0.8,113.9,113.9,0.0,0.564,0.533,0.138,0.073,0.069,0.066,101.83
2024-25,Phillip Wheeler,PHI,23.0,0.143,0.0,1.0,1.6,1.6,0.4,0.2,0.2,110.0,96.6,13.4,0.183,0.143,0.221,0.065,0.077,-0.005,96.76
2024-25,Precious Achiuwa,NYK,25.0,0.502,0.278,0.594,6.6,5.6,1.0,0.8,0.8,110.2,111.4,-1.2,0.53,0.517,0.143,0.065,0.135,0.092,100.16
2024-25,Quentin Grimes,PHI,25.0,0.467,0.385,0.757,14.6,4.3,3.0,1.0,1.9,111.9,118.1,-6.2,0.595,0.565,0.218,0.172,0.077,0.105,100.7
2024-25,Quenton Jackson,IND,26.0,0.475,0.375,0.775,5.8,1.6,1.9,0.8,0.6,110.9,110.1,0.8,0.58,0.537,0.167,0.193,0.057,0.089,104.12
2024-25,Quincy Olivari,LAL,24.0,0.2,0.2,0.0,1.5,0.0,0.5,0.0,0.5,68.2,150.0,-81.8,0.3,0.3,0.231,0.2,0.0,-0.022,102.52
2024-25,Quinten Post,GSW,25.0,0.449,0.408,0.778,8.1,3.5,1.3,0.4,0.8,111.5,109.1,2.4,0.595,0.582,0.197,0.131,0.106,0.095,100.02
2024-25,RJ Barrett,TOR,25.0,0.468,0.35,0.63,21.1,6.3,5.4,0.8,2.9,110.1,113.4,-3.4,0.547,0.523,0.281,0.257,0.094,0.121,102.74
2024-25,RayJ Dennis,IND,24.0,0.333,0.286,1.0,2.7,1.1,1.3,0.6,0.5,113.5,86.3,27.3,0.443,0.424,0.212,0.255,0.073,0.11,105.02
2024-25,Rayan Rupert,POR,21.0,0.408,0.271,0.767,3.0,1.3,0.5,0.3,0.6,100.6,109.8,-9.2,0.499,0.465,0.156,0.083,0.071,0.055,104.66
2024-25,Reece Beekman,BKN,23.0,0.327,0.175,0.762,2.6,1.1,1.8,0.9,0.6,98.5,110.4,-12.0,0.4,0.36,0.122,0.205,0.041,0.051,99.16
2024-25,Reed Sheppard,HOU,21.0,0.351,0.338,0.813,4.4,1.5,1.4,0.7,0.7,108.5,111.1,-2.7,0.465,0.452,0.171,0.153,0.054,0.06,104.93
2024-25,Reggie Jackson,PHI,35.0,0.391,0.338,0.778,4.4,1.4,1.5,0.5,0.5,108.3,111.8,-3.5,0.496,0.485,0.17,0.172,0.055,0.067,98.88
2024-25,Richaun Holmes,WAS,31.0,0.647,0.0,0.833,7.4,5.7,1.4,0.3,0.7,110.2,114.5,-4.3,0.695,0.647,0.143,0.112,0.161,0.135,100.78
2024-25,Ricky Council IV,PHI,23.0,0.382,0.258,0.804,7.3,2.9,1.3,0.4,0.7,109.9,116.0,-6.1,0.502,0.442,0.196,0.115,0.084,0.08,99.93
2024-25,Riley Minix,SAS,24.0,0.0,0.0,0.0,0.0,2.0,0.0,0.0,0.0,93.3,93.3,0.0,0.0,0.0,0.063,0.0,0.118,0.039,106.67
2024-25,Rob Dillingham,MIN,20.0,0.441,0.338,0.533,4.5,1.0,2.0,0.4,1.1,112.3,111.1,1.2,0.503,0.5,0.215,0.283,0.046,0.078,101.82
2024-25,Robert Williams III,POR,27.0,0.641,0.333,0.882,5.8,5.9,1.1,0.7,0.9,106.3,108.3,-2.0,0.679,0.647,0.12,0.09,0.159,0.137,100.69
2024-25,Ron Harper Jr.,DET,25.0,0.125,0.0,1.0,4.0,7.0,2.0,0.0,0.0,120.6,116.7,3.9,0.225,0.125,0.205,0.143,0.189,0.071,98.82
2024-25,Ronald Holland II,DET,19.0,0.474,0.238,0.754,6.4,2.7,1.0,0.6,0.9,109.8,110.9,-1.0,0.556,0.517,0.177,0.095,0.083,0.078,101.0
2024-25,Royce O'Neale,PHX,32.0,0.423,0.406,0.731,9.1,4.7,2.2,0.9,0.9,112.1,116.4,-4.2,0.585,0.58,0.151,0.128,0.094,0.085,100.27
2024-25,Rudy Gobert,MIN,33.0,0.669,0.0,0.674,12.0,10.9,1.8,0.8,1.2,114.3,107.6,6.7,0.687,0.669,0.129,0.075,0.161,0.126,97.63
2024-25,Rui Hachimura,LAL,27.0,0.509,0.413,0.77,13.1,5.0,1.4,0.8,0.8,114.8,110.9,3.9,0.619,0.597,0.156,0.063,0.079,0.086,99.44
2024-25,Russell Westbrook,DEN,36.0,0.449,0.323,0.661,13.3,4.9,6.1,1.4,3.2,115.7,116.2,-0.6,0.532,0.505,0.23,0.289,0.086,0.093,103.3
2024-25,Ryan Dunn,PHX,22.0,0.43,0.311,0.487,6.9,3.6,0.8,0.6,0.5,110.4,115.1,-4.7,0.517,0.516,0.161,0.059,0.09,0.059,98.59
2024-25,Ryan Rollins,MIL,22.0,0.487,0.408,0.8,6.2,1.9,1.9,0.8,0.9,114.0,108.6,5.4,0.6,0.577,0.179,0.173,0.065,0.088,101.74
2024-25,Sam Hauser,BOS,27.0,0.451,0.416,1.0,8.5,3.2,0.9,0.6,0.3,119.8,109.8,10.0,0.632,0.627,0.14,0.057,0.07,0.083,96.4
2024-25,Sam Merrill,CLE,29.0,0.406,0.372,0.966,7.2,2.2,1.5,0.7,0.5,117.4,107.1,10.3,0.583,0.567,0.14,0.099,0.052,0.069,101.26
2024-25,Sandro Mamukelashvili,SAS,26.0,0.502,0.373,0.741,6.3,3.1,0.8,0.4,0.4,111.6,112.9,-1.4,0.628,0.609,0.202,0.108,0.131,0.124,102.07
2024-25,Santi Aldama,MEM,24.0,0.483,0.368,0.691,12.5,6.4,2.9,0.8,1.1,116.1,112.6,3.5,0.588,0.576,0.179,0.149,0.116,0.121,105.41
2024-25,Scoot Henderson,POR,21.0,0.419,0.354,0.767,12.7,3.0,5.1,1.0,2.7,112.5,113.7,-1.3,0.54,0.496,0.22,0.274,0.054,0.084,100.99
2024-25,Scottie Barnes,TOR,23.0,0.446,0.271,0.755,19.3,7.7,5.8,1.4,2.8,107.4,110.1,-2.7,0.523,0.482,0.262,0.279,0.111,0.139,102.48
2024-25,Scotty Pippen Jr.,MEM,24.0,0.48,0.397,0.713,9.9,3.3,4.4,1.3,1.7,111.0,109.7,1.3,0.582,0.553,0.188,0.283,0.07,0.106,105.6
2024-25,Seth Curry,CHA,34.0,0.478,0.456,0.846,6.5,1.7,0.9,0.4,0.5,106.2,114.1,-8.0,0.616,0.599,0.151,0.087,0.049,0.083,99.1
2024-25,Shaedon Sharpe,POR,22.0,0.452,0.311,0.785,18.5,4.5,2.8,0.9,2.1,111.4,114.4,-3.0,0.551,0.519,0.25,0.138,0.07,0.102,99.88
2024-25,Shai Gilgeous-Alexander,OKC,26.0,0.519,0.375,0.898,32.7,5.0,6.4,1.7,2.4,122.4,105.7,16.7,0.637,0.569,0.336,0.299,0.069,0.199,101.91
2024-25,Shake Milton,LAL,28.0,0.453,0.358,0.797,5.5,1.8,1.8,0.4,0.7,106.2,113.1,-6.9,0.563,0.528,0.162,0.184,0.061,0.081,98.81
2024-25,Sidy Cissoko,POR,21.0,0.433,0.231,0.333,1.5,1.0,0.7,0.1,0.5,91.2,89.0,2.1,0.471,0.483,0.156,0.197,0.085,0.057,103.79
2024-25,Simone Fontecchio,DET,29.0,0.402,0.335,0.833,5.9,2.9,0.9,0.4,0.7,110.7,109.5,1.2,0.544,0.504,0.152,0.071,0.083,0.068,103.26
2024-25,Skal Labissiere,SAC,29.0,0.5,1.0,0.0,1.3,0.8,0.3,0.0,0.0,114.8,128.0,-13.2,0.625,0.625,0.129,0.125,0.143,0.092,104.35
2024-25,Spencer Dinwiddie,DAL,32.0,0.416,0.334,0.802,11.0,2.6,4.4,0.9,1.3,110.1,115.1,-5.0,0.553,0.496,0.175,0.228,0.048,0.089,101.4
2024-25,Spencer Jones,DEN,24.0,0.324,0.059,1.0,1.3,0.9,0.3,0.3,0.3,89.4,107.4,-18.0,0.368,0.338,0.128,0.06,0.062,0.013,104.76
2024-25,Stanley Umude,MIL,26.0,0.192,0.2,0.5,0.7,0.8,0.2,0.1,0.1,85.6,95.8,-10.1,0.27,0.25,0.137,0.071,0.089,0.022,107.72
2024-25,Stephen Curry,GSW,37.0,0.448,0.397,0.933,24.5,4.4,6.0,1.1,2.9,118.4,112.7,5.7,0.618,0.572,0.286,0.284,0.066,0.145,101.72
2024-25,Stephon Castle,SAS,20.0,0.428,0.285,0.724,14.7,3.7,4.1,0.9,2.2,111.8,116.6,-4.7,0.522,0.476,0.253,0.231,0.066,0.087,101.89
2024-25,Steven Adams,HOU,31.0,0.545,0.0,0.462,3.9,5.6,1.1,0.4,0.9,115.3,105.9,9.4,0.541,0.545,0.127,0.107,0.187,0.109,99.77
2024-25,Svi Mykhailiuk,UTA,28.0,0.391,0.345,0.8,8.8,2.4,2.0,0.5,1.4,110.3,117.7,-7.4,0.526,0.507,0.198,0.144,0.055,0.067,101.83
2024-25,T.J. McConnell,IND,33.0,0.519,0.306,0.74,9.1,2.4,4.4,1.1,1.4,111.1,113.8,-2.7,0.547,0.531,0.226,0.359,0.069,0.129,103.69
2024-25,Taj Gibson,CHA,40.0,0.495,0.5,0.6,2.9,3.2,0.6,0.2,0.7,96.6,110.4,-13.8,0.515,0.5,0.132,0.081,0.133,0.068,99.38
2024-25,Talen Horton-Tucker,CHI,24.0,0.457,0.336,0.735,6.5,1.7,1.4,0.4,0.7,111.4,109.8,1.7,0.567,0.527,0.208,0.162,0.063,0.09,106.82
2024-25,Tari Eason,HOU,24.0,0.487,0.342,0.76,12.0,6.4,1.5,1.7,1.1,114.8,109.2,5.6,0.567,0.543,0.185,0.082,0.118,0.117,101.55
2024-25,Taurean Prince,MIL,31.0,0.457,0.439,0.813,8.2,3.6,1.9,1.0,1.0,114.0,114.5,-0.4,0.613,0.6,0.123,0.093,0.065,0.064,100.95
2024-25,Taylor Hendricks,UTA,21.0,0.222,0.25,0.75,4.7,5.0,0.7,1.7,0.7,95.7,109.2,-13.5,0.354,0.306,0.113,0.04,0.083,0.036,105.0
2024-25,Taze Moore,POR,27.0,0.2,0.25,0.5,3.0,4.0,0.5,1.0,1.0,58.7,77.3,-18.6,0.276,0.25,0.224,0.125,0.138,0.105,108.82
2024-25,Terance Mann,ATL,28.0,0.496,0.368,0.691,7.7,3.0,1.8,0.7,0.7,112.9,115.2,-2.3,0.584,0.569,0.145,0.118,0.07,0.074,100.43
2024-25,Terence Davis,SAC,28.0,0.0,0.0,0.0,0.0,1.0,1.0,0.0,0.0,86.7,106.7,-20.0,0.0,0.0,0.111,0.167,0.059,0.0,91.33
2024-25,Terrence Shannon Jr.,MIN,24.0,0.482,0.355,0.81,4.3,1.5,1.0,0.2,0.5,107.8,107.0,0.8,0.56,0.531,0.166,0.139,0.065,0.082,103.77
2024-25,Terry Rozier,MIA,31.0,0.391,0.295,0.852,10.6,3.7,2.6,0.6,1.2,107.3,112.3,-4.9,0.497,0.462,0.195,0.152,0.068,0.078,99.13
2024-25,Terry Taylor,SAC,25.0,0.0,0.0,0.0,0.0,0.3,0.7,0.0,0.0,135.7,71.4,64.3,0.0,0.0,0.067,0.286,0.083,0.043,106.11
2024-25,Thomas Bryant,IND,27.0,0.508,0.324,0.859,6.5,3.8,0.8,0.4,0.5,109.9,113.4,-3.5,0.614,0.583,0.162,0.078,0.128,0.11,102.45
2024-25,Tidjane Salaün,CHA,19.0,0.33,0.283,0.713,5.9,4.7,1.2,0.5,1.0,99.4,111.2,-11.9,0.457,0.414,0.15,0.092,0.106,0.065,98.5
2024-25,Tim Hardaway Jr.,DET,33.0,0.406,0.368,0.855,11.0,2.4,1.6,0.5,0.6,113.8,114.2,-0.5,0.567,0.529,0.151,0.074,0.042,0.066,100.66
2024-25,Tobias Harris,DET,32.0,0.477,0.345,0.861,13.7,5.9,2.2,1.0,1.2,114.7,110.8,3.9,0.571,0.534,0.173,0.095,0.092,0.1,100.89
2024-25,Tolu Smith,DET,24.0,0.667,0.0,0.667,14.0,8.0,0.0,0.0,2.0,117.4,104.4,12.9,0.678,0.667,0.2,0.0,0.157,0.149,97.72
2024-25,Tony Bradley,IND,27.0,0.644,0.333,0.333,4.4,3.0,0.4,0.1,0.4,112.6,93.6,19.0,0.64,0.656,0.182,0.08,0.172,0.16,105.38
2024-25,Torrey Craig,BOS,34.0,0.422,0.364,0.667,4.2,2.8,0.7,0.3,0.3,104.9,109.8,-5.0,0.567,0.556,0.139,0.078,0.106,0.08,98.16
2024-25,Tosan Evbuomwan,BKN,24.0,0.427,0.312,0.753,9.5,4.3,2.0,0.9,1.4,103.4,108.4,-5.0,0.53,0.482,0.183,0.132,0.087,0.087,97.96
2024-25,Toumani Camara,POR,25.0,0.458,0.375,0.722,11.3,5.8,2.2,1.5,1.4,111.5,113.3,-1.8,0.572,0.552,0.143,0.096,0.086,0.076,99.38
2024-25,Trae Young,ATL,26.0,0.411,0.34,0.875,24.2,3.1,11.6,1.2,4.7,115.2,114.6,0.6,0.567,0.491,0.285,0.452,0.042,0.129,105.51
2024-25,Trayce Jackson-Davis,GSW,25.0,0.576,0.0,0.578,6.6,5.0,1.7,0.4,0.7,107.8,111.3,-3.5,0.587,0.576,0.164,0.163,0.152,0.12,101.53
2024-25,Tre Jones,CHI,25.0,0.538,0.396,0.821,7.2,2.5,4.2,0.8,0.8,112.0,113.5,-1.5,0.617,0.578,0.136,0.289,0.059,0.11,103.35
2024-25,Tre Mann,CHA,24.0,0.435,0.4,0.905,14.1,2.9,3.0,0.5,1.9,107.0,114.4,-7.3,0.537,0.509,0.25,0.219,0.056,0.098,99.0
2024-25,Trendon Watford,BKN,24.0,0.469,0.33,0.762,10.2,3.6,2.6,0.6,1.9,105.1,109.4,-4.4,0.557,0.51,0.226,0.211,0.084,0.101,97.8
2024-25,Trentyn Flowers,LAC,20.0,0.364,0.0,1.0,1.8,0.7,0.0,0.0,0.2,88.5,101.7,-13.2,0.446,0.364,0.194,0.0,0.073,0.029,108.62
2024-25,Trevelin Queen,ORL,28.0,0.381,0.286,0.857,4.9,1.7,1.2,1.0,0.7,101.9,111.1,-9.2,0.486,0.456,0.176,0.141,0.063,0.071,98.95
2024-25,Trey Alexander,DEN,22.0,0.317,0.176,0.75,1.3,0.5,0.5,0.1,0.2,94.2,105.1,-10.9,0.374,0.354,0.165,0.136,0.047,0.029,105.44
2024-25,Trey Jemison III,LAL,25.0,0.554,0.0,0.394,2.5,2.8,0.4,0.2,0.6,105.6,107.8,-2.2,0.537,0.554,0.121,0.058,0.128,0.044,99.06
2024-25,Trey Lyles,SAC,29.0,0.42,0.34,0.7,6.5,4.6,1.2,0.6,0.6,111.8,113.8,-2.0,0.551,0.528,0.139,0.084,0.114,0.087,100.04
2024-25,Trey Murphy III,NOP,25.0,0.454,0.361,0.887,21.2,5.1,3.5,1.1,1.9,109.0,118.7,-9.7,0.598,0.548,0.229,0.157,0.069,0.11,102.03
2024-25,Tristan Thompson,CLE,34.0,0.437,0.0,0.233,1.7,3.4,0.6,0.1,0.4,97.2,109.8,-12.5,0.41,0.437,0.123,0.109,0.177,0.083,100.56
2024-25,Tristan Vukcevic,WAS,22.0,0.496,0.373,0.776,9.4,3.7,1.1,0.3,1.2,102.6,114.3,-11.7,0.608,0.574,0.252,0.136,0.116,0.127,102.79
2024-25,Tristan da Silva,ORL,24.0,0.412,0.335,0.873,7.2,3.3,1.5,0.4,0.8,106.1,110.3,-4.2,0.522,0.495,0.149,0.105,0.076,0.074,96.97
2024-25,Tristen Newton,MIN,24.0,0.125,0.0,1.0,0.4,0.5,0.3,0.1,0.3,83.3,97.6,-14.2,0.178,0.125,0.185,0.182,0.087,-0.068,123.38
2024-25,Ty Jerome,CLE,27.0,0.516,0.439,0.872,12.5,2.5,3.4,1.1,1.3,120.3,110.4,9.9,0.643,0.606,0.229,0.241,0.06,0.134,101.92
2024-25,TyTy Washington Jr.,PHX,23.0,0.311,0.19,0.5,2.2,0.8,1.0,0.2,0.2,109.2,105.7,3.5,0.367,0.356,0.187,0.188,0.05,0.049,98.56
2024-25,Tyler Herro,MIA,25.0,0.472,0.375,0.878,23.9,5.2,5.5,0.9,2.6,113.9,112.6,1.3,0.605,0.563,0.271,0.254,0.073,0.139,97.78
2024-25,Tyler Kolek,NYK,24.0,0.329,0.298,0.765,2.0,0.7,1.7,0.3,0.4,104.1,104.4,-0.3,0.453,0.415,0.152,0.321,0.043,0.072,102.35
2024-25,Tyler Smith,MIL,20.0,0.48,0.433,0.75,2.9,1.1,0.2,0.1,0.3,103.4,96.3,7.1,0.626,0.61,0.205,0.056,0.098,0.123,105.22
2024-25,Tyrese Haliburton,IND,25.0,0.473,0.388,0.851,18.6,3.5,9.2,1.4,1.6,117.7,114.2,3.5,0.616,0.582,0.21,0.384,0.052,0.143,100.82
2024-25,Tyrese Martin,BKN,26.0,0.406,0.351,0.793,8.7,3.7,2.0,0.6,1.2,103.2,113.4,-10.2,0.533,0.513,0.179,0.15,0.083,0.084,98.64
2024-25,Tyrese Maxey,PHI,24.0,0.437,0.337,0.879,26.3,3.3,6.1,1.8,2.4,113.8,117.4,-3.5,0.562,0.511,0.293,0.276,0.045,0.127,98.34
2024-25,Tyson Etienne,BKN,25.0,0.327,0.295,0.8,7.9,1.3,1.7,0.4,1.1,98.8,119.3,-20.5,0.488,0.452,0.177,0.126,0.03,0.024,105.16
2024-25,Tyus Jones,PHX,29.0,0.448,0.414,0.895,10.2,2.4,5.3,0.9,1.1,113.6,116.1,-2.5,0.585,0.57,0.16,0.276,0.045,0.099,99.19
2024-25,Ulrich Chomche,TOR,19.0,0.4,0.0,0.5,0.7,1.1,0.3,0.0,0.3,96.9,140.3,-43.4,0.425,0.4,0.108,0.111,0.151,0.02,94.73
2024-25,Vasilije Micic,PHX,31.0,0.348,0.36,0.829,6.6,2.2,3.1,0.4,1.9,102.2,109.4,-7.2,0.462,0.43,0.199,0.258,0.053,0.061,97.45
2024-25,Victor Wembanyama,SAS,21.0,0.476,0.352,0.836,24.3,11.0,3.7,1.1,3.2,112.5,110.0,2.6,0.594,0.559,0.3,0.184,0.159,0.168,100.98
2024-25,Vince Williams Jr.,MEM,24.0,0.401,0.274,0.792,6.6,3.6,2.0,0.4,1.2,117.4,116.2,1.2,0.504,0.479,0.166,0.14,0.096,0.065,105.23
2024-25,Vlatko Cancar,DEN,28.0,0.385,0.267,0.0,1.8,2.5,0.7,0.2,0.8,93.5,100.3,-6.9,0.462,0.462,0.109,0.095,0.102,0.062,102.84
2024-25,Vít Krejčí,ATL,25.0,0.497,0.437,0.711,7.2,2.7,2.6,0.6,0.9,109.7,111.6,-1.9,0.661,0.651,0.131,0.175,0.067,0.086,102.63
2024-25,Walker Kessler,UTA,23.0,0.663,0.176,0.52,11.1,12.2,1.7,0.6,1.5,109.2,118.3,-9.1,0.66,0.671,0.133,0.083,0.19,0.127,100.8
2024-25,Wendell Carter Jr.,ORL,26.0,0.46,0.234,0.737,9.1,7.2,2.0,0.8,1.1,107.8,107.8,0.0,0.544,0.498,0.159,0.117,0.14,0.099,97.19
2024-25,Wendell Moore Jr.,CHA,23.0,0.468,0.341,0.818,4.2,2.6,1.2,0.6,0.8,99.6,112.0,-12.4,0.553,0.524,0.133,0.13,0.09,0.083,100.73
2024-25,Xavier Tillman,BOS,26.0,0.245,0.156,0.75,1.0,1.3,0.2,0.3,0.4,106.6,108.9,-2.3,0.31,0.292,0.125,0.043,0.091,0.022,97.6
2024-25,Yuki Kawamura,MEM,24.0,0.367,0.304,0.778,1.6,0.5,0.9,0.1,0.2,114.6,102.5,12.1,0.53,0.483,0.167,0.257,0.063,0.086,106.19
2024-25,Yuri Collins,GSW,24.0,0.333,0.0,0.0,1.0,1.5,2.0,1.0,0.0,94.4,111.4,-17.0,0.333,0.333,0.068,0.333,0.079,0.048,104.54
2024-25,Yves Missi,NOP,21.0,0.547,0.0,0.623,9.1,8.2,1.4,0.5,1.1,107.8,120.5,-12.7,0.572,0.547,0.141,0.072,0.149,0.09,99.85
2024-25,Zaccharie Risacher,ATL,20.0,0.458,0.355,0.711,12.6,3.6,1.2,0.7,1.2,112.3,115.0,-2.7,0.558,0.537,0.203,0.068,0.071,0.071,104.57
2024-25,Zach Collins,CHI,27.0,0.507,0.302,0.885,6.4,4.5,1.7,0.5,0.9,109.4,109.9,-0.4,0.605,0.56,0.166,0.162,0.136,0.106,102.77
2024-25,Zach Edey,MEM,23.0,0.58,0.346,0.709,9.2,8.3,1.0,0.5,1.3,116.8,111.5,5.3,0.624,0.6,0.156,0.059,0.179,0.111,104.2
2024-25,Zach LaVine,SAC,30.0,0.511,0.446,0.825,23.3,4.3,4.2,0.8,2.8,115.4,116.8,-1.4,0.639,0.609,0.251,0.178,0.059,0.115,101.28
2024-25,Zeke Nnaji,DEN,24.0,0.496,0.327,0.614,3.2,1.6,0.4,0.4,0.2,107.3,108.9,-1.6,0.574,0.557,0.119,0.051,0.067,0.063,102.16
2024-25,Ziaire Williams,BKN,23.0,0.412,0.341,0.821,10.0,4.6,1.3,1.0,1.1,106.5,116.2,-9.7,0.55,0.511,0.179,0.086,0.093,0.081,97.77
2024-25,Zion Williamson,NOP,24.0,0.567,0.231,0.656,24.6,7.2,5.3,1.2,3.0,113.7,115.5,-1.8,0.6,0.57,0.325,0.325,0.116,0.167,103.3
2024-25,Zyon Pullin,MEM,24.0,0.0,0.0,0.0,0.0,0.0,0.0,0.0,0.0,83.3,66.7,16.7,0.0,0.0,0.167,0.0,0.0,-0.087,110.7
2025-26,A.J. Lawson,TOR,25.0,0.436,0.422,0.778,4.2,1.8,0.3,0.5,0.3,107.6,110.7,-3.1,0.588,0.558,0.172,0.046,0.096,0.091,99.45
2025-26,AJ Green,MIL,26.0,0.424,0.419,0.855,10.4,2.7,1.9,0.5,1.0,113.1,116.7,-3.6,0.627,0.612,0.135,0.09,0.046,0.058,99.28
2025-26,AJ Johnson,DAL,21.0,0.324,0.211,0.85,3.3,1.1,1.0,0.2,0.6,105.7,112.1,-6.4,0.413,0.358,0.195,0.151,0.057,0.045,102.05
2025-26,Aaron Gordon,DEN,30.0,0.497,0.389,0.767,16.2,5.8,2.7,0.6,1.1,124.7,112.0,12.7,0.62,0.574,0.213,0.13,0.102,0.117,99.99
2025-26,Aaron Holiday,HOU,29.0,0.417,0.394,0.854,5.5,1.0,1.1,0.5,0.7,114.6,106.3,8.3,0.578,0.55,0.159,0.105,0.035,0.063,99.63
2025-26,Aaron Nesmith,IND,26.0,0.414,0.379,0.829,13.8,4.2,1.9,0.6,1.4,111.1,118.4,-7.3,0.554,0.517,0.19,0.091,0.067,0.067,103.09
2025-26,Aaron Wiggins,OKC,27.0,0.431,0.356,0.736,9.4,3.1,1.7,0.9,1.2,112.8,106.7,6.2,0.538,0.521,0.194,0.11,0.066,0.082,101.47
2025-26,Ace Bailey,UTA,19.0,0.443,0.344,0.75,13.8,4.2,1.8,0.8,1.5,109.8,120.4,-10.7,0.533,0.52,0.21,0.098,0.072,0.069,104.58
2025-26,Adama Bal,MEM,22.0,0.412,0.409,0.9,10.4,3.1,2.4,1.1,0.8,99.6,130.0,-30.3,0.573,0.544,0.134,0.119,0.049,0.052,105.82
2025-26,Adem Bona,PHI,23.0,0.595,0.333,0.708,4.8,4.3,0.5,0.4,0.8,113.1,112.9,0.3,0.638,0.6,0.108,0.034,0.119,0.069,102.35
2025-26,Adou Thiero,LAL,22.0,0.516,0.333,0.636,1.9,1.1,0.4,0.3,0.4,109.2,122.4,-13.2,0.578,0.532,0.143,0.094,0.104,0.054,100.41
2025-26,Ajay Mitchell,OKC,24.0,0.485,0.347,0.87,13.6,3.3,3.6,1.2,1.4,118.2,102.5,15.6,0.585,0.536,0.21,0.194,0.062,0.116,102.48
2025-26,Al Horford,GSW,40.0,0.426,0.361,0.846,8.3,4.9,2.6,0.7,0.9,112.7,113.5,-0.9,0.554,0.54,0.163,0.171,0.111,0.104,101.08
2025-26,Alex Antetokounmpo,MIL,24.0,0.375,0.286,0.733,3.2,1.0,0.2,0.0,0.2,102.2,89.4,12.8,0.651,0.5,0.314,0.083,0.113,0.196,108.15
2025-26,Alex Caruso,OKC,32.0,0.423,0.293,0.804,6.2,2.8,2.0,1.3,0.9,116.9,99.3,17.6,0.54,0.512,0.152,0.145,0.073,0.093,102.74
2025-26,Alex Morales,ORL,28.0,0.429,0.0,1.0,2.0,0.8,1.0,0.0,1.0,120.4,104.1,16.3,0.508,0.429,0.203,0.19,0.073,-0.006,99.73
2025-26,Alex Sarr,WAS,21.0,0.482,0.333,0.692,16.3,7.4,2.7,0.8,1.7,108.0,120.4,-12.4,0.544,0.52,0.252,0.161,0.126,0.121,103.35
2025-26,Alijah Martin,TOR,24.0,0.32,0.19,0.789,2.2,0.9,0.5,0.3,0.3,101.3,107.1,-5.8,0.437,0.36,0.185,0.129,0.068,0.062,98.07
2025-26,Alondes Williams,WAS,27.0,0.615,0.357,0.875,11.0,6.3,3.0,0.8,1.3,122.5,106.9,15.6,0.745,0.712,0.141,0.14,0.128,0.133,103.59
2025-26,Alperen Sengun,HOU,23.0,0.519,0.305,0.691,20.4,8.9,6.2,1.2,3.2,117.1,113.7,3.4,0.569,0.537,0.259,0.282,0.133,0.142,98.02
2025-26,Amari Williams,BOS,24.0,0.5,0.0,0.714,1.4,1.8,0.5,0.1,0.5,89.0,106.4,-17.4,0.573,0.5,0.103,0.116,0.12,0.079,102.44
2025-26,Amen Thompson,HOU,23.0,0.534,0.216,0.779,18.3,7.8,5.3,1.5,2.4,117.0,110.4,6.6,0.594,0.545,0.195,0.202,0.101,0.128,98.4
2025-26,Amir Coffey,PHX,29.0,0.487,0.347,0.786,3.2,1.2,0.6,0.2,0.2,107.6,109.8,-2.2,0.594,0.562,0.117,0.076,0.057,0.068,98.4
2025-26,Andersson Garcia,UTA,25.0,0.31,0.077,0.778,5.2,8.4,2.8,1.6,1.4,105.8,115.6,-9.8,0.394,0.328,0.094,0.107,0.117,0.052,103.68
2025-26,Andre Drummond,PHI,32.0,0.472,0.356,0.631,6.4,8.4,1.3,0.6,1.0,110.3,113.6,-3.2,0.539,0.519,0.143,0.09,0.202,0.113,100.54
2025-26,Andre Jackson Jr.,MIL,24.0,0.328,0.25,0.625,2.4,1.5,0.9,0.4,0.6,103.2,110.6,-7.5,0.425,0.391,0.17,0.16,0.09,0.044,100.27
2025-26,Andrew Nembhard,IND,26.0,0.442,0.361,0.825,16.9,2.8,7.7,0.9,2.4,109.3,119.3,-10.0,0.564,0.513,0.233,0.37,0.044,0.111,102.27
2025-26,Andrew Wiggins,MIA,31.0,0.475,0.414,0.784,15.4,4.8,2.7,1.1,1.5,113.7,113.9,-0.1,0.586,0.559,0.194,0.123,0.074,0.092,104.97
2025-26,Anfernee Simons,CHI,27.0,0.44,0.385,0.896,14.3,2.5,2.4,0.5,1.2,116.9,114.0,3.0,0.576,0.552,0.227,0.151,0.047,0.096,97.42
2025-26,Anthony Black,ORL,22.0,0.447,0.333,0.732,15.0,3.8,3.7,1.4,2.1,113.3,113.1,0.2,0.549,0.512,0.219,0.185,0.062,0.09,101.05
2025-26,Anthony Davis,WAS,33.0,0.506,0.27,0.728,20.4,11.1,2.8,1.1,2.1,110.0,114.6,-4.6,0.551,0.521,0.272,0.14,0.172,0.151,101.27
2025-26,Anthony Edwards,MIN,24.0,0.489,0.399,0.796,28.8,5.0,3.7,1.4,2.9,117.8,114.3,3.5,0.617,0.572,0.309,0.174,0.069,0.145,101.5
2025-26,Anthony Gill,WAS,33.0,0.628,0.354,0.739,5.8,2.9,1.3,0.6,0.7,107.0,121.4,-14.4,0.682,0.667,0.116,0.101,0.084,0.08,104.11
2025-26,Antonio Reeves,CHA,25.0,0.5,0.538,0.0,2.7,0.8,0.3,0.1,0.1,115.0,95.4,19.7,0.675,0.675,0.133,0.068,0.062,0.099,93.27
2025-26,Ariel Hukporti,NYK,24.0,0.563,0.25,0.788,2.2,2.9,0.5,0.2,0.6,106.8,103.8,3.1,0.619,0.569,0.104,0.08,0.148,0.084,100.1
2025-26,Asa Newell,ATL,20.0,0.538,0.387,0.552,5.2,2.2,0.6,0.4,0.5,110.2,114.0,-3.8,0.624,0.624,0.16,0.072,0.091,0.074,105.72
2025-26,Ausar Thompson,DET,23.0,0.525,0.25,0.571,9.9,5.7,3.1,2.0,1.5,118.8,107.2,11.6,0.545,0.53,0.168,0.155,0.108,0.101,100.86
2025-26,Austin Reaves,LAL,28.0,0.49,0.36,0.871,23.3,4.7,5.5,1.1,3.0,117.3,112.3,5.0,0.641,0.567,0.258,0.237,0.071,0.137,100.41
2025-26,Ayo Dosunmu,MIN,26.0,0.517,0.439,0.876,14.8,3.4,3.6,0.8,1.4,111.7,113.2,-1.5,0.63,0.599,0.197,0.202,0.059,0.114,103.16
2025-26,Bam Adebayo,MIA,28.0,0.442,0.318,0.778,20.1,10.0,3.2,1.2,1.6,117.1,111.0,6.1,0.551,0.497,0.248,0.142,0.146,0.138,103.89
2025-26,Baylor Scheierman,BOS,25.0,0.453,0.399,0.903,5.5,3.5,1.5,0.5,0.6,116.3,109.0,7.3,0.616,0.599,0.117,0.108,0.089,0.085,96.77
2025-26,Ben Saraf,BKN,20.0,0.396,0.211,0.83,7.5,2.1,3.3,0.9,2.3,103.6,116.0,-12.5,0.486,0.427,0.202,0.244,0.052,0.06,100.13
2025-26,Ben Sheppard,IND,24.0,0.434,0.362,0.765,7.1,3.0,1.8,0.6,0.6,107.1,116.0,-8.8,0.561,0.543,0.131,0.112,0.065,0.066,104.23
2025-26,Bennedict Mathurin,LAC,24.0,0.43,0.315,0.869,17.6,5.4,2.4,0.8,2.2,111.4,115.3,-3.9,0.575,0.485,0.246,0.123,0.088,0.105,101.15
2025-26,Bez Mbeng,UTA,23.0,0.5,0.194,0.64,8.1,3.8,4.1,2.3,1.5,107.2,120.4,-13.2,0.55,0.53,0.106,0.158,0.054,0.06,107.42
2025-26,Bilal Coulibaly,WAS,21.0,0.425,0.319,0.746,11.7,4.3,2.6,1.3,1.4,108.5,121.2,-12.8,0.531,0.485,0.193,0.137,0.077,0.082,104.43
2025-26,Bismack Biyombo,SAS,33.0,0.6,0.0,0.714,0.9,1.0,0.2,0.2,0.3,94.2,127.1,-32.9,0.636,0.6,0.082,0.056,0.1,0.024,99.67
2025-26,Blake Hinson,UTA,26.0,0.513,0.468,0.75,11.9,2.4,1.1,0.4,0.4,114.5,107.8,6.7,0.684,0.674,0.175,0.077,0.053,0.101,104.01
2025-26,Blake Wesley,POR,23.0,0.452,0.278,0.553,4.8,1.3,2.0,0.5,1.0,104.4,113.0,-8.6,0.511,0.492,0.189,0.254,0.052,0.075,105.83
2025-26,Bobby Portis Jr.,MIL,31.0,0.488,0.456,0.706,13.7,6.4,1.6,0.6,1.0,110.2,118.4,-8.2,0.587,0.578,0.225,0.103,0.129,0.122,98.78
2025-26,Bobi Klintman,DET,23.0,0.333,0.308,0.0,1.8,1.6,0.5,0.3,0.5,92.5,96.8,-4.3,0.388,0.407,0.18,0.128,0.113,0.039,106.92
2025-26,Bogdan Bogdanović,LAC,33.0,0.388,0.347,0.8,7.4,2.6,2.2,0.4,1.2,109.1,113.5,-4.4,0.525,0.497,0.185,0.184,0.066,0.069,96.68
2025-26,Bones Hyland,MIN,25.0,0.453,0.388,0.78,8.5,1.8,2.6,0.6,1.0,113.8,108.6,5.2,0.599,0.577,0.197,0.222,0.051,0.101,102.82
2025-26,Bradley Beal,LAC,33.0,0.375,0.368,0.75,8.2,0.8,1.7,0.5,1.5,119.1,128.5,-9.3,0.476,0.448,0.224,0.106,0.022,0.018,97.65
2025-26,Branden Carlson,OKC,27.0,0.527,0.36,0.577,5.8,3.0,0.7,0.2,0.4,112.6,114.6,-2.0,0.613,0.61,0.185,0.086,0.121,0.109,102.2
2025-26,Brandin Podziemski,GSW,23.0,0.455,0.371,0.797,13.8,5.1,3.7,1.1,1.6,110.3,110.4,-0.1,0.583,0.543,0.196,0.198,0.087,0.114,101.31
2025-26,Brandon Clarke,MEM,29.0,0.333,0.0,0.5,4.0,3.0,0.5,1.0,0.0,87.8,110.0,-22.2,0.372,0.333,0.193,0.071,0.115,0.023,116.25
2025-26,Brandon Ingram,TOR,28.0,0.477,0.382,0.82,21.5,5.6,3.7,0.8,2.4,114.6,113.7,1.0,0.573,0.529,0.264,0.169,0.083,0.121,98.87
2025-26,Brandon Miller,CHA,23.0,0.435,0.383,0.892,20.2,4.9,3.3,1.0,2.5,119.8,111.3,8.5,0.574,0.533,0.272,0.173,0.078,0.113,98.44
2025-26,Brandon Williams,DAL,26.0,0.472,0.232,0.793,13.0,2.9,3.9,0.9,1.9,111.2,115.6,-4.4,0.572,0.501,0.242,0.256,0.062,0.115,105.52
2025-26,Brice Sensabaugh,UTA,22.0,0.46,0.367,0.826,14.9,3.1,1.9,0.7,1.7,111.4,120.8,-9.4,0.59,0.554,0.244,0.124,0.063,0.09,105.02
2025-26,Bronny James,LAL,21.0,0.409,0.386,0.857,2.9,0.5,1.2,0.5,0.6,106.2,114.2,-8.0,0.517,0.504,0.163,0.195,0.032,0.058,99.45
2025-26,Brook Lopez,LAC,38.0,0.428,0.36,0.757,8.5,3.6,1.3,0.6,0.8,113.9,112.7,1.2,0.552,0.533,0.171,0.087,0.085,0.076,97.8
2025-26,Brooks Barnhizer,OKC,24.0,0.38,0.292,0.7,1.7,2.0,0.6,0.3,0.3,100.1,114.6,-14.5,0.451,0.43,0.103,0.094,0.103,0.062,101.34
2025-26,Bruce Brown,DEN,29.0,0.475,0.385,0.762,7.9,3.9,2.1,1.0,1.1,114.2,115.2,-1.0,0.562,0.53,0.142,0.121,0.077,0.069,100.24
2025-26,Bryce McGowens,NOP,23.0,0.481,0.409,0.779,8.1,2.1,1.5,0.6,0.4,115.3,118.9,-3.6,0.61,0.561,0.136,0.091,0.047,0.067,103.45
2025-26,Bub Carrington,WAS,20.0,0.424,0.408,0.73,10.7,3.4,4.6,0.6,2.3,107.3,122.6,-15.3,0.556,0.538,0.174,0.231,0.058,0.072,103.8
2025-26,Buddy Boeheim,OKC,26.0,0.333,0.333,0.0,1.5,0.0,0.0,0.0,0.0,84.4,72.4,12.0,0.5,0.5,0.158,0.0,0.0,0.028,97.58
2025-26,Buddy Hield,ATL,33.0,0.437,0.349,0.811,7.6,2.3,1.4,0.8,0.9,110.2,115.0,-4.9,0.568,0.55,0.192,0.129,0.069,0.085,103.88
2025-26,CJ Huntley,PHX,24.0,0.545,0.0,0.0,3.0,1.3,0.5,0.3,0.0,122.4,104.7,17.6,0.545,0.545,0.107,0.053,0.067,0.061,100.99
2025-26,CJ McCollum,ATL,34.0,0.455,0.375,0.772,18.7,3.3,3.9,0.8,1.8,113.6,112.0,1.5,0.566,0.538,0.247,0.194,0.051,0.105,103.12
2025-26,Cade Cunningham,DET,24.0,0.461,0.342,0.812,23.9,5.5,9.9,1.4,3.7,120.4,109.0,11.4,0.564,0.513,0.296,0.43,0.079,0.159,100.94
2025-26,Caleb Houstan,ATL,23.0,0.538,0.524,1.0,2.3,0.6,0.2,0.1,0.2,97.6,98.2,-0.6,0.769,0.75,0.168,0.083,0.073,0.103,106.86
2025-26,Caleb Love,POR,24.0,0.388,0.318,0.735,10.4,2.3,2.5,0.6,1.3,108.2,114.5,-6.3,0.497,0.483,0.228,0.187,0.053,0.079,102.91
2025-26,Caleb Martin,DAL,30.0,0.45,0.351,0.607,3.9,2.5,1.4,0.7,0.7,102.9,112.1,-9.2,0.526,0.503,0.122,0.131,0.077,0.063,105.2
2025-26,Cam Christie,LAC,20.0,0.381,0.245,0.76,2.8,1.4,0.6,0.3,0.4,107.2,107.8,-0.6,0.484,0.424,0.168,0.097,0.084,0.071,97.75
2025-26,Cam Spencer,MEM,26.0,0.473,0.449,0.94,11.1,2.5,5.6,0.7,1.3,112.4,116.0,-3.6,0.649,0.604,0.166,0.332,0.051,0.12,101.59
2025-26,Cam Thomas,MIL,24.0,0.41,0.31,0.811,13.5,1.7,2.6,0.2,1.8,111.7,123.8,-12.1,0.53,0.466,0.295,0.208,0.041,0.089,96.65
2025-26,Cam Whitmore,WAS,21.0,0.456,0.286,0.742,9.2,2.8,0.7,0.7,0.9,104.4,124.0,-19.6,0.528,0.503,0.225,0.067,0.075,0.082,105.84
2025-26,Cameron Johnson,DEN,30.0,0.48,0.43,0.839,12.2,3.8,2.4,0.7,0.9,124.2,114.7,9.5,0.629,0.596,0.144,0.098,0.063,0.075,101.38
2025-26,Cameron Payne,PHI,31.0,0.376,0.33,0.864,7.4,2.0,2.6,1.1,0.5,105.5,113.6,-8.1,0.514,0.483,0.183,0.22,0.055,0.096,104.63
2025-26,Caris LeVert,DET,31.0,0.417,0.333,0.679,7.4,2.0,2.7,0.9,1.4,108.6,107.7,0.8,0.518,0.494,0.178,0.202,0.047,0.081,101.1
2025-26,Carter Bryant,SAS,20.0,0.408,0.335,0.714,4.2,2.5,0.7,0.2,0.5,109.1,108.4,0.8,0.526,0.506,0.158,0.08,0.1,0.071,102.06
2025-26,Cason Wallace,OKC,22.0,0.432,0.351,0.809,8.6,3.1,2.6,1.9,0.9,116.2,103.8,12.4,0.538,0.518,0.141,0.127,0.056,0.076,101.76
2025-26,Cedric Coward,MEM,22.0,0.471,0.338,0.843,13.6,5.9,2.8,0.6,1.7,113.8,113.5,0.3,0.585,0.542,0.207,0.154,0.106,0.11,104.31
2025-26,Chaney Johnson,BKN,24.0,0.543,0.3,0.8,8.2,4.6,2.1,0.9,1.2,107.0,116.0,-9.0,0.635,0.59,0.16,0.165,0.12,0.099,101.29
2025-26,Charles Bassey,GSW,25.0,0.66,0.0,0.7,5.8,4.4,0.5,0.3,0.5,107.2,120.1,-13.0,0.681,0.66,0.161,0.078,0.184,0.136,101.22
2025-26,Chaz Lanier,DET,24.0,0.315,0.284,0.833,2.4,0.7,0.5,0.2,0.1,107.7,105.7,2.0,0.436,0.421,0.147,0.085,0.042,0.045,102.32
2025-26,Chet Holmgren,OKC,24.0,0.557,0.362,0.792,17.1,8.9,1.7,0.6,1.6,118.4,102.3,16.1,0.653,0.614,0.214,0.082,0.149,0.154,101.09
2025-26,Chris Boucher,BOS,33.0,0.32,0.133,0.75,2.3,2.0,0.3,0.6,0.1,114.3,109.9,4.4,0.392,0.36,0.128,0.042,0.086,0.04,97.12
2025-26,Chris Livingston,CLE,22.0,0.571,0.0,1.0,3.0,1.0,0.3,0.3,0.0,113.9,86.8,27.0,0.605,0.571,0.189,0.091,0.1,0.104,101.91
2025-26,Chris Mañon,LAL,24.0,0.333,0.0,0.75,0.8,1.1,0.3,0.6,0.1,105.2,108.4,-3.3,0.451,0.333,0.081,0.091,0.096,0.086,99.99
2025-26,Chris Paul,LAC,41.0,0.321,0.333,0.5,2.9,1.8,3.3,0.7,1.0,99.4,116.6,-17.3,0.413,0.411,0.135,0.351,0.062,0.064,98.62
2025-26,Chris Youngblood,POR,24.0,0.349,0.333,0.9,2.1,0.8,0.4,0.1,0.1,106.6,104.3,2.3,0.527,0.492,0.162,0.092,0.07,0.059,101.66
2025-26,Christian Braun,DEN,25.0,0.519,0.301,0.782,12.0,4.8,2.7,0.7,1.0,124.2,114.1,10.1,0.607,0.575,0.142,0.108,0.075,0.076,101.38
2025-26,Christian Koloko,ATL,26.0,0.419,0.111,0.667,2.7,3.0,0.7,0.5,0.6,106.9,108.2,-1.3,0.453,0.426,0.109,0.064,0.103,0.046,104.9
2025-26,Chucky Hepburn,TOR,23.0,0.0,0.0,0.0,0.0,0.5,1.0,0.5,0.5,73.1,120.7,-47.6,0.0,0.0,0.219,0.286,0.029,-0.1,99.75
2025-26,Clint Capela,HOU,32.0,0.52,0.5,0.577,3.8,4.6,0.7,0.5,0.5,113.1,105.1,8.0,0.54,0.522,0.133,0.072,0.169,0.11,98.6
2025-26,Coby White,CHA,26.0,0.446,0.362,0.817,17.4,3.4,4.0,0.5,2.6,117.2,114.0,3.2,0.595,0.539,0.283,0.242,0.064,0.112,101.68
2025-26,Cody Martin,IND,30.0,0.2,0.0,0.5,1.8,3.5,0.5,1.0,1.0,79.0,99.2,-20.2,0.277,0.2,0.119,0.065,0.094,0.045,105.26
2025-26,Cody Williams,UTA,21.0,0.468,0.214,0.706,8.8,3.0,2.0,0.8,1.1,110.9,121.4,-10.6,0.524,0.495,0.159,0.111,0.059,0.057,105.04
2025-26,Colby Jones,DET,24.0,0.333,0.0,0.0,2.0,4.0,2.0,0.0,0.0,133.3,53.3,80.0,0.333,0.333,0.158,0.333,0.222,0.256,105.62
2025-26,Cole Anthony,MIL,26.0,0.424,0.306,0.615,6.7,2.5,3.5,0.6,1.9,103.4,113.1,-9.7,0.483,0.472,0.244,0.354,0.078,0.082,101.99
2025-26,Colin Castleton,ORL,26.0,0.4,0.0,1.0,1.3,2.0,0.3,0.3,0.5,116.3,102.3,14.0,0.46,0.4,0.14,0.053,0.216,0.098,96.52
2025-26,Collin Gillespie,PHX,27.0,0.418,0.401,0.874,12.7,4.1,4.6,1.2,1.6,113.7,110.0,3.7,0.575,0.556,0.181,0.228,0.07,0.108,99.53
2025-26,Collin Murray-Boyles,TOR,21.0,0.579,0.34,0.657,8.5,5.0,1.9,0.9,1.0,111.7,109.1,2.6,0.621,0.604,0.15,0.122,0.112,0.098,99.54
2025-26,Collin Sexton,CHI,27.0,0.485,0.401,0.855,15.4,2.3,3.3,1.1,2.1,110.5,113.6,-3.0,0.615,0.561,0.248,0.217,0.045,0.113,103.17
2025-26,Cooper Flagg,DAL,19.0,0.468,0.295,0.827,21.0,6.7,4.5,1.2,2.3,109.5,114.7,-5.2,0.548,0.498,0.264,0.212,0.093,0.128,102.96
2025-26,Corey Kispert,ATL,27.0,0.467,0.367,0.794,9.2,2.3,1.6,0.3,0.8,108.9,115.9,-7.0,0.609,0.577,0.179,0.121,0.056,0.088,104.15
2025-26,Cormac Ryan,MIL,27.0,0.52,0.458,0.923,14.3,2.5,1.7,1.0,1.5,116.0,119.0,-3.1,0.692,0.652,0.206,0.11,0.055,0.104,96.73
2025-26,Craig Porter Jr.,CLE,26.0,0.45,0.355,0.6,4.5,3.4,3.2,0.9,0.9,116.2,111.6,4.6,0.524,0.514,0.119,0.225,0.092,0.092,102.01
2025-26,Curtis Jones,DEN,24.0,0.407,0.333,0.5,2.9,1.1,1.0,0.4,0.2,117.9,104.4,13.6,0.52,0.519,0.142,0.147,0.053,0.075,100.41
2025-26,D'Angelo Russell,WAS,30.0,0.405,0.295,0.717,10.2,2.3,4.0,0.5,1.9,107.9,111.3,-3.4,0.511,0.476,0.261,0.328,0.057,0.098,104.0
2025-26,DaQuan Jeffries,SAC,28.0,0.579,0.444,1.0,10.3,1.7,0.3,0.7,0.0,121.5,120.7,0.8,0.731,0.684,0.141,0.025,0.041,0.078,96.96
2025-26,DaRon Holmes II,DEN,23.0,0.508,0.444,0.786,3.7,1.4,0.6,0.0,0.5,107.9,110.9,-3.0,0.692,0.672,0.171,0.125,0.08,0.095,96.57
2025-26,Daeqwon Plowden,SAC,27.0,0.43,0.333,0.857,10.8,3.0,1.3,0.7,0.8,111.2,122.1,-10.9,0.572,0.541,0.157,0.065,0.057,0.057,100.96
2025-26,Dalano Banton,BOS,26.0,0.333,0.0,1.0,2.0,0.8,1.8,0.3,1.3,110.0,114.3,-4.3,0.436,0.333,0.152,0.268,0.039,0.051,102.38
2025-26,Dalen Terry,PHI,23.0,0.439,0.364,0.533,3.7,1.8,1.4,0.6,0.5,106.8,109.7,-2.9,0.523,0.516,0.139,0.167,0.069,0.076,104.92
2025-26,Dalton Knecht,LAL,25.0,0.455,0.342,0.727,4.2,1.4,0.4,0.2,0.4,105.2,113.7,-8.5,0.568,0.555,0.171,0.059,0.068,0.069,100.57
2025-26,Daniel Gafford,DAL,27.0,0.655,0.0,0.683,9.5,6.9,1.1,0.8,1.1,105.9,113.0,-7.1,0.677,0.655,0.151,0.071,0.145,0.114,104.6
2025-26,Daniss Jenkins,DET,24.0,0.408,0.374,0.832,9.3,2.3,3.9,0.9,1.6,113.2,106.6,6.6,0.525,0.473,0.209,0.27,0.055,0.1,101.34
2025-26,Danny Wolf,BKN,22.0,0.405,0.322,0.771,8.9,4.9,2.2,0.5,1.3,102.9,111.9,-9.0,0.521,0.482,0.201,0.178,0.117,0.096,98.09
2025-26,Dario Saric,SAC,32.0,0.167,0.333,1.0,1.0,1.2,0.4,0.0,0.4,104.7,104.7,0.0,0.363,0.25,0.1,0.061,0.078,0.015,98.91
2025-26,Dariq Whitehead,MEM,21.0,0.398,0.317,0.714,16.3,4.0,1.5,0.7,1.7,102.5,126.5,-24.1,0.51,0.5,0.231,0.078,0.059,0.062,106.73
2025-26,Darius Brown II,CLE,26.0,0.0,0.0,0.0,0.0,1.0,0.0,0.0,0.0,100.0,180.0,-80.0,0.0,0.0,0.167,0.0,0.25,0.0,90.0
2025-26,Darius Garland,LAC,26.0,0.46,0.396,0.861,18.8,2.4,6.7,1.0,2.9,117.9,115.2,2.6,0.582,0.551,0.266,0.322,0.039,0.112,101.84
2025-26,David Jones Garcia,SAS,24.0,0.52,0.6,0.5,2.9,1.2,1.6,0.5,0.5,123.1,100.0,23.1,0.579,0.58,0.18,0.316,0.1,0.133,109.45
2025-26,David Roddy,DEN,25.0,0.5,0.273,1.0,8.0,4.0,0.8,0.8,0.4,113.8,110.7,3.1,0.605,0.55,0.191,0.078,0.117,0.128,104.52
2025-26,Davion Mitchell,MIA,27.0,0.49,0.395,0.646,9.3,2.7,6.5,1.0,1.5,117.2,113.0,4.2,0.582,0.574,0.137,0.285,0.044,0.083,103.88
2025-26,Day'Ron Sharpe,BKN,24.0,0.601,0.231,0.678,8.7,6.7,2.3,1.1,1.7,107.3,111.7,-4.3,0.638,0.614,0.19,0.207,0.18,0.141,98.86
2025-26,De'Aaron Fox,SAS,28.0,0.486,0.332,0.76,18.6,3.8,6.2,1.2,2.3,118.8,108.9,9.9,0.578,0.549,0.242,0.286,0.056,0.117,103.67
2025-26,De'Andre Hunter,SAC,28.0,0.415,0.305,0.867,13.7,4.1,2.0,0.7,1.7,114.1,115.0,-0.9,0.545,0.49,0.218,0.11,0.074,0.077,103.39
2025-26,De'Anthony Melton,GSW,28.0,0.407,0.294,0.826,12.3,3.2,2.6,1.6,1.9,114.3,110.4,3.9,0.518,0.475,0.244,0.164,0.07,0.09,101.48
2025-26,DeAndre Jordan,NOP,37.0,0.656,0.0,0.647,4.4,6.3,0.9,0.3,0.8,110.0,112.3,-2.4,0.671,0.656,0.098,0.077,0.18,0.119,100.68
2025-26,DeJon Jarreau,MEM,28.0,0.398,0.133,0.783,8.0,4.6,3.3,0.9,2.4,99.2,122.2,-23.0,0.473,0.422,0.211,0.265,0.105,0.073,103.18
2025-26,DeMar DeRozan,SAC,36.0,0.497,0.32,0.868,18.4,2.9,4.1,1.0,1.2,110.6,122.3,-11.7,0.594,0.52,0.222,0.196,0.047,0.111,101.26
2025-26,Dean Wade,CLE,29.0,0.439,0.362,0.711,5.8,4.2,1.5,0.7,0.3,117.2,110.9,6.2,0.58,0.567,0.097,0.082,0.09,0.074,101.78
2025-26,Deandre Ayton,LAL,27.0,0.671,0.0,0.645,12.5,8.0,0.8,0.6,1.2,115.6,115.5,0.1,0.676,0.671,0.164,0.044,0.154,0.117,99.65
2025-26,Dejounte Murray,NOP,29.0,0.484,0.306,0.867,16.7,5.4,6.4,1.6,3.4,116.2,114.9,1.3,0.58,0.536,0.267,0.336,0.101,0.138,100.83
2025-26,Deni Avdija,POR,25.0,0.462,0.318,0.802,24.2,6.9,6.7,0.8,3.8,115.7,115.4,0.3,0.6,0.521,0.285,0.316,0.098,0.149,102.78
2025-26,Dennis Schröder,CLE,32.0,0.405,0.329,0.834,10.8,2.7,4.9,0.8,1.8,110.8,117.0,-6.2,0.526,0.465,0.21,0.294,0.054,0.094,100.28
2025-26,Dereck Lively II,DAL,22.0,0.611,0.0,0.8,4.3,5.3,1.9,0.6,1.4,108.6,102.3,6.3,0.67,0.611,0.113,0.153,0.15,0.094,107.02
2025-26,Derik Queen,NOP,21.0,0.473,0.261,0.795,11.7,7.1,3.7,1.0,2.3,112.7,119.4,-6.7,0.546,0.489,0.214,0.208,0.136,0.109,103.32
2025-26,Derrick Jones Jr.,LAC,29.0,0.499,0.359,0.763,10.1,3.5,1.4,0.9,0.8,117.9,113.8,4.0,0.6,0.571,0.144,0.068,0.065,0.072,99.15
2025-26,Derrick White,BOS,31.0,0.394,0.327,0.902,16.5,4.4,5.4,1.1,1.7,119.3,108.0,11.3,0.529,0.489,0.216,0.221,0.061,0.109,96.35
2025-26,Desmond Bane,ORL,28.0,0.484,0.391,0.908,20.1,4.1,4.1,1.0,2.0,113.6,111.5,2.2,0.607,0.553,0.224,0.19,0.059,0.111,102.2
2025-26,Devin Booker,PHX,29.0,0.456,0.33,0.873,26.1,3.9,6.0,0.8,3.1,115.9,112.0,3.9,0.585,0.507,0.307,0.293,0.055,0.142,100.72
2025-26,Devin Carter,SAC,24.0,0.414,0.263,0.713,8.9,3.3,2.7,0.9,1.4,111.0,118.3,-7.3,0.508,0.466,0.226,0.209,0.088,0.094,100.78
2025-26,Devin Vassell,SAS,25.0,0.437,0.384,0.815,13.9,4.0,2.5,0.9,0.9,121.3,109.9,11.4,0.574,0.547,0.176,0.107,0.063,0.087,101.48
2025-26,Dillon Brooks,PHX,30.0,0.435,0.344,0.842,20.2,3.6,1.8,1.0,1.8,113.7,114.8,-1.1,0.54,0.501,0.279,0.095,0.058,0.088,100.54
2025-26,Dillon Jones,NYK,24.0,0.222,0.2,1.0,1.3,1.0,0.6,0.4,0.0,114.0,109.8,4.2,0.418,0.278,0.111,0.108,0.091,0.053,102.37
2025-26,Domantas Sabonis,SAC,30.0,0.543,0.185,0.727,15.8,11.4,4.1,0.9,2.7,110.0,123.9,-13.9,0.59,0.554,0.223,0.209,0.191,0.131,102.46
2025-26,Dominick Barlow,PHI,23.0,0.539,0.256,0.718,7.7,4.8,1.2,0.9,0.8,112.7,111.9,0.8,0.597,0.565,0.125,0.069,0.096,0.078,101.23
2025-26,Donovan Clingan,POR,22.0,0.52,0.341,0.68,12.1,11.6,2.1,0.6,1.2,113.9,113.8,0.1,0.604,0.582,0.163,0.112,0.199,0.139,101.86
2025-26,Donovan Mitchell,CLE,29.0,0.483,0.364,0.865,27.9,4.5,5.7,1.5,2.8,119.3,112.1,7.2,0.613,0.563,0.311,0.266,0.065,0.152,103.13
2025-26,Donte DiVincenzo,MIN,29.0,0.406,0.379,0.743,12.2,4.1,3.8,1.3,1.4,116.3,110.0,6.2,0.567,0.552,0.164,0.164,0.064,0.084,102.07
2025-26,Dorian Finney-Smith,HOU,33.0,0.333,0.27,0.889,3.3,2.5,1.0,0.4,0.6,109.4,107.6,1.8,0.452,0.436,0.104,0.078,0.071,0.034,99.32
2025-26,Doug McDermott,SAC,34.0,0.388,0.39,0.889,5.7,1.3,0.8,0.2,0.4,104.2,115.3,-11.1,0.574,0.561,0.146,0.073,0.04,0.055,101.48
2025-26,Drake Powell,BKN,20.0,0.402,0.28,0.896,6.5,1.8,1.4,0.6,1.0,100.3,116.3,-16.1,0.521,0.473,0.149,0.113,0.042,0.053,98.56
2025-26,Draymond Green,GSW,36.0,0.418,0.326,0.702,8.4,5.5,5.5,0.9,2.7,109.4,113.6,-4.3,0.54,0.52,0.158,0.278,0.098,0.084,101.72
2025-26,Drew Eubanks,SAC,29.0,0.596,0.143,0.561,5.2,3.0,0.5,0.4,0.7,106.4,117.8,-11.4,0.605,0.599,0.161,0.052,0.112,0.082,102.17
2025-26,Drew Peterson,CHA,26.0,0.125,0.0,0.5,0.8,1.5,0.3,0.5,0.0,103.1,110.7,-7.6,0.148,0.125,0.108,0.044,0.069,0.0,97.84
2025-26,Drew Timme,LAL,25.0,0.576,0.44,0.556,3.4,1.2,0.9,0.2,0.5,108.1,115.0,-6.9,0.658,0.659,0.155,0.145,0.072,0.084,97.7
2025-26,Dru Smith,MIA,28.0,0.415,0.295,0.829,5.6,2.5,2.6,1.4,0.8,107.1,110.3,-3.2,0.532,0.474,0.142,0.214,0.066,0.091,107.2
2025-26,Duncan Robinson,DET,32.0,0.456,0.41,0.755,12.2,2.7,2.1,0.6,0.7,120.8,109.5,11.3,0.629,0.613,0.152,0.094,0.047,0.078,101.22
2025-26,Duop Reath,POR,30.0,0.446,0.418,0.833,2.9,1.2,0.3,0.2,0.2,103.0,109.4,-6.4,0.613,0.601,0.13,0.059,0.067,0.067,104.4
2025-26,Dwight Powell,DAL,34.0,0.644,0.286,0.696,3.3,4.1,1.1,0.5,0.7,110.4,110.9,-0.5,0.699,0.653,0.084,0.095,0.136,0.073,104.58
2025-26,Dylan Cardwell,SAC,24.0,0.587,0.5,0.51,5.4,7.5,1.4,0.7,0.9,108.6,111.1,-2.5,0.591,0.592,0.108,0.095,0.174,0.089,100.31
2025-26,Dylan Harper,SAS,20.0,0.505,0.343,0.756,11.8,3.4,3.9,0.8,1.4,116.9,107.4,9.5,0.574,0.551,0.211,0.246,0.07,0.113,101.49
2025-26,Dyson Daniels,ATL,23.0,0.517,0.188,0.615,11.9,6.8,5.9,2.0,1.8,116.8,110.6,6.2,0.542,0.532,0.157,0.23,0.1,0.106,103.18
2025-26,E.J. Liddell,BKN,25.0,0.486,0.346,0.808,5.7,2.7,0.9,0.2,0.6,108.1,114.6,-6.5,0.6,0.568,0.168,0.114,0.102,0.087,99.52
2025-26,Egor Dëmin,BKN,20.0,0.399,0.385,0.831,10.3,3.2,3.3,0.8,1.7,109.5,115.4,-5.9,0.561,0.537,0.182,0.199,0.063,0.081,99.16
2025-26,Elijah Harkless,UTA,26.0,0.335,0.239,0.766,6.8,2.0,2.9,1.2,1.0,113.5,116.0,-2.5,0.471,0.401,0.162,0.177,0.047,0.055,103.83
2025-26,Emanuel Miller,SAS,26.0,0.462,0.333,0.5,3.0,0.6,0.8,0.4,0.0,88.9,116.9,-28.0,0.54,0.538,0.169,0.211,0.048,0.093,103.84
2025-26,Enrique Freeman,MIN,25.0,0.5,0.5,0.75,3.3,2.5,0.5,0.5,0.5,127.8,103.6,24.2,0.666,0.625,0.113,0.057,0.119,0.091,112.23
2025-26,Eric Gordon,PHI,37.0,0.571,0.571,0.5,5.5,0.3,0.5,0.7,0.5,102.6,120.1,-17.6,0.754,0.762,0.137,0.063,0.013,0.083,102.51
2025-26,Ethan Thompson,IND,27.0,0.378,0.328,0.787,7.0,2.2,1.8,0.6,0.8,109.8,109.9,-0.1,0.515,0.474,0.154,0.122,0.051,0.051,101.84
2025-26,Evan Mobley,CLE,25.0,0.546,0.297,0.606,18.2,9.0,3.6,0.7,1.9,117.0,111.3,5.7,0.596,0.582,0.221,0.168,0.135,0.135,101.89
2025-26,Franz Wagner,ORL,24.0,0.481,0.345,0.823,20.6,5.2,3.3,0.9,1.7,114.2,110.6,3.6,0.588,0.529,0.256,0.175,0.084,0.134,104.86
2025-26,GG Jackson,MEM,21.0,0.496,0.332,0.742,12.5,4.3,1.5,0.6,1.5,114.0,117.5,-3.5,0.591,0.558,0.23,0.103,0.097,0.108,102.85
2025-26,Gabe Vincent,ATL,30.0,0.352,0.341,0.87,4.4,1.0,1.4,0.5,0.5,117.3,116.0,1.3,0.511,0.488,0.119,0.109,0.03,0.033,101.94
2025-26,Garrett Temple,TOR,40.0,0.267,0.25,0.667,0.8,0.4,0.4,0.2,0.3,92.4,94.2,-1.8,0.448,0.367,0.152,0.205,0.065,0.051,102.66
2025-26,Garrison Mathews,IND,29.0,0.404,0.37,0.826,5.2,1.1,0.7,0.4,0.2,107.3,108.0,-0.7,0.628,0.567,0.134,0.069,0.042,0.072,103.91
2025-26,Gary Harris,MIL,31.0,0.442,0.412,0.889,2.7,1.3,1.1,0.6,0.4,105.9,115.5,-9.6,0.593,0.577,0.082,0.105,0.048,0.048,98.9
2025-26,Gary Payton II,GSW,33.0,0.583,0.291,0.65,7.5,3.6,1.7,0.9,0.8,111.2,113.5,-2.3,0.632,0.628,0.177,0.164,0.113,0.114,102.7
2025-26,Gary Trent Jr.,MIL,27.0,0.387,0.36,0.769,8.1,1.0,1.2,0.5,0.6,107.9,120.4,-12.4,0.533,0.517,0.167,0.082,0.024,0.047,99.53
2025-26,Giannis Antetokounmpo,MIL,31.0,0.624,0.333,0.65,27.6,9.8,5.4,0.9,3.2,119.4,114.9,4.4,0.658,0.636,0.358,0.344,0.168,0.213,99.9
2025-26,Goga Bitadze,ORL,26.0,0.676,0.182,0.711,5.9,5.0,1.3,0.6,0.7,112.6,111.0,1.6,0.7,0.68,0.128,0.124,0.157,0.122,102.52
2025-26,Gradey Dick,TOR,22.0,0.419,0.301,0.875,6.0,1.9,0.7,0.6,0.6,110.8,106.7,4.1,0.538,0.492,0.176,0.066,0.066,0.07,103.25
2025-26,Grant Nelson,BKN,24.0,0.556,0.0,0.7,4.3,1.5,1.3,0.3,1.0,112.7,122.5,-9.9,0.634,0.556,0.222,0.217,0.094,0.1,97.34
2025-26,Grant Williams,CHA,27.0,0.426,0.388,0.815,7.0,3.9,1.6,0.5,0.9,119.2,106.3,12.9,0.609,0.568,0.132,0.106,0.094,0.089,99.41
2025-26,Grayson Allen,PHX,30.0,0.403,0.349,0.857,16.5,3.0,3.8,1.4,1.6,113.9,113.8,0.1,0.568,0.522,0.231,0.206,0.051,0.105,99.12
2025-26,Guerschon Yabusele,CHI,30.0,0.401,0.352,0.75,5.6,3.5,0.9,0.4,0.6,107.4,115.3,-7.9,0.543,0.511,0.155,0.087,0.11,0.077,103.86
2025-26,Gui Santos,GSW,24.0,0.5,0.351,0.725,9.2,3.9,2.3,0.9,1.5,111.7,110.7,1.0,0.609,0.585,0.181,0.168,0.094,0.097,100.89
2025-26,Harrison Barnes,SAS,34.0,0.456,0.388,0.829,9.9,2.8,1.9,0.6,0.8,118.4,110.6,7.8,0.608,0.577,0.144,0.097,0.051,0.075,101.69
2025-26,Harrison Ingram,SAS,23.0,0.833,1.0,0.0,1.6,0.4,0.1,0.0,0.1,105.3,117.9,-12.6,0.917,0.917,0.104,0.048,0.075,0.086,103.84
2025-26,Hayden Gray,UTA,23.0,0.667,0.0,1.0,6.0,0.0,1.0,1.0,1.0,103.8,132.7,-29.0,0.773,0.667,0.079,0.05,0.0,0.05,104.73
2025-26,Haywood Highsmith,PHX,29.0,0.522,0.571,0.857,5.4,1.9,1.0,0.6,0.0,117.8,116.1,1.7,0.729,0.696,0.121,0.119,0.072,0.107,93.58
2025-26,Herbert Jones,NOP,27.0,0.383,0.309,0.806,8.9,3.4,2.8,1.6,1.3,113.5,114.4,-0.9,0.491,0.467,0.153,0.13,0.059,0.053,101.08
2025-26,Hugo González,BOS,20.0,0.476,0.362,0.5,3.9,3.3,0.5,0.6,0.5,118.0,106.2,11.9,0.561,0.561,0.114,0.047,0.107,0.067,97.78
2025-26,Hunter Dickinson,NOP,25.0,0.357,0.0,1.0,2.4,1.0,0.4,0.2,0.6,100.0,135.7,-35.7,0.403,0.357,0.162,0.065,0.049,0.01,109.61
2025-26,Hunter Sallis,PHI,23.0,0.6,0.0,0.5,1.0,0.1,0.6,0.0,0.7,89.5,112.3,-22.8,0.595,0.6,0.169,0.235,0.017,0.024,106.57
2025-26,Hunter Tyson,DEN,26.0,0.269,0.212,0.846,2.2,1.7,0.8,0.1,0.2,100.0,107.5,-7.5,0.398,0.337,0.166,0.17,0.102,0.065,98.58
2025-26,Immanuel Quickley,TOR,27.0,0.443,0.374,0.821,16.4,4.0,5.9,1.3,1.5,115.0,112.1,2.9,0.577,0.541,0.206,0.261,0.062,0.118,100.06
2025-26,Isaac Jones,DET,25.0,0.429,0.0,0.75,1.3,0.7,0.1,0.0,0.1,88.9,126.8,-37.9,0.514,0.429,0.119,0.048,0.069,0.036,96.18
2025-26,Isaac Okoro,CHI,25.0,0.46,0.33,0.795,9.3,2.7,1.6,0.7,0.7,112.1,120.6,-8.5,0.574,0.539,0.137,0.079,0.049,0.05,103.21
2025-26,Isaiah Collier,UTA,21.0,0.495,0.27,0.722,11.7,2.5,7.2,1.1,2.5,109.4,122.6,-13.2,0.567,0.521,0.204,0.404,0.048,0.102,104.25
2025-26,Isaiah Crawford,HOU,24.0,0.417,0.231,0.833,2.0,1.1,0.4,0.1,0.3,97.3,103.2,-5.9,0.526,0.479,0.138,0.079,0.077,0.087,97.46
2025-26,Isaiah Hartenstein,OKC,28.0,0.622,0.0,0.61,9.2,9.4,3.5,1.0,1.7,118.8,103.2,15.6,0.631,0.622,0.153,0.189,0.188,0.143,100.69
2025-26,Isaiah Jackson,LAC,24.0,0.637,0.0,0.648,6.7,5.3,0.9,0.7,1.1,111.8,114.7,-2.9,0.653,0.637,0.152,0.083,0.155,0.104,102.07
2025-26,Isaiah Joe,OKC,26.0,0.455,0.423,0.894,11.1,2.5,1.3,0.7,0.6,116.9,105.2,11.7,0.657,0.622,0.178,0.089,0.057,0.099,101.43
2025-26,Isaiah Livers,PHX,27.0,0.344,0.3,0.75,1.8,1.7,0.6,0.4,0.3,109.4,108.3,1.1,0.469,0.438,0.094,0.078,0.083,0.05,101.64
2025-26,Isaiah Stevens,SAC,25.0,0.429,0.0,1.0,3.3,1.0,3.3,1.7,0.7,110.2,123.3,-13.0,0.571,0.429,0.107,0.357,0.038,0.093,97.61
2025-26,Isaiah Stewart,DET,25.0,0.55,0.333,0.756,10.0,5.0,1.1,0.3,1.2,112.8,111.0,1.8,0.632,0.6,0.164,0.073,0.103,0.095,101.0
2025-26,Ivica Zubac,IND,29.0,0.598,0.0,0.711,14.1,10.6,2.2,0.4,1.8,115.6,117.9,-2.4,0.622,0.598,0.186,0.11,0.178,0.13,97.51
2025-26,JD Davison,HOU,23.0,0.375,0.25,0.684,2.5,1.2,1.3,0.2,0.3,108.7,106.1,2.6,0.477,0.438,0.153,0.219,0.074,0.09,97.79
2025-26,Ja Morant,MEM,26.0,0.41,0.235,0.897,19.5,3.3,8.1,1.0,3.6,109.5,113.9,-4.4,0.521,0.441,0.305,0.447,0.053,0.128,106.6
2025-26,Ja'Kobe Walter,TOR,21.0,0.446,0.409,0.789,7.5,2.6,1.2,1.0,0.5,111.6,110.7,0.9,0.61,0.582,0.136,0.079,0.062,0.069,100.83
2025-26,Jabari Smith Jr.,HOU,23.0,0.449,0.363,0.775,15.8,6.9,1.9,0.7,1.4,117.0,112.0,5.0,0.569,0.54,0.179,0.073,0.096,0.093,97.66
2025-26,Jabari Walker,PHI,23.0,0.455,0.337,0.735,4.3,3.0,0.5,0.4,0.4,112.8,112.8,0.0,0.568,0.531,0.142,0.061,0.12,0.073,102.53
2025-26,Jacob Toppin,ATL,26.0,0.667,0.0,0.0,1.6,0.2,0.2,0.0,0.0,102.7,71.4,31.3,0.667,0.667,0.14,0.091,0.033,0.181,102.45
2025-26,Jaden Hardy,WAS,23.0,0.424,0.397,0.733,9.2,1.5,1.0,0.3,1.1,112.0,116.4,-4.4,0.566,0.545,0.239,0.095,0.047,0.066,103.45
2025-26,Jaden Ivey,CHI,24.0,0.445,0.373,0.809,8.5,2.5,1.8,0.6,1.1,110.3,108.2,2.1,0.571,0.543,0.192,0.145,0.065,0.091,101.98
2025-26,Jaden McDaniels,MIN,25.0,0.515,0.412,0.835,14.8,4.2,2.7,1.1,1.8,115.5,112.4,3.1,0.611,0.579,0.182,0.121,0.065,0.088,102.0
2025-26,Jae'Sean Tate,HOU,30.0,0.514,0.313,0.636,2.8,1.6,0.5,0.2,0.3,107.8,111.1,-3.3,0.567,0.56,0.131,0.095,0.085,0.067,97.9
2025-26,Jahmai Mashack,MEM,23.0,0.395,0.253,0.543,6.2,2.6,2.2,1.2,1.6,106.2,120.7,-14.5,0.456,0.444,0.156,0.141,0.057,0.041,104.0
2025-26,Jahmir Young,MIA,25.0,0.4,0.333,1.0,1.8,0.3,0.6,0.1,0.2,113.5,107.9,5.6,0.483,0.46,0.178,0.18,0.029,0.048,112.17
2025-26,Jahmyl Telfort,LAC,25.0,0.0,0.0,0.25,0.1,0.4,0.1,0.1,0.1,94.0,102.9,-8.9,0.087,0.0,0.093,0.05,0.047,-0.064,101.14
2025-26,Jaime Jaquez Jr.,MIA,25.0,0.507,0.317,0.769,15.4,5.0,4.7,0.7,2.0,114.7,111.9,2.9,0.57,0.539,0.216,0.24,0.08,0.113,105.49
2025-26,Jake LaRavia,LAL,24.0,0.459,0.321,0.763,8.2,4.0,1.8,1.3,1.1,116.1,116.1,0.0,0.571,0.533,0.138,0.093,0.081,0.067,100.51
2025-26,Jakob Poeltl,TOR,30.0,0.7,0.0,0.602,10.7,7.0,2.0,0.9,1.2,114.7,112.6,2.0,0.698,0.7,0.15,0.111,0.145,0.115,100.36
2025-26,Jalen Brunson,NYK,29.0,0.467,0.369,0.841,26.0,3.3,6.8,0.8,2.4,120.2,114.1,6.1,0.58,0.533,0.296,0.307,0.047,0.135,98.25
2025-26,Jalen Duren,DET,22.0,0.65,0.0,0.747,19.5,10.5,2.0,0.8,1.9,120.0,108.2,11.8,0.688,0.65,0.231,0.104,0.182,0.177,100.81
2025-26,Jalen Green,PHX,24.0,0.422,0.313,0.747,17.8,3.6,2.8,1.1,2.3,114.2,113.5,0.7,0.516,0.491,0.309,0.181,0.067,0.106,99.56
2025-26,Jalen Johnson,ATL,24.0,0.489,0.352,0.788,22.5,10.3,7.9,1.2,3.4,115.5,112.3,3.2,0.581,0.537,0.264,0.325,0.14,0.161,103.58
2025-26,Jalen Pickett,DEN,26.0,0.422,0.386,0.789,5.2,2.3,2.3,0.3,0.7,112.1,112.4,-0.4,0.541,0.528,0.148,0.208,0.067,0.084,97.97
2025-26,Jalen Slawson,IND,26.0,0.442,0.375,0.706,7.3,4.4,2.8,1.5,1.3,106.8,111.1,-4.3,0.562,0.539,0.136,0.167,0.086,0.09,101.39
2025-26,Jalen Smith,CHI,26.0,0.483,0.373,0.742,10.2,6.7,1.2,0.5,1.0,116.4,113.0,3.4,0.608,0.584,0.183,0.081,0.152,0.109,103.79
2025-26,Jalen Suggs,ORL,25.0,0.435,0.339,0.855,13.8,3.9,5.5,1.8,2.7,113.6,108.4,5.2,0.561,0.529,0.22,0.284,0.068,0.11,104.54
2025-26,Jalen Williams,OKC,25.0,0.484,0.299,0.837,17.1,4.6,5.5,1.2,1.9,118.1,106.4,11.7,0.56,0.51,0.252,0.274,0.079,0.135,102.62
2025-26,Jalen Wilson,BKN,25.0,0.396,0.355,0.719,6.4,2.1,0.9,0.4,0.7,104.5,115.4,-10.9,0.536,0.493,0.177,0.098,0.067,0.061,98.57
2025-26,Jamal Cain,ORL,27.0,0.487,0.384,0.848,5.4,2.0,0.7,0.3,0.5,118.0,113.5,4.5,0.624,0.579,0.159,0.085,0.08,0.081,100.94
2025-26,Jamal Murray,DEN,29.0,0.483,0.435,0.887,25.4,4.4,7.1,0.9,2.3,124.4,117.7,6.8,0.622,0.573,0.269,0.298,0.063,0.142,99.84
2025-26,Jamal Shead,TOR,23.0,0.367,0.321,0.784,6.6,1.7,5.4,0.9,1.4,114.1,108.3,5.8,0.491,0.45,0.149,0.306,0.038,0.078,100.44
2025-26,Jamaree Bouyea,PHX,27.0,0.458,0.295,0.686,5.7,1.8,1.8,0.6,0.7,106.0,104.6,1.4,0.523,0.506,0.184,0.191,0.062,0.103,96.74
2025-26,James Harden,CLE,36.0,0.434,0.375,0.884,23.6,4.8,8.0,1.1,3.5,118.8,117.0,1.8,0.61,0.529,0.279,0.347,0.07,0.143,98.24
2025-26,James Wiseman,IND,25.0,0.6,0.0,0.5,3.3,2.0,0.8,0.0,1.3,92.9,102.4,-9.5,0.597,0.6,0.114,0.075,0.062,0.01,103.04
2025-26,Jamir Watkins,WAS,24.0,0.446,0.297,0.695,7.4,3.9,1.3,1.1,0.8,109.4,115.8,-6.4,0.554,0.525,0.148,0.089,0.092,0.069,103.26
2025-26,Jamison Battle,TOR,25.0,0.51,0.412,0.643,3.1,1.5,0.4,0.1,0.3,112.6,105.9,6.7,0.635,0.631,0.135,0.062,0.084,0.079,102.08
2025-26,Jarace Walker,IND,22.0,0.419,0.374,0.749,11.6,5.1,2.5,0.8,1.8,106.5,117.6,-11.1,0.543,0.51,0.2,0.143,0.095,0.09,104.46
2025-26,Jared McCain,OKC,22.0,0.425,0.385,0.864,8.3,2.0,1.3,0.5,0.8,113.5,108.9,4.6,0.551,0.528,0.198,0.111,0.056,0.079,102.61
2025-26,Jaren Jackson Jr.,UTA,26.0,0.476,0.357,0.803,19.4,5.7,2.0,1.1,2.2,108.7,110.8,-2.0,0.576,0.534,0.253,0.105,0.085,0.107,103.6
2025-26,Jarred Vanderbilt,LAL,27.0,0.471,0.293,0.589,4.4,4.5,1.3,0.8,0.9,113.9,113.7,0.2,0.544,0.531,0.119,0.098,0.133,0.08,100.41
2025-26,Jarrett Allen,CLE,28.0,0.638,0.1,0.709,15.4,8.5,1.8,1.0,1.3,119.3,112.9,6.4,0.669,0.639,0.196,0.092,0.152,0.143,102.56
2025-26,Jase Richardson,ORL,20.0,0.473,0.354,0.717,4.4,1.2,1.1,0.4,0.5,111.9,112.8,-0.8,0.574,0.548,0.162,0.145,0.053,0.074,100.95
2025-26,Javon Small,MEM,23.0,0.465,0.423,0.829,9.7,3.1,3.7,0.8,1.4,111.7,117.4,-5.7,0.611,0.569,0.183,0.257,0.074,0.109,104.37
2025-26,Javonte Cooke,POR,26.0,0.22,0.13,1.0,1.2,1.0,0.4,0.3,0.5,74.3,102.9,-28.6,0.275,0.256,0.205,0.127,0.089,0.019,107.36
2025-26,Javonte Green,DET,32.0,0.447,0.381,0.84,6.9,2.8,0.7,1.2,0.5,113.0,105.4,7.6,0.607,0.56,0.143,0.052,0.077,0.095,102.74
2025-26,Jaxson Hayes,LAL,26.0,0.756,1.0,0.653,7.5,4.1,0.9,0.4,0.5,115.5,113.1,2.4,0.758,0.761,0.124,0.071,0.111,0.109,100.49
2025-26,Jay Huff,IND,28.0,0.476,0.319,0.828,9.5,4.0,1.5,0.5,0.9,107.4,113.7,-6.3,0.598,0.574,0.178,0.105,0.089,0.092,102.99
2025-26,Jaylen Brown,BOS,29.0,0.477,0.347,0.795,28.7,6.9,5.1,1.0,3.6,119.5,113.0,6.5,0.573,0.522,0.351,0.251,0.095,0.152,97.73
2025-26,Jaylen Clark,MIN,24.0,0.434,0.327,0.657,4.0,1.8,0.6,0.7,0.3,113.0,108.9,4.1,0.534,0.507,0.126,0.064,0.062,0.054,103.47
2025-26,Jaylen Wells,MEM,22.0,0.431,0.353,0.784,12.5,3.2,1.6,0.9,1.1,113.4,117.8,-4.4,0.559,0.524,0.189,0.085,0.058,0.069,102.14
2025-26,Jaylin Williams,OKC,24.0,0.423,0.383,0.793,7.2,5.5,2.4,0.5,1.0,114.6,103.1,11.5,0.597,0.563,0.153,0.169,0.131,0.115,102.17
2025-26,Jaylon Tyson,CLE,23.0,0.493,0.446,0.738,13.2,5.1,2.2,0.8,1.5,117.0,113.4,3.6,0.608,0.592,0.189,0.115,0.091,0.092,101.39
2025-26,Jayson Kent,POR,24.0,0.571,0.25,1.0,2.0,1.0,0.0,0.2,0.0,86.7,89.4,-2.7,0.672,0.643,0.137,0.0,0.128,0.245,98.28
2025-26,Jayson Tatum,BOS,28.0,0.411,0.329,0.823,21.8,10.0,5.3,1.4,2.4,120.7,110.2,10.5,0.541,0.493,0.29,0.246,0.148,0.159,98.1
2025-26,Jeff Green,HOU,39.0,0.368,0.273,1.0,2.2,0.8,0.3,0.1,0.1,103.6,111.7,-8.1,0.477,0.456,0.171,0.07,0.066,0.061,98.71
2025-26,Jerami Grant,POR,32.0,0.453,0.389,0.814,18.6,3.5,2.1,0.7,2.1,114.9,115.2,-0.3,0.608,0.547,0.228,0.107,0.055,0.094,104.02
2025-26,Jeremiah Fears,NOP,19.0,0.434,0.33,0.789,14.3,3.7,3.4,1.2,2.2,111.8,118.2,-6.4,0.525,0.485,0.245,0.195,0.067,0.093,102.98
2025-26,Jeremiah Robinson-Earl,DAL,25.0,0.37,0.244,0.944,4.6,4.7,0.7,0.4,0.5,109.3,119.5,-10.2,0.468,0.42,0.129,0.057,0.133,0.069,104.82
2025-26,Jeremy Sochan,NYK,23.0,0.496,0.244,0.731,3.6,2.4,0.9,0.4,0.5,107.2,111.1,-3.9,0.563,0.539,0.141,0.124,0.111,0.081,101.73
2025-26,Jericho Sims,MIL,27.0,0.784,0.0,0.62,5.0,5.5,1.6,0.3,1.1,110.3,120.3,-10.1,0.772,0.784,0.095,0.109,0.143,0.083,97.72
2025-26,Jett Howard,ORL,22.0,0.418,0.372,0.949,5.5,1.6,0.8,0.2,0.3,112.6,118.1,-5.5,0.561,0.526,0.166,0.095,0.06,0.07,100.55
2025-26,Jevon Carter,ORL,30.0,0.401,0.363,0.789,6.4,1.7,1.6,0.8,0.7,110.0,115.6,-5.7,0.537,0.528,0.166,0.148,0.048,0.074,101.62
2025-26,Jimmy Butler III,GSW,36.0,0.519,0.376,0.864,20.0,5.6,4.9,1.4,1.6,116.6,109.2,7.3,0.646,0.554,0.226,0.24,0.087,0.155,101.73
2025-26,Joan Beringer,MIN,19.0,0.663,0.0,0.703,3.9,2.3,0.3,0.2,0.3,117.8,115.5,2.3,0.683,0.663,0.156,0.052,0.138,0.107,105.74
2025-26,Jock Landale,ATL,30.0,0.515,0.383,0.635,10.6,5.7,1.7,0.5,0.9,114.6,116.8,-2.2,0.595,0.582,0.177,0.11,0.123,0.098,101.83
2025-26,Joe Ingles,MIN,38.0,0.593,0.438,1.0,1.5,0.7,1.3,0.3,0.5,110.9,116.7,-5.8,0.735,0.722,0.106,0.268,0.06,0.096,110.81
2025-26,Joel Embiid,PHI,32.0,0.489,0.333,0.854,26.9,7.7,3.9,0.6,2.9,119.1,113.2,5.8,0.605,0.527,0.336,0.209,0.118,0.163,100.69
2025-26,John Collins,LAC,28.0,0.552,0.406,0.766,13.6,5.3,1.0,0.9,1.4,113.9,115.1,-1.2,0.643,0.62,0.188,0.058,0.099,0.098,97.98
2025-26,John Konchar,UTA,30.0,0.472,0.283,0.727,4.4,4.3,2.1,1.5,0.6,106.1,112.0,-5.9,0.568,0.543,0.09,0.136,0.098,0.09,105.42
2025-26,John Poulakidas,DAL,23.0,0.429,0.403,0.857,8.8,2.3,0.8,0.5,0.3,110.5,112.8,-2.3,0.611,0.599,0.153,0.061,0.053,0.069,106.25
2025-26,John Tonje,BOS,25.0,0.286,0.3,1.0,2.5,1.0,0.3,0.3,0.0,106.6,108.4,-1.8,0.476,0.393,0.157,0.083,0.067,0.061,106.54
2025-26,Johni Broome,PHI,23.0,0.167,0.0,0.333,0.9,1.5,0.4,0.3,0.3,88.9,102.5,-13.6,0.188,0.167,0.226,0.118,0.137,-0.02,103.43
2025-26,Johnny Furphy,IND,21.0,0.47,0.324,0.486,5.1,4.4,1.2,0.6,0.8,110.1,114.8,-4.6,0.547,0.547,0.125,0.085,0.119,0.066,102.22
2025-26,Johnny Juzang,MIN,25.0,0.421,0.25,0.625,2.0,0.8,0.3,0.1,0.2,105.3,109.9,-4.6,0.518,0.5,0.2,0.095,0.092,0.085,111.66
2025-26,Jonas Valanciunas,DEN,34.0,0.582,0.308,0.772,8.7,5.1,1.2,0.2,1.1,114.6,116.6,-2.0,0.63,0.592,0.26,0.15,0.187,0.15,97.23
2025-26,Jonathan Isaac,ORL,28.0,0.422,0.184,0.603,2.6,2.5,0.4,0.4,0.3,104.7,106.1,-1.3,0.498,0.454,0.119,0.062,0.115,0.078,102.61
2025-26,Jonathan Kuminga,ATL,23.0,0.463,0.333,0.724,12.2,5.6,2.3,0.6,1.9,112.0,108.0,4.1,0.557,0.515,0.226,0.148,0.118,0.111,102.73
2025-26,Jonathan Mogbo,TOR,24.0,0.591,0.0,0.643,1.5,1.7,0.6,0.3,0.4,96.3,106.5,-10.2,0.608,0.591,0.102,0.159,0.13,0.101,103.95
2025-26,Jordan Clarkson,NYK,34.0,0.451,0.327,0.83,8.6,1.8,1.3,0.4,0.9,115.4,111.7,3.7,0.548,0.517,0.203,0.11,0.048,0.068,98.78
2025-26,Jordan Goodwin,PHX,27.0,0.413,0.371,0.696,8.7,4.9,2.2,1.5,1.0,113.4,110.1,3.3,0.525,0.514,0.167,0.136,0.105,0.098,99.3
2025-26,Jordan Hawkins,NOP,24.0,0.366,0.348,0.852,5.1,1.7,0.8,0.3,0.7,107.0,116.8,-9.8,0.48,0.457,0.175,0.086,0.058,0.055,103.84
2025-26,Jordan McLaughlin,SAS,30.0,0.418,0.425,0.857,2.0,0.7,0.9,0.5,0.3,100.8,112.3,-11.5,0.542,0.525,0.143,0.199,0.057,0.091,101.67
2025-26,Jordan Miller,LAC,26.0,0.531,0.345,0.777,10.0,3.0,2.3,0.8,1.1,114.3,114.7,-0.4,0.628,0.579,0.177,0.157,0.071,0.106,98.57
2025-26,Jordan Poole,NOP,27.0,0.372,0.333,0.86,13.4,2.0,3.1,0.6,1.8,109.4,117.3,-7.9,0.53,0.48,0.235,0.185,0.037,0.073,104.18
2025-26,Jordan Walsh,BOS,22.0,0.509,0.384,0.772,5.4,4.0,0.8,0.7,0.5,117.9,112.8,5.1,0.623,0.599,0.114,0.059,0.108,0.08,95.8
2025-26,Jose Alvarado,NYK,28.0,0.416,0.352,0.761,7.4,2.5,3.4,1.0,1.1,112.0,110.7,1.3,0.543,0.529,0.167,0.244,0.06,0.088,99.57
2025-26,Josh Giddey,CHI,23.0,0.448,0.364,0.763,17.0,8.3,9.1,1.0,3.6,112.1,117.1,-5.0,0.562,0.52,0.238,0.41,0.121,0.142,104.46
2025-26,Josh Green,CHA,25.0,0.459,0.42,0.893,4.3,1.8,0.8,0.6,0.6,118.5,106.0,12.5,0.644,0.619,0.104,0.069,0.054,0.059,98.23
2025-26,Josh Hart,NYK,31.0,0.508,0.413,0.72,12.0,7.4,4.8,1.1,1.9,118.0,112.5,5.5,0.612,0.593,0.163,0.212,0.123,0.118,98.97
2025-26,Josh Minott,BKN,23.0,0.5,0.418,0.787,7.4,3.2,0.9,0.9,0.9,111.7,111.7,-0.1,0.653,0.627,0.162,0.083,0.091,0.104,98.94
2025-26,Josh Oduro,NOP,25.0,0.647,0.0,0.5,8.3,7.7,1.3,0.0,0.7,127.8,124.6,3.2,0.636,0.647,0.09,0.05,0.126,0.05,110.95
2025-26,Josh Okogie,HOU,27.0,0.425,0.385,0.594,4.5,2.6,0.9,0.8,0.5,115.4,109.9,5.6,0.544,0.531,0.112,0.065,0.072,0.056,98.25
2025-26,Jrue Holiday,POR,36.0,0.451,0.378,0.838,16.3,4.6,6.1,1.0,2.8,114.6,108.6,6.1,0.573,0.548,0.227,0.302,0.074,0.124,103.5
2025-26,Julian Champagnie,SAS,25.0,0.437,0.381,0.844,11.1,5.8,1.5,0.8,0.8,120.4,108.0,12.4,0.609,0.578,0.146,0.071,0.099,0.091,102.55
2025-26,Julian Phillips,MIN,22.0,0.421,0.308,0.783,2.9,1.0,0.2,0.5,0.2,107.7,110.7,-2.9,0.534,0.504,0.134,0.032,0.053,0.046,105.72
2025-26,Julian Reese,WAS,23.0,0.529,0.0,0.636,11.8,10.5,1.8,1.4,2.5,110.8,122.6,-11.8,0.557,0.529,0.173,0.084,0.174,0.092,102.52
2025-26,Julian Strawther,DEN,24.0,0.467,0.387,0.814,7.2,2.0,1.1,0.4,0.6,115.0,113.5,1.5,0.59,0.558,0.187,0.101,0.065,0.082,101.86
2025-26,Julius Randle,MIN,31.0,0.481,0.315,0.802,21.1,6.7,5.0,1.1,2.7,117.0,113.1,4.0,0.585,0.526,0.258,0.227,0.099,0.128,102.3
2025-26,Justin Champagnie,WAS,25.0,0.502,0.319,0.784,8.7,5.6,1.2,0.9,0.7,110.0,119.4,-9.4,0.589,0.56,0.161,0.087,0.133,0.106,103.51
2025-26,Justin Edwards,PHI,22.0,0.447,0.372,0.846,6.0,1.5,1.3,0.8,0.6,111.7,115.0,-3.4,0.572,0.552,0.154,0.114,0.047,0.068,103.91
2025-26,Jusuf Nurkić,UTA,31.0,0.503,0.352,0.549,10.9,10.4,4.8,1.3,2.5,109.5,117.4,-7.9,0.548,0.538,0.186,0.261,0.182,0.121,105.32
2025-26,KJ Simpson,DEN,23.0,0.343,0.3,0.611,4.6,1.9,2.2,0.8,1.3,110.1,110.0,0.0,0.426,0.404,0.21,0.246,0.072,0.065,100.24
2025-26,Kadary Richmond,WAS,24.0,0.625,0.5,1.0,8.3,3.3,2.7,2.7,0.7,110.6,106.6,4.0,0.722,0.688,0.114,0.138,0.077,0.129,108.86
2025-26,Kam Jones,IND,24.0,0.402,0.293,0.5,4.4,1.6,3.2,0.5,1.0,106.0,116.0,-10.0,0.47,0.467,0.141,0.262,0.048,0.061,104.2
2025-26,Karl-Anthony Towns,NYK,30.0,0.501,0.368,0.858,20.1,11.9,3.0,0.9,2.5,118.8,111.8,7.0,0.619,0.556,0.251,0.142,0.192,0.154,99.48
2025-26,Karlo Matković,NOP,25.0,0.604,0.422,0.732,5.7,3.7,0.8,0.4,0.5,107.2,111.6,-4.4,0.696,0.685,0.128,0.079,0.115,0.108,102.42
2025-26,Kasparas Jakučionis,MIA,20.0,0.429,0.423,0.879,6.2,2.6,2.6,0.6,0.9,115.9,112.9,3.0,0.614,0.567,0.129,0.178,0.067,0.073,106.96
2025-26,Kawhi Leonard,LAC,35.0,0.505,0.387,0.892,27.9,6.4,3.6,1.9,2.0,120.3,112.8,7.5,0.629,0.573,0.326,0.193,0.102,0.185,97.53
2025-26,Keaton Wallace,ATL,27.0,0.398,0.373,0.667,3.5,1.1,1.8,0.5,0.5,102.2,110.8,-8.6,0.52,0.509,0.161,0.264,0.05,0.077,102.54
2025-26,Keegan Murray,SAC,25.0,0.42,0.277,0.776,14.0,5.7,1.7,1.0,1.2,107.6,118.4,-10.7,0.499,0.472,0.182,0.07,0.079,0.078,100.29
2025-26,Kel'el Ware,MIA,22.0,0.53,0.395,0.74,11.1,9.0,0.7,0.8,0.8,113.1,114.1,-1.0,0.616,0.601,0.174,0.046,0.18,0.137,105.48
2025-26,Keldon Johnson,SAS,26.0,0.519,0.363,0.794,13.2,5.4,1.4,0.6,0.9,116.0,108.2,7.8,0.613,0.582,0.201,0.085,0.106,0.118,102.22
2025-26,Kelly Olynyk,SAS,35.0,0.49,0.255,0.711,3.2,1.8,1.2,0.4,0.6,104.2,111.1,-6.9,0.59,0.552,0.16,0.203,0.101,0.096,100.81
2025-26,Kelly Oubre Jr.,PHI,30.0,0.467,0.36,0.766,14.1,5.0,1.6,1.4,1.4,115.3,117.2,-1.9,0.58,0.546,0.179,0.073,0.077,0.083,100.39
2025-26,Kennedy Chandler,UTA,23.0,0.445,0.395,0.651,15.0,3.4,6.7,1.0,2.1,113.3,122.6,-9.3,0.529,0.5,0.195,0.261,0.049,0.081,109.25
2025-26,Kenrich Williams,OKC,31.0,0.473,0.388,0.635,6.5,3.3,1.4,0.6,0.8,112.6,109.5,3.1,0.569,0.557,0.178,0.132,0.106,0.098,100.84
2025-26,Kentavious Caldwell-Pope,MEM,33.0,0.41,0.316,0.913,8.4,2.5,2.7,0.8,1.2,110.8,115.3,-4.5,0.533,0.485,0.173,0.181,0.054,0.083,102.31
2025-26,Keon Ellis,CLE,26.0,0.44,0.363,0.729,6.7,1.9,1.0,1.2,0.6,110.6,115.4,-4.8,0.579,0.559,0.129,0.067,0.045,0.058,100.49
2025-26,Keshad Johnson,MIA,25.0,0.49,0.295,0.724,4.3,1.9,0.3,0.5,0.4,122.3,109.3,13.0,0.582,0.553,0.171,0.036,0.1,0.083,109.64
2025-26,Keshon Gilbert,ATL,23.0,0.417,0.0,1.0,4.3,1.3,3.0,0.8,2.0,103.2,141.3,-38.1,0.564,0.417,0.131,0.222,0.036,0.049,101.16
2025-26,Kevin Durant,HOU,37.0,0.52,0.413,0.874,26.0,5.5,4.8,0.8,3.2,117.9,112.4,5.5,0.641,0.588,0.263,0.203,0.073,0.15,98.14
2025-26,Kevin Huerter,DET,27.0,0.451,0.308,0.775,10.0,3.5,2.6,0.9,1.0,113.1,110.8,2.3,0.552,0.535,0.184,0.161,0.074,0.093,102.94
2025-26,Kevin Love,UTA,37.0,0.397,0.373,0.841,6.7,5.8,1.8,0.4,0.8,115.8,122.5,-6.7,0.568,0.53,0.161,0.145,0.167,0.103,104.18
2025-26,Kevin McCullar Jr.,NYK,25.0,0.426,0.333,0.4,2.4,1.3,1.0,0.4,0.6,98.8,110.9,-12.1,0.508,0.511,0.166,0.208,0.082,0.062,101.27
2025-26,Kevin Porter Jr.,MIL,26.0,0.465,0.322,0.878,17.4,5.2,7.4,2.2,2.9,111.4,116.1,-4.7,0.567,0.51,0.236,0.336,0.077,0.132,99.18
2025-26,Kevon Looney,NOP,30.0,0.417,0.154,0.7,2.8,5.6,1.6,0.4,0.4,105.3,115.7,-10.4,0.458,0.433,0.096,0.148,0.171,0.093,102.64
2025-26,Keyonte George,UTA,22.0,0.456,0.371,0.892,23.6,3.7,6.1,1.1,3.1,115.1,123.6,-8.6,0.609,0.532,0.275,0.286,0.054,0.122,103.25
2025-26,Khaman Maluach,PHX,19.0,0.533,0.238,0.71,3.0,2.9,0.1,0.1,0.5,106.0,103.5,2.5,0.586,0.557,0.142,0.021,0.151,0.098,97.92
2025-26,Khris Middleton,DAL,34.0,0.42,0.36,0.875,10.2,3.7,2.8,0.7,1.7,110.0,121.1,-11.1,0.533,0.482,0.198,0.171,0.075,0.073,103.88
2025-26,Killian Hayes,SAC,24.0,0.304,0.27,0.929,5.5,2.3,3.5,0.9,1.2,107.8,110.6,-2.8,0.422,0.366,0.179,0.265,0.061,0.071,100.91
2025-26,Klay Thompson,DAL,36.0,0.393,0.383,0.766,11.7,2.1,1.4,0.5,0.9,106.3,111.0,-4.7,0.541,0.532,0.214,0.096,0.043,0.077,106.06
2025-26,Kobe Brown,IND,26.0,0.469,0.374,0.797,5.8,3.0,1.3,0.4,0.9,108.4,119.0,-10.5,0.594,0.565,0.154,0.123,0.096,0.078,100.6
2025-26,Kobe Bufkin,LAL,22.0,0.3,0.192,0.917,2.9,0.8,0.6,0.1,0.3,97.7,127.9,-30.2,0.416,0.35,0.219,0.128,0.055,0.038,102.44
2025-26,Kobe Sanders,LAC,24.0,0.466,0.408,0.826,7.3,2.3,1.6,0.7,1.2,113.1,112.9,0.2,0.597,0.57,0.155,0.117,0.056,0.062,99.33
2025-26,Koby Brea,PHX,23.0,0.417,0.433,1.0,3.8,0.7,0.8,0.1,0.3,101.8,106.0,-4.2,0.61,0.597,0.203,0.189,0.048,0.101,96.15
2025-26,Kon Knueppel,CHA,20.0,0.475,0.425,0.863,18.5,5.3,3.4,0.7,2.0,119.2,113.0,6.2,0.633,0.601,0.216,0.158,0.082,0.115,99.73
2025-26,Kris Dunn,LAC,32.0,0.476,0.374,0.765,7.3,3.3,3.6,1.6,1.4,114.6,114.1,0.5,0.581,0.56,0.122,0.179,0.063,0.074,98.23
2025-26,Kris Murray,POR,25.0,0.467,0.279,0.684,5.8,3.6,1.4,0.9,0.8,110.6,109.1,1.5,0.55,0.529,0.103,0.082,0.073,0.063,102.27
2025-26,Kristaps Porziņģis,GSW,30.0,0.446,0.338,0.842,16.7,5.2,2.5,0.6,1.3,113.8,110.8,3.0,0.582,0.515,0.265,0.162,0.104,0.124,103.63
2025-26,Kyle Anderson,MIN,32.0,0.53,0.364,0.706,6.2,3.5,2.9,1.0,0.9,107.4,111.6,-4.2,0.573,0.54,0.131,0.204,0.084,0.095,103.85
2025-26,Kyle Filipowski,UTA,22.0,0.492,0.325,0.75,11.4,7.2,2.6,0.9,1.6,113.7,120.4,-6.6,0.586,0.548,0.197,0.156,0.149,0.106,104.07
2025-26,Kyle Kuzma,MIL,30.0,0.492,0.347,0.726,13.0,4.5,2.7,0.7,1.7,110.2,116.8,-6.6,0.581,0.552,0.212,0.153,0.084,0.096,100.59
2025-26,Kyle Lowry,PHI,40.0,0.16,0.16,0.833,1.2,0.6,0.8,0.1,0.3,98.5,116.5,-18.0,0.308,0.24,0.106,0.131,0.032,0.013,105.12
2025-26,Kyshawn George,WAS,22.0,0.438,0.381,0.802,14.8,5.1,4.5,1.0,2.6,108.3,119.7,-11.5,0.559,0.524,0.222,0.226,0.081,0.09,103.49
2025-26,LJ Cryer,GSW,24.0,0.402,0.394,0.895,8.2,1.6,1.0,0.2,0.8,109.2,109.6,-0.4,0.59,0.56,0.196,0.092,0.049,0.07,99.16
2025-26,LaMelo Ball,CHA,24.0,0.407,0.368,0.899,20.1,4.8,7.1,1.2,2.8,123.2,114.1,9.1,0.546,0.516,0.306,0.384,0.084,0.134,99.43
2025-26,Lachlan Olbrich,CHI,22.0,0.468,0.105,0.375,2.4,3.0,1.1,0.3,0.4,109.0,106.7,2.3,0.47,0.481,0.125,0.153,0.142,0.074,105.91
2025-26,Landry Shamet,NYK,29.0,0.437,0.392,0.711,9.3,1.8,1.4,0.6,0.6,115.2,107.0,8.1,0.598,0.578,0.151,0.084,0.038,0.07,99.44
2025-26,Larry Nance Jr.,CLE,33.0,0.419,0.333,0.462,3.7,2.7,1.0,0.6,0.6,108.2,111.1,-2.9,0.505,0.504,0.137,0.105,0.098,0.062,101.61
2025-26,Lauri Markkanen,UTA,29.0,0.477,0.355,0.896,26.7,6.9,2.1,1.0,1.5,113.6,115.2,-1.5,0.608,0.548,0.269,0.101,0.094,0.139,104.48
2025-26,Lawson Lovering,MEM,23.0,0.6,0.0,0.4,7.0,7.5,1.5,1.5,1.0,110.5,110.6,-0.1,0.574,0.6,0.106,0.07,0.143,0.07,110.59
2025-26,LeBron James,LAL,41.0,0.515,0.317,0.737,20.9,6.1,7.2,1.2,3.0,115.0,112.4,2.6,0.594,0.557,0.262,0.338,0.093,0.154,100.29
2025-26,Leaky Black,WAS,27.0,0.388,0.345,0.875,7.1,5.0,1.5,1.2,0.9,109.6,119.5,-9.9,0.498,0.481,0.113,0.064,0.084,0.051,103.63
2025-26,Leonard Miller,CHI,22.0,0.553,0.323,0.736,7.8,3.9,0.9,0.4,0.8,111.7,114.1,-2.5,0.633,0.615,0.176,0.077,0.118,0.104,106.87
2025-26,Liam McNeeley,CHA,20.0,0.4,0.4,0.821,4.3,2.4,0.8,0.2,0.4,111.5,109.9,1.6,0.588,0.526,0.144,0.096,0.098,0.079,98.74
2025-26,Lindy Waters III,SAS,28.0,0.375,0.342,0.667,2.4,0.7,0.5,0.2,0.2,107.1,108.7,-1.6,0.532,0.528,0.141,0.09,0.05,0.052,101.17
2025-26,Lonzo Ball,CLE,28.0,0.301,0.272,0.667,4.6,4.0,3.9,1.3,1.5,111.0,109.7,1.3,0.432,0.415,0.13,0.236,0.089,0.077,104.87
2025-26,Lucas Williamson,MEM,27.0,0.333,0.283,1.0,10.4,5.4,2.6,1.6,1.4,105.2,129.7,-24.5,0.465,0.433,0.159,0.108,0.08,0.044,107.27
2025-26,Luguentz Dort,OKC,27.0,0.385,0.344,0.759,8.3,3.6,1.2,0.9,0.8,116.2,108.2,8.0,0.524,0.508,0.139,0.059,0.063,0.049,100.54
2025-26,Luka Dončić,LAL,27.0,0.476,0.366,0.78,33.5,7.7,8.3,1.6,4.0,119.4,115.6,3.8,0.616,0.563,0.368,0.387,0.11,0.188,100.73
2025-26,Luka Garza,BOS,27.0,0.577,0.433,0.769,8.1,4.1,1.0,0.4,0.7,119.4,113.6,5.8,0.682,0.654,0.168,0.085,0.12,0.103,97.4
2025-26,Luke Kennard,LAL,30.0,0.533,0.478,0.913,8.4,2.3,2.2,0.7,0.8,114.2,113.7,0.5,0.689,0.665,0.131,0.139,0.053,0.089,101.7
2025-26,Luke Kornet,SAS,30.0,0.643,0.0,0.825,6.5,6.1,1.9,0.5,0.4,114.4,110.5,3.9,0.689,0.643,0.1,0.114,0.132,0.109,102.41
2025-26,Luke Travers,CLE,24.0,0.25,0.063,1.0,2.3,2.0,0.8,0.6,0.3,97.3,110.5,-13.2,0.35,0.264,0.161,0.123,0.098,0.071,105.69
2025-26,Mac McClung,CHI,27.0,0.39,0.233,0.778,6.1,0.9,0.9,1.0,0.8,112.3,121.7,-9.4,0.501,0.449,0.199,0.096,0.034,0.047,106.88
2025-26,Malachi Smith,BKN,26.0,0.485,0.435,1.0,8.3,3.4,3.3,0.8,0.9,104.9,118.0,-13.2,0.605,0.586,0.136,0.204,0.073,0.102,100.6
2025-26,Malaki Branham,WAS,23.0,0.473,0.378,0.824,4.6,1.6,0.8,0.4,0.5,102.5,111.3,-8.8,0.604,0.549,0.177,0.131,0.074,0.099,102.37
2025-26,Malevy Leons,GSW,26.0,0.444,0.25,0.789,3.3,2.1,0.9,0.6,0.5,111.6,122.2,-10.6,0.516,0.472,0.137,0.117,0.098,0.062,99.83
2025-26,Malik Monk,SAC,28.0,0.438,0.395,0.879,12.5,1.9,3.0,0.6,1.5,110.0,118.3,-8.3,0.568,0.536,0.234,0.208,0.041,0.094,102.11
2025-26,MarJon Beauchamp,PHI,25.0,0.434,0.34,0.684,6.8,2.3,1.1,0.6,0.9,107.5,111.6,-4.0,0.563,0.539,0.203,0.109,0.075,0.087,104.76
2025-26,Marcus Sasser,DET,25.0,0.39,0.415,0.833,5.2,1.0,2.0,0.5,0.8,116.4,103.1,13.4,0.533,0.514,0.197,0.217,0.044,0.078,101.68
2025-26,Marcus Smart,LAL,32.0,0.395,0.331,0.822,9.3,2.8,3.0,1.4,1.5,117.3,110.6,6.8,0.543,0.497,0.151,0.133,0.05,0.059,100.07
2025-26,Mark Sears,MIL,24.0,0.462,0.5,0.75,3.1,0.3,0.3,0.0,0.6,123.2,101.8,21.4,0.666,0.615,0.344,0.125,0.049,0.078,103.06
2025-26,Mark Williams,PHX,24.0,0.644,1.0,0.771,11.7,8.0,1.0,0.9,1.1,111.3,113.3,-2.0,0.68,0.645,0.167,0.064,0.162,0.141,101.01
2025-26,Markelle Fultz,TOR,28.0,0.182,0.0,0.0,0.8,0.2,1.6,0.4,0.8,90.4,130.6,-40.2,0.182,0.182,0.163,0.308,0.013,0.0,112.73
2025-26,Marvin Bagley III,DAL,27.0,0.618,0.462,0.66,10.5,6.1,1.4,0.5,1.0,109.9,119.0,-9.1,0.661,0.647,0.18,0.107,0.143,0.123,103.2
2025-26,Mason Plumlee,SAS,36.0,0.786,0.0,0.643,1.6,2.7,1.0,0.5,0.6,114.4,116.5,-2.2,0.769,0.786,0.074,0.145,0.159,0.084,103.28
2025-26,Matas Buzelis,CHI,21.0,0.463,0.349,0.786,16.3,5.8,2.1,0.7,2.1,110.6,116.9,-6.3,0.586,0.553,0.223,0.103,0.094,0.097,104.25
2025-26,Matisse Thybulle,POR,29.0,0.433,0.398,0.84,5.8,2.0,0.9,2.0,0.9,108.8,99.8,9.0,0.6,0.571,0.144,0.079,0.059,0.093,103.73
2025-26,Max Christie,DAL,23.0,0.441,0.404,0.899,12.3,3.2,2.0,0.6,1.2,108.3,115.2,-6.9,0.601,0.566,0.162,0.095,0.052,0.079,103.23
2025-26,Max Shulga,BOS,24.0,0.25,0.25,1.0,0.6,0.5,0.2,0.1,0.3,92.4,100.0,-7.6,0.394,0.313,0.128,0.087,0.076,-0.038,106.52
2025-26,Max Strus,CLE,30.0,0.443,0.402,0.778,11.2,5.4,2.0,0.3,0.8,117.6,117.3,0.3,0.609,0.599,0.17,0.113,0.108,0.088,103.56
2025-26,Maxi Kleber,LAL,34.0,0.452,0.231,0.538,2.0,2.0,0.6,0.4,0.4,113.4,110.3,3.1,0.509,0.493,0.092,0.075,0.095,0.038,101.41
2025-26,Maxime Raynaud,SAC,23.0,0.571,0.324,0.786,12.5,7.5,1.4,0.5,1.3,110.4,121.3,-10.9,0.619,0.589,0.178,0.074,0.14,0.109,101.41
2025-26,Micah Peavy,NOP,24.0,0.385,0.259,0.759,4.3,1.9,1.0,0.7,0.3,110.4,114.5,-4.1,0.455,0.436,0.135,0.089,0.059,0.044,103.08
2025-26,Micah Potter,IND,28.0,0.515,0.423,0.842,9.7,5.0,1.5,0.5,1.0,108.4,114.8,-6.4,0.679,0.637,0.174,0.111,0.125,0.114,105.56
2025-26,Michael Porter Jr.,BKN,28.0,0.463,0.363,0.859,24.2,7.1,3.0,1.1,2.3,113.0,119.6,-6.6,0.595,0.555,0.292,0.165,0.11,0.141,97.97
2025-26,Mikal Bridges,NYK,29.0,0.49,0.371,0.827,14.4,3.8,3.7,1.3,1.0,118.0,112.0,6.0,0.587,0.571,0.17,0.158,0.057,0.099,98.88
2025-26,Mike Conley,MIN,38.0,0.335,0.337,0.9,4.5,1.7,2.9,0.6,0.6,112.3,112.1,0.2,0.517,0.465,0.113,0.205,0.045,0.061,102.58
2025-26,Miles Bridges,CHA,28.0,0.46,0.333,0.822,17.1,5.8,3.2,0.6,1.4,118.3,114.8,3.5,0.57,0.531,0.221,0.154,0.092,0.114,98.66
2025-26,Miles Kelly,DAL,23.0,0.364,0.303,1.0,3.1,1.7,0.9,0.3,0.4,101.3,106.5,-5.1,0.484,0.477,0.144,0.133,0.078,0.064,106.07
2025-26,Miles McBride,NYK,25.0,0.423,0.413,0.787,12.0,2.4,2.6,0.9,0.8,119.9,110.4,9.5,0.578,0.562,0.174,0.136,0.044,0.085,98.57
2025-26,Mitchell Robinson,NYK,28.0,0.723,0.0,0.408,5.7,8.8,0.9,0.9,0.7,117.7,109.9,7.8,0.676,0.723,0.102,0.058,0.214,0.124,98.23
2025-26,Mo Bamba,UTA,28.0,0.455,0.0,0.0,2.5,5.5,0.3,0.0,0.5,101.1,114.4,-13.3,0.455,0.455,0.123,0.037,0.218,0.091,98.08
2025-26,Mohamed Diawara,NYK,21.0,0.423,0.369,0.75,3.6,1.4,0.8,0.2,0.4,112.0,106.7,5.3,0.55,0.535,0.169,0.114,0.075,0.076,99.57
2025-26,Monte Morris,IND,31.0,0.35,0.25,0.5,3.0,1.2,1.5,0.2,0.3,83.3,104.2,-20.9,0.414,0.4,0.141,0.29,0.044,0.076,106.6
2025-26,Moritz Wagner,ORL,29.0,0.426,0.314,0.819,6.9,3.2,0.8,0.4,0.5,107.2,117.2,-10.0,0.545,0.482,0.237,0.107,0.127,0.106,101.6
2025-26,Moses Moody,GSW,24.0,0.44,0.401,0.77,12.1,3.3,1.6,1.0,1.0,111.1,108.9,2.2,0.6,0.575,0.174,0.093,0.061,0.083,102.6
2025-26,Mouhamadou Gueye,CHI,27.0,0.545,0.2,0.75,8.0,3.0,3.0,1.0,1.5,112.0,129.3,-17.3,0.627,0.591,0.138,0.162,0.059,0.073,105.1
2025-26,Mouhamed Gueye,ATL,23.0,0.452,0.308,0.645,4.4,3.6,0.9,0.8,0.4,112.5,110.1,2.3,0.539,0.521,0.12,0.076,0.111,0.075,102.61
2025-26,Moussa Cisse,DAL,23.0,0.574,0.0,0.469,4.5,5.7,0.2,0.5,0.8,111.2,110.7,0.5,0.564,0.574,0.136,0.023,0.182,0.087,104.05
2025-26,Moussa Diabaté,CHA,24.0,0.631,0.5,0.659,7.9,8.7,1.9,0.8,1.0,122.0,111.5,10.5,0.653,0.632,0.112,0.099,0.164,0.108,97.8
2025-26,Myles Turner,MIL,30.0,0.44,0.383,0.74,11.9,5.3,1.5,0.7,1.2,109.6,115.8,-6.2,0.584,0.553,0.181,0.079,0.096,0.086,100.47
2025-26,Myron Gardner,MIA,25.0,0.48,0.406,0.731,3.6,2.7,1.0,0.4,0.4,114.7,106.3,8.4,0.606,0.585,0.139,0.143,0.132,0.093,107.28
2025-26,N'Faly Dante,ATL,24.0,0.25,0.0,1.0,0.8,1.8,0.0,0.5,0.3,109.1,86.7,22.4,0.338,0.25,0.119,0.0,0.206,0.116,98.08
2025-26,Nae'Qwan Tomlin,CLE,25.0,0.478,0.235,0.77,5.8,2.9,0.8,0.6,0.5,114.3,110.7,3.6,0.549,0.521,0.151,0.071,0.088,0.069,101.75
2025-26,Naji Marshall,DAL,28.0,0.51,0.291,0.76,15.2,4.7,3.3,1.1,1.6,109.7,114.3,-4.6,0.592,0.548,0.2,0.162,0.075,0.106,104.35
2025-26,Nate Williams,GSW,27.0,0.489,0.433,0.867,8.0,2.1,1.0,0.4,1.1,112.2,127.3,-15.1,0.592,0.563,0.192,0.083,0.064,0.056,98.94
2025-26,Naz Reid,MIN,26.0,0.456,0.362,0.732,13.6,6.2,2.2,1.0,1.6,113.0,109.9,3.2,0.565,0.549,0.212,0.124,0.113,0.112,102.77
2025-26,Neemias Queta,BOS,26.0,0.653,0.125,0.703,10.2,8.4,1.7,0.8,1.0,118.8,105.6,13.2,0.674,0.654,0.145,0.091,0.157,0.13,96.15
2025-26,Nic Claxton,BKN,27.0,0.571,0.158,0.616,11.7,6.9,3.7,0.7,1.4,107.4,120.3,-12.9,0.592,0.574,0.175,0.216,0.124,0.117,98.37
2025-26,Nick Richards,CHI,28.0,0.512,0.278,0.644,5.8,5.1,0.3,0.2,1.2,108.9,117.2,-8.4,0.562,0.525,0.176,0.033,0.163,0.079,102.27
2025-26,Nick Smith Jr.,LAL,22.0,0.435,0.395,0.733,6.2,0.8,1.0,0.3,0.7,110.6,111.7,-1.1,0.552,0.54,0.212,0.127,0.032,0.067,101.35
2025-26,Nickeil Alexander-Walker,ATL,27.0,0.459,0.399,0.902,20.8,3.4,3.7,1.3,2.1,116.1,112.0,4.0,0.61,0.564,0.23,0.155,0.049,0.105,104.38
2025-26,Nicolas Batum,LAC,37.0,0.403,0.404,0.818,4.0,2.5,0.9,0.6,0.5,113.2,113.8,-0.5,0.603,0.597,0.092,0.069,0.071,0.058,98.96
2025-26,Nigel Hayes-Davis,PHX,31.0,0.326,0.125,0.5,1.3,1.2,0.3,0.3,0.3,95.1,112.8,-17.7,0.356,0.348,0.116,0.055,0.083,0.028,99.83
2025-26,Nikola Jokić,DEN,31.0,0.569,0.38,0.831,27.7,12.9,10.7,1.4,3.7,126.1,115.3,10.8,0.67,0.618,0.289,0.458,0.185,0.213,102.59
2025-26,Nikola Jović,MIA,23.0,0.366,0.269,0.683,7.3,3.3,2.2,0.6,1.4,109.3,110.1,-0.8,0.48,0.438,0.203,0.173,0.084,0.073,107.64
2025-26,Nikola Topić,OKC,20.0,0.431,0.4,0.4,5.2,1.9,4.4,0.5,2.5,107.2,120.8,-13.7,0.489,0.49,0.204,0.383,0.058,0.063,99.7
2025-26,Nikola Vučević,BOS,35.0,0.493,0.369,0.828,15.1,8.4,3.3,0.6,1.3,113.1,114.8,-1.7,0.574,0.556,0.213,0.175,0.141,0.127,101.99
2025-26,Nique Clifford,SAC,24.0,0.418,0.333,0.722,8.6,3.8,2.4,0.9,1.5,111.3,115.8,-4.5,0.505,0.482,0.167,0.13,0.074,0.062,100.77
2025-26,Noa Essengue,CHI,19.0,0.0,0.0,0.0,0.0,0.0,0.0,0.5,0.0,60.0,171.4,-111.4,0.0,0.0,0.188,0.0,0.0,-0.095,115.36
2025-26,Noah Clowney,BKN,21.0,0.396,0.329,0.804,12.3,4.1,1.6,0.8,1.5,109.7,118.3,-8.7,0.554,0.498,0.202,0.095,0.077,0.072,98.49
2025-26,Noah Penda,ORL,21.0,0.404,0.323,0.688,3.8,3.2,1.2,0.5,0.7,110.4,113.4,-3.0,0.506,0.478,0.14,0.124,0.118,0.076,101.42
2025-26,Nolan Traore,BKN,20.0,0.38,0.318,0.787,8.9,1.8,3.8,0.8,2.3,108.2,118.8,-10.5,0.479,0.444,0.224,0.265,0.04,0.056,98.4
2025-26,Norchad Omier,LAC,24.0,0.7,0.0,1.0,2.8,1.2,0.3,0.2,0.0,92.0,146.8,-54.8,0.751,0.7,0.18,0.182,0.152,0.16,98.37
2025-26,Norman Powell,MIA,33.0,0.47,0.38,0.827,21.7,3.5,2.5,1.1,1.9,114.7,114.1,0.6,0.609,0.558,0.262,0.123,0.054,0.113,105.69
2025-26,OG Anunoby,NYK,28.0,0.484,0.386,0.828,16.7,5.2,2.2,1.6,1.8,119.4,110.2,9.2,0.62,0.581,0.194,0.09,0.078,0.099,99.84
2025-26,Obi Toppin,IND,28.0,0.503,0.352,0.913,11.6,4.4,2.3,0.5,1.2,113.9,117.5,-3.6,0.636,0.595,0.241,0.193,0.12,0.143,104.11
2025-26,Ochai Agbaji,BKN,26.0,0.436,0.266,0.837,5.1,2.3,0.8,0.4,0.5,106.4,109.0,-2.7,0.525,0.496,0.142,0.07,0.071,0.057,100.34
2025-26,Olivier Sarr,CLE,27.0,0.714,0.667,0.4,3.5,2.8,1.3,0.5,0.5,133.3,106.8,26.5,0.761,0.857,0.108,0.143,0.147,0.088,108.56
2025-26,Olivier-Maxence Prosper,MEM,23.0,0.549,0.405,0.754,10.0,3.5,1.0,0.8,0.9,110.7,120.4,-9.7,0.662,0.634,0.183,0.077,0.091,0.103,104.7
2025-26,Omer Yurtseven,GSW,28.0,0.423,0.0,0.667,3.8,3.3,0.9,0.2,1.0,108.4,114.1,-5.7,0.501,0.423,0.167,0.103,0.15,0.054,104.58
2025-26,Onyeka Okongwu,ATL,25.0,0.48,0.376,0.757,15.2,7.6,3.1,1.1,1.7,113.4,111.3,2.1,0.592,0.564,0.189,0.14,0.117,0.104,104.39
2025-26,Orlando Robinson,ORL,25.0,0.6,0.5,0.0,1.8,1.0,0.8,0.3,0.0,122.4,144.9,-22.4,0.7,0.7,0.081,0.158,0.089,0.074,94.78
2025-26,Oscar Tshiebwe,UTA,26.0,0.634,0.0,0.551,7.8,6.6,1.2,0.6,0.8,110.9,118.9,-8.0,0.633,0.634,0.162,0.101,0.185,0.125,104.74
2025-26,Oso Ighodaro,PHX,23.0,0.653,0.0,0.453,6.5,5.1,2.3,0.9,1.2,114.8,109.7,5.1,0.636,0.653,0.12,0.139,0.113,0.09,98.44
2025-26,Ousmane Dieng,MIL,23.0,0.422,0.341,0.711,7.6,3.2,2.4,0.4,1.3,108.7,117.3,-8.6,0.516,0.501,0.192,0.185,0.081,0.075,99.84
2025-26,P.J. Washington,DAL,27.0,0.45,0.325,0.687,14.2,7.0,1.8,1.0,1.7,107.0,114.4,-7.3,0.537,0.508,0.194,0.082,0.105,0.093,103.86
2025-26,PJ Hall,CHA,24.0,0.508,0.6,0.793,4.5,3.9,0.5,0.2,0.8,108.4,113.9,-5.4,0.599,0.534,0.17,0.077,0.163,0.098,101.68
2025-26,Pacôme Dadiet,NYK,20.0,0.333,0.219,0.818,1.7,0.9,0.4,0.1,0.1,98.6,100.3,-1.7,0.454,0.406,0.167,0.13,0.092,0.085,101.83
2025-26,Paolo Banchero,ORL,23.0,0.459,0.305,0.775,22.2,8.4,5.2,0.7,3.1,114.0,114.1,-0.2,0.566,0.496,0.274,0.235,0.119,0.138,100.96
2025-26,Pascal Siakam,IND,32.0,0.484,0.358,0.693,24.0,6.6,3.8,1.1,2.2,111.5,117.2,-5.6,0.562,0.529,0.292,0.19,0.095,0.13,102.95
2025-26,Pat Connaughton,CHA,33.0,0.447,0.404,0.65,2.6,1.5,0.4,0.3,0.3,97.2,101.5,-4.3,0.586,0.571,0.15,0.11,0.099,0.117,96.88
2025-26,Pat Spencer,GSW,29.0,0.427,0.357,0.772,7.2,2.4,3.5,0.7,1.3,112.1,115.6,-3.4,0.516,0.495,0.185,0.27,0.065,0.087,99.81
2025-26,Patrick Baldwin Jr.,SAC,23.0,0.407,0.429,0.714,3.7,2.6,0.6,0.3,0.6,100.0,117.2,-17.2,0.549,0.519,0.142,0.072,0.106,0.052,100.24
2025-26,Patrick Williams,CHI,24.0,0.372,0.347,0.72,7.0,3.0,1.5,0.7,1.0,103.8,114.8,-11.0,0.494,0.472,0.159,0.101,0.067,0.057,105.67
2025-26,Paul George,PHI,36.0,0.439,0.392,0.82,17.3,5.3,3.6,1.7,1.7,115.0,111.4,3.6,0.57,0.536,0.229,0.175,0.081,0.117,100.33
2025-26,Paul Reed,DET,27.0,0.617,0.325,0.664,7.8,4.5,1.2,0.9,0.9,112.5,104.4,8.1,0.65,0.636,0.2,0.134,0.159,0.153,101.72
2025-26,Payton Pritchard,BOS,28.0,0.464,0.377,0.89,17.0,3.9,5.2,0.7,1.4,120.1,112.1,8.0,0.584,0.561,0.21,0.234,0.059,0.12,95.81
2025-26,Payton Sandfort,OKC,23.0,0.5,0.412,0.5,8.8,2.5,0.0,0.3,0.3,111.8,125.7,-14.0,0.63,0.635,0.186,0.0,0.075,0.066,103.07
2025-26,Pelle Larsson,MIA,25.0,0.496,0.323,0.797,11.4,3.5,3.4,0.7,1.4,115.7,113.3,2.4,0.605,0.551,0.165,0.163,0.062,0.084,105.49
2025-26,Pete Nance,MIL,26.0,0.515,0.42,0.364,5.4,2.7,1.0,0.3,0.6,112.2,117.4,-5.2,0.639,0.644,0.132,0.092,0.086,0.078,97.81
2025-26,Peyton Watson,DEN,23.0,0.491,0.411,0.73,14.6,4.9,2.1,0.9,1.7,123.7,117.6,6.2,0.594,0.56,0.204,0.096,0.083,0.087,99.45
2025-26,Precious Achiuwa,SAC,26.0,0.528,0.278,0.554,10.1,6.7,1.4,0.9,0.9,110.9,118.1,-7.2,0.558,0.551,0.172,0.082,0.139,0.102,100.39
2025-26,Quentin Grimes,PHI,26.0,0.45,0.334,0.84,13.4,3.6,3.3,0.9,1.8,112.4,112.4,-0.1,0.585,0.534,0.183,0.159,0.058,0.092,101.43
2025-26,Quenton Jackson,IND,27.0,0.47,0.356,0.824,9.1,2.3,2.9,0.6,1.3,109.1,112.9,-3.8,0.589,0.534,0.2,0.227,0.061,0.096,105.34
2025-26,Quinten Post,GSW,26.0,0.44,0.336,0.791,7.7,4.0,1.4,0.4,0.8,112.4,110.2,2.3,0.56,0.546,0.183,0.116,0.111,0.089,101.7
2025-26,RJ Barrett,TOR,26.0,0.491,0.339,0.717,19.3,5.3,3.3,0.7,1.7,118.4,113.5,4.9,0.585,0.55,0.254,0.157,0.088,0.112,100.88
2025-26,Rasheer Fleming,PHX,21.0,0.405,0.346,0.559,4.3,2.3,0.3,0.4,0.5,112.7,106.6,6.1,0.517,0.509,0.159,0.033,0.089,0.056,96.98
2025-26,RayJ Dennis,ATL,25.0,0.313,0.311,0.889,4.4,1.5,1.9,0.2,1.0,95.8,110.0,-14.2,0.425,0.398,0.195,0.26,0.053,0.051,105.2
2025-26,Rayan Rupert,MEM,22.0,0.393,0.324,0.778,5.2,2.9,1.1,0.9,0.9,103.5,117.0,-13.6,0.493,0.463,0.148,0.093,0.082,0.055,103.02
2025-26,Reed Sheppard,HOU,22.0,0.43,0.394,0.802,13.5,2.9,3.4,1.5,1.5,115.9,111.6,4.3,0.564,0.55,0.21,0.183,0.053,0.102,98.73
2025-26,Riley Minix,CLE,25.0,0.609,0.333,1.0,3.9,0.7,0.6,0.2,0.3,129.3,108.5,20.8,0.72,0.696,0.176,0.104,0.055,0.114,108.26
2025-26,Rob Dillingham,CHI,21.0,0.396,0.316,0.745,6.3,2.0,2.2,0.7,1.5,105.9,113.3,-7.4,0.469,0.447,0.218,0.206,0.062,0.06,106.08
2025-26,Robert Williams III,POR,28.0,0.708,0.391,0.596,6.7,7.0,1.0,0.6,0.8,110.6,107.2,3.4,0.722,0.726,0.129,0.089,0.192,0.163,102.86
2025-26,Rocco Zikarsky,MIN,19.0,0.625,0.0,1.0,2.8,2.8,0.4,0.0,0.2,122.4,116.2,6.2,0.717,0.625,0.131,0.067,0.177,0.151,98.68
2025-26,Ron Harper Jr.,BOS,26.0,0.418,0.35,0.75,4.2,1.7,0.8,0.3,0.3,111.6,109.0,2.7,0.55,0.545,0.158,0.1,0.072,0.086,96.22
2025-26,Ronald Holland II,DET,20.0,0.432,0.253,0.805,8.2,4.0,1.2,1.2,1.2,110.2,104.5,5.7,0.525,0.478,0.184,0.088,0.097,0.085,101.85
2025-26,Royce O'Neale,PHX,33.0,0.421,0.408,0.711,9.8,4.8,2.7,1.1,1.3,111.4,115.1,-3.6,0.596,0.59,0.139,0.129,0.081,0.082,100.64
2025-26,Rudy Gobert,MIN,34.0,0.682,0.0,0.526,10.9,11.5,1.7,0.8,1.4,113.0,108.0,5.0,0.664,0.682,0.127,0.074,0.173,0.121,101.49
2025-26,Rui Hachimura,LAL,28.0,0.514,0.443,0.694,11.5,3.3,0.8,0.6,0.6,116.4,114.4,2.0,0.62,0.611,0.149,0.041,0.06,0.073,100.83
2025-26,Russell Westbrook,SAC,37.0,0.427,0.338,0.694,15.2,5.4,6.7,1.3,3.3,110.0,122.1,-12.1,0.528,0.503,0.252,0.33,0.093,0.105,102.15
2025-26,Ryan Dunn,PHX,23.0,0.453,0.331,0.489,5.8,4.2,1.5,0.9,0.8,110.4,108.7,1.7,0.532,0.53,0.136,0.105,0.105,0.081,98.02
2025-26,Ryan Kalkbrenner,CHA,24.0,0.753,0.0,0.716,7.6,5.5,0.8,0.5,0.9,112.3,111.2,1.1,0.762,0.753,0.113,0.053,0.121,0.108,100.4
2025-26,Ryan Nembhard,DAL,23.0,0.415,0.356,0.806,6.6,2.2,5.3,0.4,1.4,111.2,113.1,-1.9,0.492,0.477,0.173,0.353,0.054,0.087,101.89
2025-26,Ryan Rollins,MIL,23.0,0.472,0.406,0.796,17.3,4.6,5.6,1.5,2.7,113.3,116.5,-3.2,0.583,0.561,0.236,0.264,0.07,0.111,99.55
2025-26,Saddiq Bey,NOP,27.0,0.451,0.367,0.841,17.7,5.6,2.5,0.9,0.9,113.3,116.8,-3.6,0.579,0.529,0.213,0.12,0.085,0.112,102.05
2025-26,Sam Hauser,BOS,28.0,0.419,0.393,0.85,9.2,3.8,1.5,0.5,0.4,119.8,111.0,8.8,0.59,0.584,0.141,0.077,0.073,0.08,97.23
2025-26,Sam Merrill,CLE,30.0,0.461,0.421,0.855,12.8,2.6,2.4,0.6,0.8,120.3,112.6,7.7,0.644,0.624,0.167,0.119,0.047,0.081,101.54
2025-26,Sandro Mamukelashvili,TOR,27.0,0.523,0.389,0.747,11.2,4.9,1.9,0.8,0.8,114.9,109.7,5.3,0.637,0.614,0.181,0.123,0.111,0.123,101.19
2025-26,Santi Aldama,MEM,25.0,0.479,0.35,0.667,14.0,6.7,2.9,0.9,1.3,113.6,116.0,-2.4,0.572,0.553,0.191,0.153,0.112,0.115,103.47
2025-26,Scoot Henderson,POR,22.0,0.418,0.352,0.84,14.2,2.7,3.7,0.9,2.4,112.2,109.0,3.2,0.553,0.501,0.246,0.231,0.05,0.086,103.34
2025-26,Scottie Barnes,TOR,24.0,0.507,0.304,0.815,18.1,7.5,5.9,1.4,2.6,114.6,110.0,4.6,0.577,0.537,0.226,0.255,0.11,0.139,101.0
2025-26,Scotty Pippen Jr.,MEM,25.0,0.448,0.313,0.783,11.4,2.2,4.7,1.9,2.7,107.1,118.7,-11.5,0.537,0.5,0.255,0.324,0.05,0.086,104.78
2025-26,Sean Pedulla,LAC,23.0,0.333,0.3,0.0,1.9,0.4,0.7,0.0,0.1,82.5,112.5,-30.0,0.433,0.433,0.219,0.294,0.048,0.05,98.32
2025-26,Seth Curry,GSW,35.0,0.49,0.48,0.917,7.1,1.2,1.0,0.3,0.2,116.0,119.0,-3.0,0.654,0.612,0.169,0.106,0.049,0.093,99.97
2025-26,Shaedon Sharpe,POR,23.0,0.452,0.337,0.787,20.8,4.3,2.6,1.4,2.9,112.4,113.7,-1.3,0.546,0.511,0.293,0.151,0.068,0.108,103.89
2025-26,Shai Gilgeous-Alexander,OKC,27.0,0.553,0.386,0.879,31.1,4.3,6.6,1.4,2.2,121.5,105.2,16.3,0.665,0.597,0.323,0.332,0.062,0.207,101.84
2025-26,Sharife Cooper,WAS,25.0,0.514,0.382,0.833,8.1,2.1,3.0,0.4,1.5,108.4,120.1,-11.7,0.609,0.573,0.197,0.256,0.061,0.094,103.68
2025-26,Sidy Cissoko,POR,22.0,0.398,0.298,0.659,5.1,2.2,1.5,0.7,0.9,109.2,110.9,-1.7,0.514,0.487,0.123,0.107,0.056,0.036,102.55
2025-26,Simone Fontecchio,MIA,30.0,0.412,0.375,0.843,8.5,3.0,1.4,0.5,0.7,113.8,110.5,3.3,0.579,0.542,0.184,0.121,0.08,0.09,105.28
2025-26,Sion James,CHA,23.0,0.371,0.352,0.837,5.4,3.5,2.0,0.6,0.8,113.2,110.0,3.3,0.531,0.483,0.109,0.121,0.075,0.062,99.1
2025-26,Skal Labissiere,WAS,30.0,0.6,0.2,0.0,4.3,3.0,1.0,0.7,0.3,110.4,106.4,4.0,0.65,0.65,0.117,0.115,0.107,0.124,99.07
2025-26,Spencer Jones,DEN,25.0,0.504,0.396,0.608,5.5,3.3,0.8,0.8,0.5,116.9,115.3,1.6,0.619,0.613,0.097,0.047,0.073,0.045,99.33
2025-26,Stanley Umude,SAS,27.0,0.5,0.0,0.0,1.0,0.0,0.5,0.5,0.0,57.1,166.7,-109.5,0.5,0.5,0.143,0.333,0.0,0.029,105.99
2025-26,Stephen Curry,GSW,38.0,0.468,0.393,0.923,26.6,3.6,4.7,1.1,2.8,117.6,114.8,2.8,0.637,0.587,0.308,0.245,0.057,0.146,103.66
2025-26,Stephon Castle,SAS,21.0,0.471,0.332,0.734,16.7,5.3,7.4,1.1,3.2,118.2,108.4,9.8,0.575,0.521,0.243,0.344,0.084,0.117,102.28
2025-26,Steven Adams,HOU,32.0,0.504,0.0,0.58,5.8,8.6,1.5,0.7,1.1,117.3,105.5,11.8,0.535,0.504,0.116,0.084,0.177,0.1,97.69
2025-26,Svi Mykhailiuk,UTA,29.0,0.478,0.408,0.893,9.4,2.5,1.9,0.5,0.8,114.9,117.9,-3.0,0.626,0.613,0.143,0.107,0.051,0.074,103.74
2025-26,T.J. McConnell,IND,34.0,0.538,0.32,0.862,9.4,2.2,5.1,1.0,1.1,109.1,116.7,-7.6,0.567,0.556,0.227,0.469,0.063,0.15,103.65
2025-26,Taelon Peter,IND,24.0,0.38,0.328,0.625,4.5,1.6,1.1,0.7,0.7,103.2,111.8,-8.7,0.518,0.509,0.159,0.113,0.057,0.057,105.12
2025-26,Taj Gibson,MEM,41.0,0.462,0.5,0.875,3.4,2.7,0.6,0.2,0.1,103.2,107.9,-4.7,0.576,0.519,0.123,0.092,0.121,0.081,106.78
2025-26,Tari Eason,HOU,25.0,0.416,0.358,0.776,10.5,6.3,1.5,1.2,1.4,116.1,109.6,6.5,0.514,0.496,0.181,0.078,0.116,0.083,99.06
2025-26,Taurean Prince,MIL,32.0,0.45,0.436,1.0,9.2,3.1,1.8,0.6,1.2,113.7,117.5,-3.8,0.617,0.61,0.157,0.102,0.067,0.073,99.88
2025-26,Taylor Hendricks,MEM,22.0,0.459,0.342,0.681,7.4,3.7,0.9,0.8,0.8,108.4,119.1,-10.7,0.566,0.548,0.157,0.07,0.096,0.077,103.17
2025-26,Terance Mann,BKN,29.0,0.457,0.364,0.788,7.2,3.2,3.0,0.7,1.1,109.6,117.8,-8.2,0.564,0.533,0.133,0.182,0.066,0.066,98.07
2025-26,Terrence Shannon Jr.,MIN,25.0,0.45,0.408,0.8,5.6,1.1,0.9,0.3,0.6,112.0,120.5,-8.5,0.597,0.541,0.171,0.102,0.045,0.069,102.75
2025-26,Thanasis Antetokounmpo,MIL,33.0,0.469,0.0,0.567,1.4,0.9,0.4,0.4,0.3,97.4,94.3,3.1,0.52,0.469,0.154,0.172,0.096,0.094,102.35
2025-26,Thomas Bryant,CLE,28.0,0.506,0.359,0.803,6.2,3.4,0.6,0.3,0.5,114.4,110.7,3.6,0.625,0.594,0.182,0.067,0.129,0.115,102.45
2025-26,Tidjane Salaün,CHA,20.0,0.503,0.434,0.65,6.0,4.0,0.7,0.4,0.7,113.2,111.1,2.1,0.629,0.616,0.147,0.071,0.125,0.102,99.11
2025-26,Tim Hardaway Jr.,DEN,34.0,0.447,0.407,0.811,13.5,2.6,1.4,0.5,0.5,119.4,114.9,4.5,0.624,0.591,0.177,0.07,0.047,0.085,101.24
2025-26,Tobias Harris,DET,33.0,0.469,0.368,0.866,13.3,5.1,2.5,0.9,1.0,118.6,108.6,10.0,0.574,0.531,0.181,0.12,0.088,0.112,100.9
2025-26,Toby Okani,MEM,24.0,0.357,0.29,0.125,10.0,3.5,1.0,0.7,0.5,100.0,128.1,-28.1,0.408,0.421,0.142,0.039,0.043,0.013,106.9
2025-26,Tolu Smith,DET,25.0,0.5,0.0,0.667,3.7,3.3,0.9,0.1,0.5,106.9,104.6,2.3,0.569,0.5,0.177,0.143,0.185,0.117,97.44
2025-26,Tony Bradley,ATL,28.0,0.547,0.5,0.744,4.0,2.8,0.5,0.1,0.4,104.6,118.8,-14.2,0.596,0.556,0.136,0.077,0.121,0.074,102.19
2025-26,Tosan Evbuomwan,CHA,25.0,0.0,0.0,0.0,0.0,0.4,0.0,0.0,0.0,50.0,100.0,-50.0,0.0,0.0,0.048,0.0,0.087,-0.043,108.9
2025-26,Toumani Camara,POR,26.0,0.44,0.37,0.708,13.4,5.1,2.5,1.1,1.8,114.3,113.0,1.3,0.578,0.563,0.16,0.103,0.072,0.073,102.27
2025-26,Trae Young,WAS,27.0,0.458,0.338,0.825,17.9,2.0,8.0,0.9,2.6,116.1,124.1,-8.1,0.612,0.534,0.262,0.44,0.037,0.128,108.13
2025-26,Trayce Jackson-Davis,TOR,26.0,0.573,1.0,0.514,3.4,2.7,0.7,0.3,0.4,102.9,110.5,-7.6,0.578,0.577,0.142,0.122,0.14,0.1,103.78
2025-26,Tre Johnson,WAS,20.0,0.419,0.358,0.874,12.2,2.8,2.0,0.6,1.6,108.7,119.9,-11.2,0.535,0.508,0.22,0.122,0.055,0.068,104.38
2025-26,Tre Jones,CHI,26.0,0.553,0.315,0.841,14.1,3.1,5.4,1.2,1.4,111.0,114.8,-3.8,0.637,0.586,0.186,0.284,0.054,0.126,106.25
2025-26,Tre Mann,CHA,25.0,0.36,0.323,0.852,5.5,1.7,1.6,0.5,1.0,105.8,115.9,-10.1,0.462,0.442,0.231,0.223,0.068,0.062,97.44
2025-26,Trendon Watford,PHI,25.0,0.515,0.2,0.779,6.5,3.3,2.5,0.3,1.2,106.5,115.6,-9.1,0.573,0.534,0.17,0.229,0.094,0.093,103.23
2025-26,Trentyn Flowers,CHI,21.0,0.667,0.0,0.0,2.0,0.5,0.5,0.0,0.5,81.8,100.0,-18.2,0.667,0.667,0.25,0.5,0.077,0.128,95.14
2025-26,Trevon Scott,BKN,29.0,0.38,0.316,0.667,8.0,5.2,1.7,1.3,0.7,105.8,122.8,-16.9,0.456,0.44,0.136,0.078,0.089,0.053,99.43
2025-26,Trevor Keels,MIA,22.0,0.25,0.222,0.0,1.0,0.3,0.0,0.1,0.0,87.5,69.8,17.7,0.333,0.333,0.261,0.0,0.047,0.039,133.27
2025-26,Trey Alexander,NOP,23.0,0.514,0.5,0.6,5.2,1.2,1.0,0.7,0.3,112.0,119.0,-7.0,0.599,0.595,0.148,0.107,0.045,0.078,104.77
2025-26,Trey Jemison III,NYK,26.0,0.6,0.0,1.0,1.0,1.4,0.4,0.1,0.8,96.1,112.9,-16.8,0.623,0.6,0.099,0.088,0.101,0.027,105.02
2025-26,Trey Murphy III,NOP,26.0,0.47,0.379,0.886,21.5,5.7,3.8,1.5,1.8,113.6,117.2,-3.6,0.613,0.572,0.223,0.16,0.078,0.122,101.71
2025-26,Tristan Enaruna,CLE,25.0,0.5,0.3,0.75,4.1,1.6,0.8,0.6,0.3,123.5,101.7,21.7,0.587,0.554,0.16,0.101,0.09,0.105,99.8
2025-26,Tristan Vukcevic,WAS,23.0,0.479,0.347,0.784,9.0,3.0,1.1,0.5,1.3,103.5,118.5,-15.1,0.603,0.558,0.259,0.133,0.104,0.11,105.7
2025-26,Tristan da Silva,ORL,25.0,0.45,0.374,0.884,9.9,3.7,1.6,0.9,0.9,113.2,111.6,1.6,0.576,0.547,0.16,0.092,0.073,0.085,100.96
2025-26,Tristen Newton,HOU,25.0,0.444,0.4,0.667,12.0,3.0,0.0,1.0,0.0,128.0,120.0,8.0,0.581,0.556,0.345,0.0,0.111,0.149,100.0
2025-26,Ty Jerome,MEM,28.0,0.474,0.42,0.875,19.7,2.8,5.7,1.1,1.8,122.2,127.2,-5.0,0.616,0.572,0.332,0.409,0.065,0.162,99.63
2025-26,TyTy Washington Jr.,LAC,24.0,0.474,0.375,0.0,1.3,0.4,1.1,0.4,0.2,102.9,121.0,-18.1,0.553,0.553,0.113,0.283,0.04,0.082,96.95
2025-26,Tyler Burton,MEM,26.0,0.375,0.333,0.852,10.8,4.2,1.0,0.9,0.9,102.0,124.3,-22.3,0.521,0.473,0.18,0.062,0.076,0.061,103.12
2025-26,Tyler Herro,MIA,26.0,0.48,0.378,0.917,20.5,4.8,4.1,0.7,1.9,114.4,116.4,-2.0,0.602,0.561,0.248,0.199,0.071,0.122,103.33
2025-26,Tyler Kolek,NYK,25.0,0.435,0.386,0.7,4.4,1.6,2.7,0.4,0.9,111.7,105.7,6.0,0.533,0.524,0.173,0.328,0.064,0.101,100.53
2025-26,Tyler Smith,DAL,21.0,0.42,0.286,0.667,4.7,2.8,0.4,0.5,0.5,110.6,114.7,-4.1,0.532,0.52,0.135,0.041,0.086,0.059,107.55
2025-26,Tyrese Martin,PHI,27.0,0.394,0.321,0.679,6.3,2.5,1.7,0.5,0.9,105.8,116.8,-10.9,0.501,0.489,0.178,0.163,0.074,0.077,97.87
2025-26,Tyrese Maxey,PHI,25.0,0.462,0.367,0.892,28.3,4.1,6.6,1.9,2.4,115.0,113.4,1.5,0.588,0.536,0.286,0.288,0.052,0.15,100.25
2025-26,Tyrese Proctor,CLE,22.0,0.413,0.351,0.889,5.4,1.3,1.5,0.5,0.8,112.5,112.8,-0.3,0.556,0.516,0.214,0.196,0.055,0.087,100.87
2025-26,Tyson Etienne,BKN,26.0,0.4,0.398,0.833,7.9,1.1,1.7,0.5,0.7,105.6,117.8,-12.2,0.588,0.548,0.198,0.17,0.036,0.071,102.0
2025-26,Tyus Jones,DEN,30.0,0.349,0.292,0.778,3.0,1.1,2.4,0.6,0.4,107.5,113.6,-6.1,0.448,0.44,0.103,0.222,0.036,0.065,101.09
2025-26,VJ Edgecombe,PHI,20.0,0.438,0.354,0.818,16.0,5.6,4.2,1.4,1.8,114.8,113.9,0.9,0.54,0.51,0.196,0.172,0.077,0.092,100.44
2025-26,Victor Wembanyama,SAS,22.0,0.512,0.349,0.827,25.0,11.5,3.1,1.0,2.4,120.5,103.6,17.0,0.626,0.569,0.316,0.17,0.186,0.209,102.23
2025-26,Vince Williams Jr.,UTA,25.0,0.353,0.311,0.78,7.5,3.9,4.2,0.7,1.8,108.7,108.4,0.3,0.478,0.447,0.19,0.281,0.084,0.085,102.34
2025-26,Vladislav Goldin,MIA,25.0,0.75,0.0,1.0,0.8,1.0,0.3,0.0,0.3,105.2,88.9,16.3,0.788,0.75,0.101,0.136,0.164,0.105,121.19
2025-26,Vít Krejčí,POR,26.0,0.448,0.39,0.745,8.5,2.3,1.5,0.7,0.6,110.0,111.1,-1.1,0.609,0.597,0.142,0.099,0.05,0.068,103.2
2025-26,Walker Kessler,UTA,24.0,0.703,0.75,0.7,14.4,10.8,3.0,1.4,3.2,118.8,114.0,4.8,0.786,0.784,0.167,0.155,0.167,0.138,98.04
2025-26,Walter Clayton Jr.,MEM,23.0,0.384,0.307,0.901,7.8,2.0,4.0,0.6,1.7,111.7,121.2,-9.6,0.523,0.465,0.181,0.274,0.048,0.073,103.23
2025-26,Wendell Carter Jr.,ORL,27.0,0.512,0.319,0.792,11.8,7.4,2.0,0.8,1.3,113.5,111.3,2.2,0.617,0.568,0.156,0.095,0.124,0.096,101.62
2025-26,Wendell Moore Jr.,DET,24.0,0.571,0.0,1.0,1.7,1.0,0.7,0.3,0.2,129.0,94.4,34.6,0.635,0.571,0.066,0.068,0.056,0.063,100.34
2025-26,Will Richard,GSW,23.0,0.468,0.335,0.852,6.4,2.5,1.3,1.2,0.8,110.3,113.6,-3.3,0.596,0.571,0.123,0.094,0.061,0.063,102.86
2025-26,Will Riley,WAS,20.0,0.439,0.316,0.8,10.3,2.9,2.0,0.7,1.3,107.3,121.4,-14.1,0.548,0.502,0.196,0.131,0.064,0.08,103.18
2025-26,Xavier Tillman,CHA,27.0,0.435,0.167,0.25,1.5,1.4,0.4,0.3,0.3,104.8,109.7,-4.9,0.461,0.467,0.127,0.113,0.116,0.069,98.67
2025-26,Yang Hansen,POR,21.0,0.31,0.119,0.824,2.2,1.5,0.5,0.1,0.7,95.1,110.2,-15.1,0.413,0.335,0.196,0.111,0.102,0.027,104.76
2025-26,Yanic Konan Niederhäuser,LAC,23.0,0.64,0.2,0.758,4.3,2.9,0.3,0.1,0.6,113.9,109.4,4.5,0.691,0.645,0.153,0.041,0.14,0.098,98.96
2025-26,Yuki Kawamura,CHI,25.0,0.327,0.297,0.895,3.4,1.8,2.6,0.5,0.8,111.7,114.0,-2.3,0.514,0.433,0.133,0.266,0.074,0.082,107.59
2025-26,Yves Missi,NOP,22.0,0.544,0.0,0.559,5.7,5.8,1.3,0.3,0.8,112.7,114.1,-1.3,0.556,0.544,0.122,0.087,0.137,0.087,100.7
2025-26,Zaccharie Risacher,ATL,21.0,0.455,0.368,0.644,9.6,3.8,1.1,0.9,0.9,112.8,112.6,0.2,0.557,0.544,0.168,0.068,0.081,0.07,105.34
2025-26,Zach Collins,CHI,28.0,0.578,0.429,0.7,9.7,5.6,1.5,0.2,1.0,115.0,111.6,3.4,0.666,0.648,0.177,0.114,0.143,0.123,104.24
2025-26,Zach Edey,MEM,24.0,0.633,0.2,0.781,13.6,11.1,1.1,0.6,2.4,112.8,94.5,18.3,0.669,0.638,0.2,0.061,0.198,0.157,101.72
2025-26,Zach LaVine,SAC,31.0,0.479,0.39,0.88,19.2,2.8,2.3,0.7,1.9,109.3,121.9,-12.6,0.614,0.569,0.234,0.111,0.044,0.096,100.47
2025-26,Zeke Nnaji,DEN,25.0,0.47,0.259,0.773,3.7,2.6,0.6,0.3,0.5,107.1,113.7,-6.6,0.558,0.517,0.136,0.069,0.103,0.07,99.34
2025-26,Ziaire Williams,BKN,24.0,0.425,0.343,0.85,10.2,2.4,1.1,1.4,1.1,103.1,113.2,-10.1,0.579,0.524,0.179,0.076,0.052,0.079,100.4
2025-26,Zion Williamson,NOP,25.0,0.6,0.25,0.716,21.0,5.7,3.2,1.0,2.0,113.0,114.9,-1.9,0.644,0.6,0.25,0.174,0.09,0.141,103.58
2025-26,Zyon Pullin,MIN,25.0,0.692,0.333,1.0,4.6,0.6,1.8,0.2,0.6,121.4,118.9,2.5,0.779,0.731,0.167,0.281,0.033,0.11,108.77
