PLAYER_ID,PLAYER_NAME,TEAM,PROJECTED_AGE,CURRENT_TS_PCT,PROJECTED_TS_PCT,TS_PCT_HDI_LOW,TS_PCT_HDI_HIGH,CURRENT_AST_PCT,PROJECTED_AST_PCT,AST_PCT_HDI_LOW,AST_PCT_HDI_HIGH,CURRENT_REB_PCT,PROJECTED_REB_PCT,REB_PCT_HDI_LOW,REB_PCT_HDI_HIGH,CURRENT_DEF_RATING,PROJECTED_DEF_RATING,DEF_RATING_HDI_LOW,DEF_RATING_HDI_HIGH,DELTA_TS_PCT,Z_TS_PCT,DELTA_AST_PCT,Z_AST_PCT,DELTA_REB_PCT,Z_REB_PCT,DELTA_DEF_RATING,Z_DEF_RATING,BREAKOUT_SCORE
1642942,Jahmai Mashack,MEM,24.0,0.456,0.5120469990747712,0.5043313218415277,0.5199286713059853,0.141,0.12515231441627805,0.12199206953363328,0.12834697149454885,0.057,0.059641872594421094,0.057316059478970914,0.06192593200076803,120.7,114.89922074552015,114.35475610966729,115.43330929303166,0.05604699907477123,2.4298562172438265,-0.015847685583721932,-0.6789956903255274,0.002641872594421092,1.5839412749584028,5.800779254479849,2.035163548571254,1.342491337611989
1631342,Daeqwon Plowden,SAC,28.0,0.572,0.5773590779029478,0.5741084820278197,0.5801831455467156,0.065,0.07691707098369625,0.07151899494622076,0.08247416176144055,0.057,0.06030955878722573,0.05777871665347806,0.06268797639738488,122.1,114.77369323940121,114.1148081612519,115.40882278685639,0.005359077902947873,0.1580873717594174,0.011917070983696251,0.45490984794884515,0.0033095587872257262,1.8660938589857599,7.326306760598783,2.572688594958047,1.2629449184130173
1641989,Elijah Harkless,UTA,27.0,0.471,0.5244949260554161,0.5172365971573072,0.531442267523538,0.177,0.155277329193431,0.15164885967257755,0.15935357015154064,0.047,0.05101293039412306,0.04817525143494643,0.05384962265884038,116.0,112.94644589904736,112.62082220969796,113.29000756858133,0.05349492605541617,2.3154755158313756,-0.021722670806568978,-0.9189285802570679,0.0040129303941230585,2.1633264789743927,3.0535541009526384,1.0671689878953017,1.1567606006110005
1642877,Micah Peavy,NOP,25.0,0.455,0.5141980506944239,0.505980735287999,0.5220441341120543,0.089,0.08002555678641182,0.07587210529531918,0.08479350531220038,0.059,0.06197208177683625,0.05957330592597615,0.06435186850863876,114.5,112.57160046305496,112.27680238860097,112.87260110387659,0.05919805069442391,2.571082385817088,-0.008974443213588174,-0.3982942344898761,0.0029720817768362565,1.7234819380603894,1.9283995369450366,0.6707167726552399,1.1417467155107102
1630560,Cam Thomas,MIL,25.0,0.53,0.550477120197134,0.5438506991550937,0.5570078264100204,0.208,0.2424263106259349,0.23515700460844516,0.24966117120545156,0.041,0.041072912637269,0.03724868731009641,0.045121154911801256,123.8,118.61158931952245,117.64672024579494,119.48490893774773,0.02047712019713399,0.835659004106008,0.0344263106259349,1.3741814227131994,7.291263726899588e-05,0.498343432761655,5.188410680477546,1.819393302000072,1.1318942903952336
1629018,Gary Trent Jr.,MIL,28.0,0.533,0.5595232095628275,0.5535682548881072,0.5661914004813151,0.082,0.09104584864844951,0.08475412481742772,0.09725595881549406,0.024,0.026571288289961695,0.022737862564051928,0.029963819817327833,120.4,116.38725031679867,115.5341689672659,117.17105019049343,0.0265232095628275,1.1066371215836757,0.009045848648449512,0.3376498640679168,0.002571288289961695,1.5541135742966041,4.012749683201335,1.405144965237031,1.1008863812963068
1630544,Tre Mann,CHA,26.0,0.462,0.5168849684563177,0.5092641583542699,0.5247346508134615,0.223,0.21951097680474144,0.21442609974366583,0.2241107571778762,0.068,0.06945008335720464,0.06734612419040996,0.07155857636653745,115.9,113.51435280147155,113.16774891838725,113.83307997284456,0.054884968456317684,2.3777754671267903,-0.003489023195258567,-0.17427108761150115,0.0014500833572046318,1.0803118506563651,2.38564719852846,0.8318296136345363,1.0289114609515475
1631099,Keegan Murray,SAC,26.0,0.499,0.5393805205123283,0.5335376709024251,0.5456437669419391,0.07,0.08708012500840272,0.08013066209792642,0.09368528825943925,0.079,0.07930690356654185,0.07659706266959215,0.08182070307912642,118.4,115.21739265112855,114.70796149658493,115.68377428723409,0.04038052051232832,1.7277043614602545,0.01708012500840271,0.6657676503145455,0.00030690356654185236,0.5972239338784676,3.182607348871457,1.1126413591214426,1.0258343261936775
1630545,Terrence Shannon Jr.,MIN,26.0,0.597,0.5880857714537401,0.5851731235807526,0.5908113080913971,0.102,0.10728511656223162,0.10325352408750647,0.11100741100974339,0.045,0.04894965893138213,0.04599865011422249,0.05172665857957452,120.5,114.5823885395053,114.04699083786436,115.12036847524223,-0.008914228546259895,-0.4816242629601147,0.005285116562231629,0.18406253006143944,0.003949658931382133,2.1365890581621483,5.917611460494697,2.076329792185813,0.9788392793623215
1630174,Aaron Nesmith,IND,27.0,0.554,0.5907997632607578,0.5827070962179579,0.5990664079750403,0.091,0.10622556459870193,0.09917273270283115,0.11287767031116604,0.067,0.067497901467798,0.06492171950869277,0.07017666193166949,118.4,115.38509839025262,114.78003891137853,115.94316844963463,0.036799763260757734,1.5672193271700265,0.015225564598701932,0.5900278787621509,0.0004979014677979898,0.6779363283595523,3.0149016097473833,1.0535496450484936,0.9721832948350558
1631126,Caleb Love,POR,25.0,0.497,0.53338711182316,0.5276759086034258,0.5390611166902718,0.187,0.19250983762881146,0.1888321996505301,0.196164283276797,0.053,0.05550176434336687,0.05298594879058211,0.05818088176688833,114.5,113.20578146462462,112.92712901486188,113.47453959390874,0.03638711182316001,1.548724808982921,0.005509837628811465,0.1932400807935363,0.002501764343366873,1.5247339624446503,1.2942185353753786,0.4472608395966479,0.9284899229544389
203897,Zach LaVine,SAC,32.0,0.614,0.6079392601814798,0.6021964897069075,0.6137813149121978,0.111,0.15460729487181563,0.14807333917413218,0.16074152232175548,0.044,0.04409495129452846,0.041112775019444533,0.046887619783068685,121.9,116.80237037043855,116.0907382741194,117.50677930578676,-0.006060739818520178,-0.3537344887741586,0.043607294871815624,1.749130464961617,9.495129452846002e-05,0.5076565863976933,5.097629629561453,1.7874062756049478,0.922614709547525
1628975,Jevon Carter,ORL,31.0,0.537,0.5581222340667086,0.5540286527089913,0.5621705369184181,0.148,0.14144119999798765,0.13778390066940807,0.14547553590216294,0.048,0.0517100333149947,0.04901599054836127,0.05489317787279604,115.6,112.64693736635111,112.3061695953483,113.0164437897372,0.021122234066708545,0.8645721959830511,-0.006558800002012338,-0.29963998519186263,0.0037100333149946985,2.0353274361734397,2.9530626336488837,1.0317604617249998,0.9080050271724069
1630171,Isaac Okoro,CHI,26.0,0.574,0.5883706779260774,0.5834427008012305,0.5931675384294609,0.079,0.07340506820715853,0.0672538425060642,0.0793744380408186,0.049,0.050560202345712006,0.047162713894643195,0.05399818766888025,120.6,115.06615770123561,114.38107501427686,115.71661024174281,0.01437067792607749,0.5619759453530148,-0.0055949317928414705,-0.26027585470177206,0.0015602023457120043,1.1268462218814492,5.533842298764384,1.9411073621519457,0.8424134186711594
1628415,Dillon Brooks,PHX,31.0,0.54,0.5554234134158783,0.5495585672902373,0.5613435172270812,0.095,0.1569162896081665,0.14847588837693662,0.16565141152072316,0.058,0.05691932331042483,0.053328842787667606,0.06037524414698644,114.8,114.33598553835004,113.77692801931437,114.8851216335443,0.015423413415878273,0.6091582253316742,0.0619162896081665,2.49686511487197,-0.0010806766895751704,0.010856626859261176,0.46401446164995264,0.15473547938529758,0.8179038616120508
1642848,Tre Johnson,WAS,21.0,0.535,0.5418426567000197,0.5369929804630731,0.5463551590510743,0.122,0.141241554435063,0.1358982862994816,0.14660362952918277,0.055,0.05588506593175381,0.052889160543758175,0.058949404917958075,119.9,115.85082970671216,115.30620307251685,116.35853002595786,0.006842656700019711,0.22457950663281528,0.019241554435063007,0.7540398738266861,0.0008850659317538104,0.8415453038422381,4.049170293287844,1.4179778968280132,0.8095356452824382
1630529,Herbert Jones,NOP,28.0,0.491,0.5485083522295354,0.5389918600950646,0.5586395888684579,0.13,0.1194304393900227,0.11399941097072319,0.12500238331124983,0.059,0.05955562113672956,0.056440720293782415,0.06247238821993689,114.4,113.06735480361024,112.72006742860066,113.45160990515365,0.05750835222953543,2.4953522267958834,-0.01056956060997731,-0.46343841990967394,0.0005556211367295644,0.7023276575704179,1.3326451963897625,0.46080061037193537,0.7987605187071408
1642363,Nique Clifford,SAC,25.0,0.505,0.53913030821826,0.533867452652438,0.5438761556731958,0.13,0.12372641513996616,0.12069035284711077,0.12684661923190654,0.074,0.07541558142584356,0.07384650879432905,0.07708512843851445,115.8,113.207278542255,112.91563553225387,113.51355547512148,0.03413030821826002,1.4475777111840338,-0.006273584860033848,-0.2879918719334652,0.0014155814258435678,1.0657319339344582,2.592721457745,0.9047929658811682,0.7825276847665488
1630208,Nick Richards,CHI,29.0,0.562,0.609444477041373,0.5958314930553787,0.6236503369787749,0.033,0.06001980011970539,0.051933074971505136,0.06796376529375288,0.163,0.16052195734099475,0.1555603633981969,0.16530926942312973,117.2,115.49670111510551,114.59300493530712,116.32266575440082,0.04744447704137289,2.044302004400488,0.027019800119705388,1.0717014329496184,-0.002478042659005253,-0.5796459525792127,1.7032988848944939,0.591401756734621,0.7819398103763787
1631213,Tyrese Martin,PHI,28.0,0.501,0.5383782285740514,0.5328508857843118,0.5440235263881763,0.163,0.15575559883123208,0.15234823285017798,0.15943738120798864,0.074,0.07458765505650936,0.07276267160220394,0.07627221209930742,116.8,113.74331633377967,113.39669567470901,114.10665038170303,0.037378228574051375,1.593145414619523,-0.007244401168767928,-0.32763976102796044,0.0005876550565093591,0.7158646354797976,3.056683666220323,1.068271701356013,0.7624104976068433
1629673,Jordan Poole,NOP,28.0,0.53,0.5527657543806885,0.5454677536800189,0.560743066466985,0.185,0.20466828457882122,0.1977617393364842,0.21216447541956143,0.037,0.038065177570059554,0.03444121587617068,0.04180204043064786,117.3,116.16405267339778,115.26081977584445,116.95031303752555,0.022765754380688508,0.9382327083872556,0.01966828457882122,0.7714674234679417,0.0010651775700595556,0.9176573527493757,1.1359473266022206,0.3914934158719046,0.7547127251191194
1641712,Rayan Rupert,MEM,23.0,0.493,0.5287423570689592,0.5229468388132471,0.5343642880731272,0.093,0.08759683903238223,0.08336991048236199,0.09185353102531951,0.082,0.08233305504835962,0.08063931337877663,0.08410737156329265,117.0,113.88189299446726,113.5266870678136,114.26705845996744,0.03574235706895923,1.5198277122050496,-0.005403160967617768,-0.2524439833769653,0.00033305504835962063,0.6082750957124923,3.1181070055327353,1.0899144335786086,0.7413933145297963
1642383,Walter Clayton Jr.,MEM,24.0,0.523,0.5459305458327578,0.5418782538988055,0.5498095194785071,0.274,0.2285970745449519,0.2210923979741619,0.23539917397271637,0.048,0.05111918531196474,0.048372698321444085,0.053671939661709966,121.2,115.23026307148129,114.67217492559647,115.76837419002904,0.022930545832757776,0.9456184539092323,-0.04540292545504812,-1.8860241075835236,0.0031191853119647422,1.7856453360808213,5.969736928518714,2.094696386367274,0.734984017193451
1642849,Nolan Traore,BKN,21.0,0.479,0.5128616504448171,0.5061508215621612,0.5200013121318088,0.265,0.24133953330161925,0.23382178164024653,0.24890234684387563,0.04,0.04206968506668607,0.03860573717141162,0.045895533307025296,118.8,115.52486647231389,115.0275184298582,115.994165563216,0.03386165044481715,1.435536807834776,-0.02366046669838076,-0.9980676675541345,0.002069685066686068,1.3421447674995448,3.2751335276861084,1.1452432875428242,0.7312142988307526
203114,Khris Middleton,DAL,35.0,0.533,0.5577830200781628,0.5511729562374593,0.5645234274428529,0.171,0.18961620950018437,0.18037072446997993,0.19972499120100853,0.075,0.07270365920288785,0.06929425358312873,0.07587086252039234,121.1,116.37361190492977,115.66089154375409,117.15794813581309,0.0247830200781628,1.028644018589773,0.01861620950018436,0.7285009470484543,-0.002296340797112148,-0.5028619028142021,4.72638809507022,1.6565979996166769,0.7277202656101756
1631165,Keon Ellis,CLE,27.0,0.579,0.605803200151769,0.597376644701112,0.6135767823778916,0.067,0.06362326869028533,0.05777617972720102,0.06953431649299648,0.045,0.0465155771094174,0.043109048251512065,0.04957304604710845,115.4,112.98475185496214,112.48406426785031,113.46555539564856,0.02680320015176907,1.1191859474633188,-0.0033767313097146784,-0.16968511580179665,0.0015155771094174028,1.1079883723871176,2.4152481450378644,0.8422596124918104,0.7249372041351125
1628370,Malik Monk,SAC,29.0,0.568,0.5742026246254125,0.569311850787789,0.5785716817911,0.208,0.22659838439755156,0.21734159814767526,0.2356856716412731,0.041,0.042269430420275665,0.03901943817234524,0.04547024952619949,118.3,115.56893987229618,114.99904496337035,116.09920087115819,0.006202624625412545,0.19589407441170512,0.01859838439755157,0.7277729744279651,0.0012694304202756634,1.0039710583561205,2.731060127703813,0.9535370886114606,0.7202937989518129
1642269,Devin Carter,SAC,25.0,0.508,0.5391120221222216,0.5338391333553162,0.5440891901541371,0.209,0.20663787261631916,0.20235754605824208,0.21073501162134378,0.088,0.08766189944747557,0.08599509441439895,0.0892825640338892,118.3,114.4124262354628,113.99739322737905,114.83082099288407,0.03111202212222164,1.3123019263181441,-0.0023621273836808288,-0.1282489516455883,-0.00033810055252442295,0.32465640011176433,3.887573764537194,1.3610387847738346,0.7174370398895387
1641722,Jordan Hawkins,NOP,25.0,0.48,0.5162921603289169,0.5086494476299166,0.5240191981688046,0.086,0.09505035322139838,0.08888027899997503,0.10122369430734557,0.058,0.057738768719840156,0.05486006254352087,0.06069948579175626,116.8,115.07190396262152,114.48652447587676,115.62843429069659,0.03629216032891691,1.544469202489957,0.009050353221398383,0.337833829672005,-0.00026123128015984737,0.3571400190089337,1.728096037378478,0.6001391216695373,0.7098955432101082
1642880,Kam Jones,IND,25.0,0.47,0.5217732289601748,0.5140834465095959,0.5283090636212303,0.262,0.2016875356374482,0.1941253636537557,0.20906567835969406,0.048,0.051809123705529585,0.04899676861502416,0.05457377088971696,116.0,113.09420605267698,112.76426140894546,113.43502295062709,0.05177322896017478,2.238311218462151,-0.060312464362551804,-2.494925853193452,0.0038091237055295837,2.0772013135173113,2.905793947323019,1.0151051718609754,0.7089229626617464
1630679,Ethan Thompson,IND,28.0,0.515,0.5480481449457951,0.5429752473950621,0.552819031270604,0.122,0.11458237037510596,0.11042735246386043,0.11811245308924798,0.051,0.05483092459658413,0.05212679098783128,0.057598074516450846,109.9,110.83548487253877,110.56352067086846,111.10948087766849,0.03304814494579511,1.3990765150158264,-0.007417629624894034,-0.3347143667537897,0.0038309245965841357,2.086413991286343,-0.9354848725387654,-0.33838309206668654,0.7030982618704232
1629001,De'Anthony Melton,GSW,29.0,0.518,0.5473757308088625,0.542171257880723,0.5526995828733883,0.164,0.18817310578529262,0.18361885553373666,0.19273303481642573,0.07,0.07133914756144805,0.06882323683208011,0.07368258358307278,110.4,111.5442054821796,111.1813807129264,111.8404170189933,0.029375730808862466,1.2344835344570226,0.02417310578529261,0.9554431663328372,0.0013391475614480397,1.033432310879792,-1.1442054821796006,-0.41192654174495336,0.7028581174811745
1629234,Drew Eubanks,SAC,30.0,0.605,0.6174655704608338,0.6108183129478375,0.6245923927270122,0.052,0.06937900416001307,0.062270369571379054,0.07674035328152103,0.112,0.11185338106002804,0.1077035135365443,0.11562042686112915,117.8,114.39041326421125,113.93845610446809,114.87684843638392,0.012465570460833852,0.47659142598854504,0.01737900416001307,0.6779737982223369,-0.00014661893997196251,0.4055732025821882,3.40958673578875,1.1926183539590904,0.6881891951880401
1630180,Saddiq Bey,NOP,28.0,0.579,0.5794828684109875,0.5763029055366049,0.5823650343137103,0.12,0.1418966195297087,0.13759422357697054,0.1461018271769634,0.085,0.08544265692481602,0.08369192628061684,0.08723121897675856,116.8,113.45359191221176,113.06811079559257,113.82608251052744,0.00048286841098754696,-0.06045820185642673,0.0218966195297087,0.8624720514324008,0.00044265692481601504,0.6545909443696583,3.346408087788234,1.1703571324728064,0.6567404816046096
1642860,Will Riley,WAS,21.0,0.548,0.5491824304889811,0.544851294074575,0.5532568461056202,0.131,0.13574972586483028,0.13091237820115914,0.1407898450665477,0.064,0.06439742318043071,0.06171090873679838,0.06710531320446926,121.4,116.16886077969879,115.57998531214359,116.76510240807389,0.0011824304889810344,-0.02910470979111443,0.004749725864830273,0.1621973112740943,0.000397423180430706,0.6354759499290255,5.231139220301216,1.834448855084913,0.6507543516242296
1629216,Gabe Vincent,ATL,31.0,0.511,0.5444788351597738,0.5386288735385134,0.5502689670941455,0.109,0.09299641597523253,0.08711424875296182,0.09857539716658818,0.03,0.030753934691403934,0.026148336413632227,0.0351815192535705,116.0,112.92801040972694,112.47695830627181,113.3521412059598,0.03347883515977379,1.4183795084618405,-0.016003584024767467,-0.6853625426795407,0.0007539346914039353,0.786131520076523,3.0719895902730627,1.0736647981723217,0.6482033210077862
1629631,De'Andre Hunter,SAC,29.0,0.545,0.5764784045421404,0.570549539600614,0.582989935204126,0.11,0.13530777337386854,0.12816795934377875,0.1419907194359704,0.074,0.07328601677223107,0.07056950191141019,0.07578557188058996,115.0,114.88053698869294,114.22617765045486,115.54882645525535,0.03147840454214035,1.3287227253539347,0.02530777337386854,1.0017826996783772,-0.0007139832277689301,0.1658149125173282,0.1194630113070616,0.03333154954113764,0.6324129717726944
1627783,Pascal Siakam,IND,33.0,0.562,0.5775323006120525,0.5711837879570696,0.5836085964047107,0.19,0.2394226266856693,0.23215104562804553,0.24664660516578307,0.095,0.09222178809604716,0.08890831829138193,0.09542665277583648,117.2,115.58915755472387,114.85755831189059,116.30996788648807,0.015532300612052463,0.6140384124496691,0.049422626685669296,1.9866271249672698,-0.002778211903952846,-0.7064922600515098,1.610842445276134,0.5588244011672662,0.6132494196331738
1642846,Ace Bailey,UTA,20.0,0.533,0.5370257617989631,0.5313049869627954,0.5425091703764169,0.098,0.1193569705356637,0.11246251921213922,0.12635765825003972,0.072,0.07103627675913013,0.06797365697384117,0.07433081382575298,120.4,116.26449516250435,115.64341978204702,116.84628477382475,0.004025761798963079,0.09832982171218697,0.021356970535663697,0.8404329249021183,-0.0009637232408698654,0.060279122215201916,4.13550483749566,1.4483981807586201,0.6118600123970318
1626145,Tyus Jones,DEN,31.0,0.448,0.5211597184311303,0.5113275618833809,0.5310214276400927,0.222,0.17775176388016614,0.1646450005847313,0.1901943500863117,0.036,0.03813894644446631,0.033946509114248916,0.042025060787165475,113.6,114.46600330558827,113.33833837866537,115.53982042290347,0.07315971843113028,3.196826765582375,-0.04424823611983386,-1.8388668912396111,0.0021389464444663137,1.3714134223325936,-0.8660033055882792,-0.31390101465524495,0.6038680705050281
1642962,Drake Powell,BKN,21.0,0.521,0.5365074253082185,0.5312287817096818,0.5414802839285292,0.113,0.10054241903253985,0.09499461212111299,0.10547504378616826,0.042,0.044680979030805264,0.04108027901761634,0.04820062827728116,116.3,114.21061237023389,113.78564878233267,114.61594193796053,0.01550742530821847,0.6129235326328295,-0.01245758096746015,-0.5405446871490854,0.002680979030805261,1.6004669754997696,2.089387629766108,0.7274415001441072,0.6000718302819052
1627824,Guerschon Yabusele,CHI,31.0,0.543,0.5688371682887441,0.5631564042757173,0.5743149394718509,0.087,0.09547409253677198,0.0908060249017049,0.10002902079182115,0.11,0.10939881829642605,0.10714645200095438,0.11165255946137356,115.3,113.07153844545529,112.63917170772831,113.53805731743732,0.02583716828874405,1.0758896149361634,0.00847409253677199,0.3142994910870076,-0.0006011817035739553,0.21348287671491833,2.228461554544708,0.7764446925270456,0.5950291688162838
1628960,Grayson Allen,PHX,31.0,0.568,0.6028157897143585,0.5919799420690889,0.6128394108468405,0.206,0.21303354540154051,0.2071909290748986,0.2200340913322924,0.051,0.05151318313731713,0.048422147457205376,0.054523768595107575,113.8,113.92866475166427,113.42368816356817,114.50022315896166,0.0348157897143585,1.4783001292866376,0.007033545401540525,0.2554679154951986,0.0005131831373171303,0.6843940963792352,-0.1286647516642745,-0.05409715086973545,0.591016247572834
1631121,Bryce McGowens,NOP,24.0,0.61,0.5919835187980782,0.5883996102784473,0.5955323108227594,0.091,0.08110863655218731,0.07682583011971507,0.08548603546141056,0.047,0.050665766116710274,0.04777238712390147,0.05352964581671897,118.9,114.18480891087597,113.71804428762655,114.65360077600765,-0.018016481201921786,-0.8895757734741246,-0.00989136344781269,-0.4357410217224031,0.0036657661167102742,2.016620887321296,4.715191089124033,1.652652694719534,0.5859891967110755
1631172,Ousmane Dieng,MIL,24.0,0.516,0.5420293754424408,0.5374260708669711,0.5461501287986081,0.185,0.17285721132719067,0.1694442747735533,0.17611748175055325,0.081,0.08130848854628053,0.07990863451404315,0.08270119461811246,117.3,114.05287794321406,113.68618046845725,114.38281836330154,0.026029375442440772,1.0845040977074587,-0.012142788672809324,-0.527688650560256,0.00030848854628053035,0.5978937187769998,3.2471220567859405,1.1353733460736724,0.5725206279994687
1630311,Pat Spencer,GSW,30.0,0.516,0.5475925458290956,0.5425083938447856,0.552331223041824,0.27,0.23330231459337172,0.2266259934744717,0.2410301043476955,0.065,0.06727655973437065,0.0650341914566841,0.06943389930649908,115.6,112.77813600503164,112.46113061571648,113.13442204166039,0.03159254582909554,1.3338383942094263,-0.036697685406628294,-1.5305043363605124,0.002276559734370645,1.4295664076143697,2.8218639949683535,0.9855321544281676,0.5546081549728628
1629008,Michael Porter Jr.,BKN,29.0,0.595,0.6007112713764603,0.594851845137381,0.6062673141122221,0.165,0.20840884180363875,0.19930329678129324,0.217726880033181,0.11,0.10650002296121269,0.10312886220011261,0.10957748736297925,119.6,115.87244093983172,115.2578664850467,116.43541295547998,0.005711271376460325,0.17387224007146196,0.04340884180363874,1.7410256925481835,-0.003499977038787308,-1.0114976653587078,3.727559060168275,1.3046570341705344,0.552014325357868
1627734,Domantas Sabonis,SAC,31.0,0.59,0.6094851924862785,0.6022232334337129,0.6171484080563152,0.209,0.2273153007400992,0.21589465795827606,0.23952725814931297,0.191,0.18571725557386237,0.17920500611418042,0.1918878033456198,123.9,117.26231956857792,116.47094729866168,118.02032926359297,0.019485192486278557,0.7912020522642605,0.01831530074009921,0.7162119104510211,-0.005282744426137631,-1.7648641876581679,6.637680431422083,2.3300486569371497,0.5181496079985659
1641774,Tristan Vukcevic,WAS,24.0,0.603,0.5915592524799629,0.5869886003009481,0.5960018131100723,0.133,0.17106080858135345,0.16585505850150997,0.17589154072426633,0.104,0.10294151553627824,0.10002189232992213,0.10559414502609839,118.5,115.44193241078372,115.00297777576307,115.90807056693683,-0.011440747520037098,-0.5948596642048373,0.03806080858135344,1.522613387189061,-0.0010584844637217539,0.020234675914848513,3.0580675892162787,1.0687593315492498,0.5041869326120805
1630224,Jalen Green,PHX,25.0,0.516,0.5371409250259057,0.5295106611559288,0.5440564064880593,0.181,0.23189830771489545,0.22520157196301285,0.23927296049612362,0.067,0.06474959025961521,0.06095538192049016,0.06786723736837563,113.5,114.69466857950867,114.16243427575509,115.22873357469341,0.0211409250259057,0.8654099012551292,0.05089830771489545,2.0468935597801563,-0.00225040974038479,-0.48345223629362577,-1.1946685795086722,-0.4297073936953972,0.49978595776156565
1642261,Dalton Knecht,LAL,26.0,0.568,0.5780384022361678,0.574661741755604,0.5815149127507045,0.059,0.0788760464111605,0.07255740194881242,0.0846198813555399,0.068,0.06825113202547217,0.06624772064112823,0.07010285323333268,113.7,112.95782568661994,112.65590628997026,113.27399293162439,0.01003840223616781,0.36780880030431895,0.019876046411160503,0.7799523634226466,0.0002511320254721672,0.5736558496533024,0.7421743133800618,0.2527460931595166,0.49354077663494617
1626162,Kelly Oubre Jr.,PHI,31.0,0.58,0.5757502895941559,0.5700490025645387,0.5817337775966824,0.073,0.09305811169847708,0.08621058384638428,0.09998073310027847,0.077,0.07717399303532867,0.07472586353526874,0.07964468374384837,117.2,114.65074375326016,114.15557778905855,115.19742862652515,-0.004249710405844098,-0.27256642934582104,0.020058111698477085,0.7873878630681955,0.00017399303532866783,0.5410582527091079,2.5492562467398443,0.8894778440835959,0.4863393826287695
1642377,Jaylen Wells,MEM,23.0,0.559,0.5628458360904445,0.5593048586812494,0.5662633325237469,0.085,0.10319268197636436,0.0976884826002301,0.10894457431455892,0.058,0.057208459325131626,0.05443853153614251,0.05968007510012531,117.8,114.91606765685954,114.49564304230847,115.29580308436682,0.003845836090444421,0.09026577785983002,0.018192681976364353,0.7112041915842016,-0.0007915406748683768,0.13304048293424267,2.883932343140458,1.0074021578181693,0.48547815254911086
1629023,P.J. Washington,DAL,28.0,0.537,0.5550412930614808,0.5493066152049322,0.5608029359867209,0.082,0.10449630123202408,0.09829167789556215,0.1105655062458761,0.105,0.10436492730556751,0.10156276825114817,0.10699082938860544,114.4,114.1707150986079,113.68783413854149,114.65847210715451,0.018041293061480723,0.7264882969269832,0.022496301232024077,0.8869628983737771,-0.0006350726944324842,0.19916113283428752,0.22928490139210567,0.0720276833869513,0.4711600028804998
1629060,Rui Hachimura,LAL,29.0,0.62,0.622456765067938,0.616815985711212,0.6284061027969897,0.041,0.05348521175752759,0.04622056502925505,0.06080458700072108,0.06,0.06126237922024291,0.05870691757721155,0.06400910927470156,114.4,113.3816735603804,112.93609133190353,113.80922433337314,0.002456765067938016,0.028009362521782967,0.012485211757527585,0.4781125714592261,0.0012623792202429152,1.0009913437369269,1.0183264396195995,0.3500492777113043,0.46429063885731003
1630598,Aaron Wiggins,OKC,28.0,0.538,0.5827345704630574,0.5736492841406435,0.5931706243604089,0.11,0.12437955383079631,0.11894400524787004,0.1301045709441905,0.066,0.06663427017746448,0.06398015970658986,0.06893606486399109,106.7,110.57751428854363,110.00343872246279,111.10578685854503,0.0447345704630574,1.9228474014799688,0.01437955383079631,0.5554770159502049,0.0006342701774644799,0.7355633756574061,-3.8775142885436225,-1.375017627967365,0.4597175412800537
1641707,Taylor Hendricks,MEM,23.0,0.566,0.5661440913994238,0.5633625777549602,0.5689201645015318,0.07,0.07618596347073375,0.07117647692198653,0.08116610690966736,0.096,0.09509587475896443,0.09339403820808508,0.09678111599701855,119.1,114.61763231027079,114.18397549358022,115.09202594560983,0.0001440913994238402,-0.0756417612260811,0.006185963470733746,0.2208528867932753,-0.0009041252410355721,0.08546420142954497,4.482367689729202,1.5706165412856143,0.4503229670705884
1630172,Patrick Williams,CHI,25.0,0.494,0.5284026498962735,0.5212976953985007,0.5350021909880672,0.101,0.09715217647212562,0.090629816505918,0.10386300521273453,0.067,0.0668574935391841,0.0641524995338593,0.06964497464089266,114.8,114.43753510321164,113.92430720210547,114.96193948788388,0.03440264989627351,1.4597837225006296,-0.0038478235278743833,-0.18892440118548698,-0.0001425064608158999,0.40731106481918855,0.36246489678835303,0.11895412877454409,0.44928112872721887
1630314,Brandon Williams,DAL,27.0,0.572,0.5744506152835381,0.5711289721480991,0.5781109479977046,0.256,0.24839942081113003,0.24216435506567108,0.25469256552455316,0.062,0.0639605884217165,0.061436394752712,0.06645604342679666,115.6,113.36352709372972,112.99502525684174,113.69523439047933,0.0024506152835381823,0.027733736923356286,-0.007600579188869971,-0.3421859800313444,0.0019605884217164943,1.296042420890309,2.2364729062702793,0.7792675208212821,0.44021442465090077
1642364,Jamir Watkins,WAS,25.0,0.554,0.564899873589701,0.5618948370085491,0.5679757640181677,0.089,0.0863464255405784,0.08197948159401125,0.09059721323894579,0.092,0.09214072494359314,0.09049668462443444,0.09363637900118514,115.8,113.07771468171926,112.76110143901606,113.396694029509,0.010899873589700904,0.40641886236623814,-0.00265357445942159,-0.14015157548073218,0.00014072494359314291,0.5269997351749823,2.72228531828074,0.9504452532802364,0.4359280688351812
1627742,Brandon Ingram,TOR,29.0,0.573,0.579706925173636,0.5752230421608815,0.5848003334892996,0.169,0.2122749973776222,0.20207780682450688,0.2212841899988243,0.083,0.08156455554068907,0.07893646317969646,0.0842271361565632,113.7,113.92192178366282,113.35890014743862,114.42845395402124,0.006706925173636025,0.2184961904134886,0.04327499737762219,1.7355595205124663,-0.0014354444593109306,-0.13906206853879707,-0.22192178366282178,-0.0869565980116906,0.4320092610938668
1626167,Myles Turner,MIL,31.0,0.584,0.6007961405301847,0.5952171586990539,0.60640430500747,0.079,0.09762003447152014,0.09055196004817904,0.1047012179590721,0.096,0.09447762172741096,0.09118408158628571,0.09783808492187115,115.8,114.378444404863,113.83954015896826,114.92331809123851,0.016796140530184744,0.6706821272700061,0.018620034471520136,0.7286571578969393,-0.0015223782725890395,-0.17579878755456277,1.4215555951369936,0.49212850581739953,0.4289172508574456
1630702,Jaden Hardy,WAS,24.0,0.566,0.558917124577001,0.5517833498971298,0.5663205834616802,0.095,0.1379928817604005,0.13200460453986235,0.1450094587977126,0.047,0.04604875662382781,0.0430053515237736,0.04921786879295512,116.4,115.47543873407001,114.96379099320055,115.97829150241778,-0.007082875422998902,-0.3995453203970174,0.0429928817604005,1.7240379910503005,-0.0009512433761721881,0.0655528961987112,0.9245612659299951,0.3170107850359445,0.42676408797198473
1642879,Ben Saraf,BKN,21.0,0.486,0.5170546294725227,0.5109664993175987,0.5238820455725341,0.244,0.21622858744049606,0.20913298063541838,0.222932567052115,0.052,0.05331619439379403,0.0503482628696231,0.056474289711165596,116.0,114.47568921236407,114.06973300515433,114.83110344201386,0.031054629472522688,1.309729659976743,-0.02777141255950394,-1.1659576423196196,0.0013161943937940318,1.0237327010406434,1.524310787635926,0.5283346636171963,0.4239598455787408
1626171,Bobby Portis Jr.,MIL,32.0,0.587,0.5841078332376135,0.5787356237122092,0.5894689361514046,0.103,0.137768656177091,0.13040292045107746,0.14599219894044926,0.129,0.12675731618525288,0.12261470277470927,0.13149755640754,118.4,115.61740192690326,114.95273169535626,116.28856025920228,-0.002892166762386461,-0.21172303146532528,0.034768656177091004,1.3881627272320018,-0.002242683814747126,-0.4801873943571565,2.78259807309675,0.97169666710277,0.4169872421280725
1631106,Tari Eason,HOU,26.0,0.514,0.546954950075029,0.5421900079523263,0.5514761150454938,0.078,0.09682595402412787,0.09152185604177084,0.10210641609857309,0.116,0.11538912781795699,0.11277923436052505,0.11774333341613316,109.6,111.59270976039053,111.27397562526083,111.9473509895353,0.03295495007502902,1.394899638176714,0.018825954024127872,0.7370668596198385,-0.000610872182043018,0.209387848886018,-1.9927097603905395,-0.7109000441402415,0.40761357563558226
1630551,Justin Champagnie,WAS,26.0,0.589,0.5913351190176497,0.5871924286415059,0.595528398873808,0.087,0.09322953571179518,0.08711740988391163,0.09896450167908169,0.133,0.13127664847181023,0.12832201131747836,0.13384615885121456,119.4,114.75895419651839,114.24611093806892,115.29533441893065,0.0023351190176497116,0.022557339617067372,0.006229535711795187,0.22263236594464564,-0.0017233515281897815,-0.2607265934598316,4.641045803481617,1.6265273394280415,0.40274761288248073
1641716,Jarace Walker,IND,23.0,0.543,0.557609084146957,0.5531590007734276,0.5617536776722337,0.143,0.14849678136309932,0.1443983082979942,0.1524840727812763,0.095,0.09367260467397336,0.09174707920912324,0.09569034421606079,117.6,114.93094714154331,114.51701564606583,115.30488095711893,0.014609084146956941,0.5726610121824014,0.0054967813630993345,0.19270686624997574,-0.0013273953260266452,-0.09340238216724174,2.6690528584566806,0.9316886065980626,0.4009135257157995
1641738,Kobe Brown,IND,27.0,0.594,0.5881287927489941,0.5850221400398867,0.5911179243041365,0.123,0.11432275825841805,0.11070253182815004,0.11805755925628465,0.096,0.09609083571552843,0.09437221942198777,0.09778107511380278,119.0,113.85527406720115,113.35522502254557,114.31230376126969,-0.005871207251005872,-0.3452398775900838,-0.00867724174158195,-0.3861566025868967,9.083571552842562e-05,0.5059174142204903,5.144725932798849,1.8040008256742104,0.39463043992943003
1641730,Noah Clowney,BKN,22.0,0.554,0.5519952263363241,0.5462130671457607,0.5579679459283734,0.095,0.11565613422300569,0.1087482109471419,0.12283327792017405,0.077,0.07571890792660815,0.07350191068075584,0.07800158574563174,118.3,115.49019703267362,115.02388013647138,115.94517880616063,-0.0020047736636759073,-0.17195118940230644,0.02065613422300569,0.8118109496142362,-0.0012810920733918457,-0.0738354321230869,2.8098029673263767,0.9812824084113163,0.3868266841250398
1626181,Norman Powell,MIA,34.0,0.609,0.6065491421683585,0.6002072020097502,0.6135153664633951,0.123,0.17053276120639282,0.1607967175646841,0.18046077539563748,0.054,0.05233246609352323,0.04859372392127357,0.05666312553403494,114.1,114.04792224294627,113.4399042845385,114.69723052639789,-0.002450857831641451,-0.19194412049554863,0.047532761206392826,1.909445503426966,-0.0016675339064767675,-0.23713903635544706,0.05207775705372342,0.009588115369661246,0.3724876154864079
1629652,Luguentz Dort,OKC,28.0,0.524,0.563142997184856,0.5569297717534263,0.5689259238799544,0.059,0.05998761560342837,0.05316823116327421,0.0674850082015698,0.063,0.06381769036969313,0.06083860952004958,0.06682195400904543,108.2,111.0680109278636,110.54355315463047,111.586698884995,0.03914299718485603,1.6722401231187038,0.000987615603428374,0.00855369294651823,0.0008176903696931331,0.8130735619662189,-2.868010927863594,-1.0193155258416162,0.3686379630474562
1631321,Sidy Cissoko,POR,23.0,0.514,0.5402336437763545,0.5351603914881632,0.545235228884964,0.107,0.08505071622836627,0.08086057860000803,0.08974198461133712,0.056,0.05871626729426617,0.05602075041106509,0.0614562829406579,110.9,111.75253877300501,111.45094130267876,112.03680709450721,0.02623364377635451,1.0936591473993011,-0.02194928377163373,-0.928183395638134,0.0027162672942661684,1.6153791825045452,-0.8525387730050085,-0.3091567386770216,0.3679245488971727
1629638,Nickeil Alexander-Walker,ATL,28.0,0.61,0.6016118757642172,0.5970559470879335,0.6056504598980934,0.155,0.17646646408419253,0.1716215526646499,0.18122320335091582,0.049,0.05026116140538422,0.046367870777027545,0.05414746097917359,112.0,111.77202427453999,111.1321457784872,112.49420105398116,-0.008388124235782835,-0.4580449297701548,0.021466464084192532,0.844904613345728,0.001261161405384216,1.0004767163371817,0.22797572546001277,0.07156639058770377,0.36472569762511464
1630162,Anthony Edwards,MIN,25.0,0.617,0.6009335642819281,0.5943709917895434,0.6066319344021133,0.174,0.23239252832637983,0.2240586689616745,0.2412939439398119,0.069,0.06742994550212579,0.0640096577076938,0.07064583788346981,114.3,114.02508997487352,113.4514272231083,114.60563685754359,-0.01606643571807187,-0.8021771886619622,0.05839252832637984,2.352955607750141,-0.0015700544978742154,-0.19594593198535806,0.27491002512647356,0.08810385812214962,0.3607340863062426
1642847,Jeremiah Fears,NOP,20.0,0.525,0.5319722949104185,0.525869629758482,0.5381887452232167,0.195,0.20295406703308952,0.1957658891770949,0.20945604224923625,0.067,0.06608337200019918,0.06277722950213088,0.06965654191718508,118.2,115.7966857586797,115.2675540192426,116.35971885995649,0.006972294910418508,0.23038972809701794,0.007954067033089512,0.2930617828709217,-0.0009166279998008287,0.08018075281086127,2.4033142413203024,0.8380546590421818,0.36042173070524564
1631260,AJ Green,MIL,27.0,0.627,0.6238637480604995,0.6181316563706641,0.6292250637889866,0.09,0.0789406140588921,0.07211319641652834,0.08625384720311914,0.046,0.047356493797084454,0.04379394950930383,0.0506382071186991,116.7,113.59244245713188,113.04189660263327,114.2312321623488,-0.0031362519395005117,-0.2226626219672235,-0.011059385941107891,-0.4834427608232126,0.0013564937970844543,1.0407625286687854,3.107557542868122,1.086197292861442,0.35521360968494786
1630536,Sharife Cooper,WAS,26.0,0.609,0.5935835192379186,0.5903677579840598,0.5968294819590628,0.256,0.22563018841068258,0.2196272473354927,0.23201804657762815,0.061,0.06337340949839619,0.061352167283681515,0.06562320611663539,120.1,114.63123560424397,114.13666389226853,115.15683891094567,-0.015416480762081353,-0.7730470253833734,-0.030369811589317425,-1.2720755923689202,0.0023734094983961923,1.4704934351262948,5.4687643957560255,1.9181769314038843,0.3358869371944713
1630592,Jalen Wilson,BKN,26.0,0.536,0.5515316424045205,0.5455878726361121,0.5573026758338149,0.098,0.10599416048496908,0.10027707323768992,0.11168519678987691,0.067,0.06589769968715112,0.06308730023731286,0.0689433549934616,115.4,114.15567036370295,113.75720230094505,114.54217689351756,0.01553164240452043,0.6140089124163166,0.007994160484969079,0.2946991891641981,-0.0011023003128488862,0.0017188593743819322,1.2443296362970528,0.4296823084435214,0.33502731734960456
201942,DeMar DeRozan,SAC,37.0,0.594,0.5775903300657628,0.5690997583269969,0.5858629191922728,0.196,0.21731993475918895,0.20637579172046677,0.2273563221758071,0.047,0.044874549520899025,0.04009948443683206,0.0502682192384068,122.3,117.32625141540471,116.43620299481181,118.25320471232754,-0.016409669934237203,-0.8175605143332882,0.021319934759188947,0.8389203932882704,-0.002125450479100975,-0.4306466236430517,4.973748584595285,1.7437563484979026,0.3336174009524583
1630533,Ziaire Williams,BKN,25.0,0.579,0.5683558684823793,0.561031392458783,0.5765363941087889,0.076,0.09262577870277107,0.08703836749293864,0.09807871476887606,0.052,0.0541691561728101,0.05080994456890209,0.057543613252619544,113.2,113.56989143476696,113.11058877488993,113.9898696019442,-0.01064413151762067,-0.5591563373714226,0.01662577870277107,0.6472122637042128,0.002169156172810105,1.3841795286364562,-0.36989143476695574,-0.13909423122679845,0.333285305935612
1642262,Cody Williams,UTA,22.0,0.524,0.5269809875263217,0.5135897545224941,0.5383803784258898,0.111,0.1057771902821407,0.09921702079125592,0.111982714149343,0.059,0.05717310288528735,0.053773154901292766,0.0607215036149885,121.4,116.26002282532608,115.56330981531244,116.93098588570203,0.002980987526321699,0.05150435346888276,-0.005222809717859295,-0.24507848458574524,-0.00182689711471265,-0.3044831592191661,5.1399771746739304,1.8023275838472763,0.32606757337781195
1641772,Nae'Qwan Tomlin,CLE,26.0,0.549,0.5638664234496932,0.5606682081040286,0.5672138187237271,0.071,0.07628275916867489,0.07149370196456467,0.08153934360811825,0.088,0.088641900366161,0.08710778562810928,0.09034325419836582,110.7,111.29895971128808,111.06254264087757,111.54947921559241,0.014866423449693134,0.5841946359168019,0.0052827591686748915,0.1839662547131076,0.0006419003661610051,0.7387877608259802,-0.5989597112880745,-0.21980725375105936,0.32178534942620757
1627884,Derrick Jones Jr.,LAC,30.0,0.6,0.6044034153886855,0.6000109988989526,0.6088085037901848,0.068,0.07015241971377509,0.06244073211115095,0.07768345890571511,0.065,0.06574607024755415,0.06286861001984748,0.068528931848572,113.8,112.86510447858277,112.38653525807428,113.30925068778231,0.004403415388685494,0.1152557803958832,0.0021524197137750833,0.05612399411302706,0.0007460702475541453,0.782808142750364,0.9348955214172321,0.3206520967382043,0.3187100034993696
1629611,Terance Mann,BKN,30.0,0.564,0.5875024767454573,0.5819672981884683,0.5933290322849117,0.182,0.145526835063374,0.1382130110575337,0.15345728416821858,0.066,0.06654870321727283,0.0636903519045737,0.06932851055307328,117.8,114.64758144427124,114.05743363334153,115.2284357975899,0.023502476745457357,0.9712516777464456,-0.036473164936626,-1.5213349779412018,0.0005487032172728223,0.6994042650068937,3.152418555728758,1.1020042304106834,0.31283129880570526
203954,Joel Embiid,PHI,33.0,0.605,0.6041535263192758,0.5948401436958187,0.6138600536070286,0.209,0.2833920623450426,0.27180086348819693,0.296095089253269,0.118,0.11337209875755781,0.10761324012615449,0.11920062003032161,113.2,113.59636958073074,112.97997709025577,114.19171961432674,-0.0008464736807242135,-0.12003764167414416,0.07439206234504261,3.0063724741836277,-0.004627901242442181,-1.4881388361329864,-0.3963695807307346,-0.14842390019725546,0.3124430240448105
1628374,Lauri Markkanen,UTA,30.0,0.608,0.6080186808902607,0.6003670733955503,0.615111876275717,0.101,0.15620940976019898,0.14831435254280675,0.16369492406888975,0.094,0.09075500281368386,0.08719285694076039,0.09474548450470598,115.2,115.15666865768452,114.49350106029682,115.84524615321634,1.868089026069164e-05,-0.08126250244068729,0.055209409760198974,2.222957861779913,-0.0032449971863161425,-0.9037476099809649,0.04333134231548286,0.006506285006699338,0.31111350859123993
203484,Kentavious Caldwell-Pope,MEM,34.0,0.533,0.5609027416085908,0.5544988278501245,0.567082614337224,0.181,0.16928465761994224,0.1608934708989953,0.17829217819562662,0.054,0.05274424055132912,0.04849148914220802,0.05695902626644558,115.3,113.49900320217976,112.96376316838301,114.01882089218962,0.027902741608590742,1.168466011987144,-0.011715342380057753,-0.5102318535777596,-0.0012557594486708804,-0.06313030507052389,1.8009967978202326,0.6258259640771049,0.3052324543539914
1628973,Jalen Brunson,NYK,30.0,0.58,0.5896180182412574,0.5840086865996007,0.595114105166239,0.307,0.32778960259855844,0.31770682970121855,0.33837240579095107,0.047,0.04601020427752051,0.0423818291104462,0.05014407828778566,114.1,114.19404227659717,113.71136025308132,114.71713149500896,0.009618018241257409,0.348967718628462,0.020789602598558443,0.8172617638454457,-0.0009897957224794876,0.04926134449651071,-0.0940422765971789,-0.04189779855270471,0.2933982571044284
1629014,Anfernee Simons,CHI,28.0,0.576,0.5799435998648484,0.5754805956790082,0.5841149118222436,0.151,0.1814587119336643,0.17310800926442652,0.19108365765291338,0.047,0.04654285866375935,0.04314452583805755,0.04986823562146452,114.0,115.13362561258091,114.25167756215177,115.97650425807458,0.0039435998648484905,0.0946474272108709,0.030458711933664312,1.212145709563991,-0.0004571413362406476,0.27435183324766815,-1.1336256125809143,-0.40819868703634304,0.29323657074654674
1629639,Tyler Herro,MIA,27.0,0.602,0.5956341876357367,0.5906180610221036,0.6015939568053373,0.199,0.22008728091130367,0.2133994141481717,0.22746610861284758,0.071,0.06995435583600777,0.06741295159570443,0.07251740827852585,116.4,114.47460448141653,114.06096704976588,114.89569818540187,-0.006365812364263257,-0.36740745639661065,0.021087280911303657,0.8294188698019255,-0.001045644163992221,0.025660763480259,1.9253955185834712,0.6696582960937421,0.289332618244829
1630643,Jay Huff,IND,29.0,0.598,0.6032141955355009,0.5958325006194969,0.6107665482579804,0.105,0.11672222685553163,0.11120625774534446,0.12262708547068768,0.089,0.0882118625648959,0.08642799630753786,0.08996072500101301,113.7,112.61470056491956,112.31879221245931,112.94273653431439,0.005214195535500954,0.151593926358289,0.011722226855531634,0.44695246372004316,-0.0007881374351040998,0.13447863292731338,1.0852994350804437,0.3736474510299479,0.27666811850889833
1631101,Shaedon Sharpe,POR,24.0,0.546,0.5486475742560845,0.5410804445414791,0.5559237206816656,0.151,0.2003678091701712,0.1935468979869745,0.20721583332451524,0.068,0.06605571436442914,0.06292312276123423,0.06935075505795343,113.7,115.29789870985475,114.7277681713968,115.94626054887972,0.0026475742560844173,0.03656119023619571,0.049367809170171195,1.984388391691622,-0.0019442856355708638,-0.35408950850754456,-1.5978987098547464,-0.5717869652858474,0.27376827703360646
204001,Kristaps Porziņģis,GSW,31.0,0.582,0.6019628183256484,0.5942042706018421,0.6099133073719465,0.162,0.19795034328699257,0.19103423229913996,0.20506523791769932,0.104,0.10141045651836399,0.09851087317931152,0.10444396781759491,110.8,112.2828504124931,111.85215124209265,112.72990450186165,0.01996281832564839,0.8126086413804442,0.035950343286992564,1.436422525770888,-0.0025895434816360086,-0.6267642628954619,-1.4828504124931072,-0.5312492882344738,0.2727544040053491
1642920,Kobe Sanders,LAC,25.0,0.597,0.5868859708092198,0.5838408635376331,0.5894972451175453,0.117,0.10896875831620004,0.10552174998271391,0.11241369766321008,0.056,0.05901066895525716,0.056692991588523284,0.061393683743522484,112.9,112.19418007543061,111.95846893329934,112.40965517010976,-0.010114029190780194,-0.5353978181188235,-0.00803124168379997,-0.35977412588605134,0.003010668955257159,1.7397882092085903,0.705819924569397,0.2399364948707706,0.2711381900186215
1627826,Ivica Zubac,IND,30.0,0.622,0.6323229150210677,0.6232887343502242,0.6411258814570906,0.11,0.12108905935933913,0.11429432445589095,0.12809587291218089,0.178,0.1746982165131212,0.16844538488346136,0.18030712031278828,117.9,114.45297261924047,113.80378864212709,115.07903666615833,0.010322915021067747,0.38056030531646334,0.011089059359339126,0.4210940655437553,-0.00330178348687879,-0.9277445139364033,3.447027380759536,1.2058106984720214,0.26993013884895917
1630530,Trey Murphy III,NOP,27.0,0.613,0.6108802076815195,0.605976510400304,0.6157194709363902,0.16,0.17260292311787878,0.16643756711367144,0.17886755450897845,0.078,0.07621150961405913,0.07371265359136767,0.07863517028419204,117.2,114.17559971538853,113.49987784719268,114.95895443891094,-0.0021197923184804734,-0.17710618078080057,0.012602923117878778,0.48291987323030156,-0.0017884903859408663,-0.2882531429573689,3.024400284611474,1.0568965369442176,0.2686142716090874
1628371,Jonathan Isaac,ORL,29.0,0.498,0.5453312810560257,0.5366011802373666,0.5547790858206897,0.062,0.05227666619002086,0.04399777413335652,0.05994965373040136,0.115,0.11457559215192299,0.1100740664626222,0.11878273649668361,106.1,108.41770101165693,107.45891139402849,109.45999868352688,0.04733128105602569,2.039228702773578,-0.00972333380997914,-0.4288787344024672,-0.00042440784807701304,0.28818443660105336,-2.3177010116569363,-0.8254118682218013,0.26828063418759074
1630217,Desmond Bane,ORL,29.0,0.607,0.6046782222513978,0.6005082985301123,0.6085603377995779,0.19,0.208043037325409,0.1998459774528274,0.21645066112448413,0.059,0.060763555382228586,0.05702186668366864,0.06424297776725295,111.5,113.34530830832202,112.86068755697237,113.80495575677917,-0.002321777748602205,-0.18615891359730033,0.01804303732540899,0.7050927424137613,0.001763555382228589,1.2127796818530447,-1.8453083083220179,-0.6589626178776465,0.2681877231979648
1642461,Spencer Jones,DEN,26.0,0.619,0.6013925561079738,0.5966592461219876,0.6060397264620597,0.047,0.0335535958950654,0.027108579548735662,0.040112454925396,0.073,0.07542566146030173,0.07294034947066329,0.077954847397619,115.3,112.40791035264891,111.9966048779848,112.80200085489017,-0.017607443892026176,-0.871243235942912,-0.013446404104934598,-0.5809279705117021,0.002425661460301737,1.492574206349405,2.892089647351085,1.0102764129899844,0.2626698532211938
1631222,Jake LaRavia,LAL,25.0,0.571,0.5750350697290589,0.5685666206059555,0.5817280228964317,0.093,0.08441226041358778,0.07837985480574183,0.09140069194270867,0.081,0.08131825595203424,0.07813228982907273,0.0842801033718842,116.1,114.031235408868,113.58451088568074,114.48844183284798,0.004035069729058982,0.09874699142676532,-0.008587739586412221,-0.38250135752151976,0.0003182559520342326,0.6020212547397769,2.0687645911319947,0.7201748990805574,0.25961044693139496
1630230,Naji Marshall,DAL,29.0,0.592,0.5934869833819371,0.5897624446131831,0.5973265724781416,0.162,0.1672896069841484,0.1626334993180737,0.17205514786948864,0.075,0.07450666738820409,0.07229163001961804,0.07673675509122034,114.3,112.59615375946474,111.98778678412035,113.18494034037006,0.0014869833819370903,-0.01545503235268916,0.005289606984148404,0.18424591774100565,-0.0004933326117959047,0.2590580290216613,1.7038462405352561,0.5915946194427733,0.25486088346318775
1631097,Bennedict Mathurin,LAC,25.0,0.575,0.5768550957681493,0.572202178339808,0.5816810689774594,0.123,0.1565331233990135,0.14977422475009933,0.16259442070456567,0.088,0.08639000969757467,0.08365463022715126,0.08914276801173802,115.3,115.58707136948998,114.86154133998612,116.27484701430389,0.0018550957681493507,0.0010433015955337013,0.033533123399013515,1.3377038854128869,-0.0016099903024253265,-0.21282210910379748,-0.28707136948997913,-0.10991228645608689,0.2540031978621341
1642878,Tyrese Proctor,CLE,23.0,0.556,0.5594757610209794,0.5563357885671737,0.5623392095628844,0.196,0.1903850881326655,0.18647771693323786,0.19430675412534068,0.055,0.05685796350500567,0.05455390865049326,0.05950166026611745,112.8,112.98322300943924,112.74925766342064,113.21754995190055,0.003475761020979351,0.07367947891789252,-0.00561491186733451,-0.26109183582041723,0.0018579635050056664,1.252674914196899,-0.18322300943924574,-0.0733209471786482,0.24798540252893148
1628991,Jaren Jackson Jr.,UTA,27.0,0.576,0.5796565066998751,0.5745042667325051,0.5851738653469448,0.105,0.1513694905877285,0.1448213648421494,0.15720870550110425,0.085,0.08359522432576129,0.08112515529385698,0.086058951295458,110.8,113.12530331903059,112.59264303042744,113.63522108619185,0.0036565066998751616,0.08178027281077137,0.046369490587728504,1.8619378296675202,-0.0014047756742387174,-0.1261019728376171,-2.3253033190305956,-0.8280905682827848,0.24738139033947237
1627827,Dorian Finney-Smith,HOU,34.0,0.452,0.5142319973893364,0.5032164400879384,0.525469963698178,0.078,0.0640339888921732,0.055771939763091624,0.07299567633763013,0.071,0.070065700964977,0.06651004451728777,0.07354731161464774,107.6,110.9777300937944,110.40753688146498,111.56539634401247,0.062231997389336435,2.7070600590185308,-0.013966011107826803,-0.6021485872628327,-0.0009342990350229979,0.07271328036032283,-3.377730093794412,-1.1989168881325165,0.24467696599587607
1630573,Sam Hauser,BOS,29.0,0.59,0.6088117732556279,0.6022848469431232,0.6150622250200001,0.077,0.07435921973085464,0.06749230824645044,0.08189139855852698,0.073,0.07282694339463432,0.07020815921256401,0.07549222015262193,111.0,111.0865850646738,110.55509603430013,111.64422106980614,0.018811773255627884,0.7610202497208827,-0.002640780269145354,-0.13962906403076744,-0.00017305660536567902,0.3944011045414093,-0.08658506467379823,-0.03927022339004564,0.2441305167103697
1629627,Zion Williamson,NOP,26.0,0.644,0.6248710902371502,0.6190310494085646,0.6305818408771661,0.174,0.20598361792521386,0.19380904091694662,0.21669845107609406,0.09,0.089886671702651,0.0868175825674308,0.09325835140368405,114.9,114.28340017520101,113.87271001863928,114.74510971064005,-0.019128909762849866,-0.939433421787946,0.03198361792521387,1.2744224792150134,-0.0001133282973490024,0.4196412497295221,0.6165998247989961,0.20849947516751516,0.24078244558102618
1630557,Corey Kispert,ATL,28.0,0.609,0.6105305725375206,0.6048169585770659,0.6159630796527119,0.121,0.12569857305915835,0.12009645898352408,0.13087802384234556,0.056,0.05631713033092784,0.05288317399535726,0.059249114611059785,115.9,115.2986286192264,114.44791294703113,116.07741811396002,0.001530572537520647,-0.013501421248378517,0.004698573059158356,0.16010824380797703,0.0003171303309278395,0.601545586817889,0.6013713807735996,0.20313367871460497,0.23782152202302315
1628970,Miles Bridges,CHA,29.0,0.57,0.573263004513676,0.5683588466770075,0.5783138957613779,0.154,0.1726462100764717,0.1666453925566477,0.17909417912809283,0.092,0.09155133713470123,0.08900683271933443,0.0941404147692962,114.8,115.21775361747267,114.34961054208576,116.03011322206011,0.0032630045136760044,0.06414399997553462,0.018646210076471714,0.7297261628907417,-0.00044866286529876565,0.2779346877542205,-0.4177536174726697,-0.155958641652615,0.22896155224197048
1627741,Buddy Hield,ATL,34.0,0.568,0.5725999995035039,0.5677087748043134,0.5781438794553747,0.129,0.14673277939651133,0.14013416467169917,0.1533543423395209,0.069,0.06761141383939792,0.06422843514547508,0.07069594416642966,115.0,114.38997769696256,113.73750945082779,115.01814446015617,0.004599999503503982,0.12406643305705459,0.017732779396511328,0.6924218881595074,-0.0013885861606020844,-0.11926056566767922,0.6100223030374394,0.2061818619643382,0.22585240437830525
1629020,Jarred Vanderbilt,LAL,28.0,0.544,0.5658983281161813,0.5600413077790083,0.5716986244580738,0.098,0.07827499563838179,0.07116028142125277,0.08518367069957142,0.133,0.1327368740986377,0.12849452452340962,0.13670758738612834,113.7,112.32302714889074,111.88934672560147,112.79230918413212,0.02189832811618131,0.8993557547086385,-0.019725004361618212,-0.837344394922891,-0.0002631259013622933,0.35633938500783563,1.376972851109258,0.47641961728183563,0.22369259051885468
1627759,Jaylen Brown,BOS,30.0,0.573,0.5768896498889992,0.5698715003333096,0.5841322184967428,0.251,0.3048733986072785,0.2968076200554398,0.31313391611666136,0.095,0.09147497880351553,0.08748866793746829,0.09553624606401646,113.0,113.95800429651426,113.36072408703045,114.51684807947343,0.0038896498889992026,0.09222945717943906,0.05387339860727852,2.1683955088986857,-0.0035250211964844708,-1.0220808912591282,-0.958004296514261,-0.3463178912548229,0.2230565458910434
1629636,Darius Garland,LAC,27.0,0.582,0.5846519803814091,0.5792611404212541,0.5901324050372365,0.322,0.31901375216207123,0.30944741828820166,0.3288454167361628,0.039,0.039507987386248,0.035727284618844224,0.043651910224538175,115.2,114.28116356270435,113.88058941227158,114.70582458190967,0.0026519803814091247,0.03675866722894984,-0.0029862478379287793,-0.15373787094886587,0.0005079873862480003,0.682198462253629,0.9188364372956528,0.314993621291018,0.22005321995618277
1629004,Svi Mykhailiuk,UTA,30.0,0.626,0.6028395737891294,0.5960566261696391,0.6096025698993904,0.107,0.10234382770562388,0.09837097972511238,0.10687530487938893,0.051,0.05177015706221216,0.048898441250235354,0.05484474324077648,117.9,113.8467452069744,113.29035051672189,114.40595367050533,-0.023160426210870555,-1.1201209160654293,-0.004656172294376121,-0.221937157518067,0.0007701570622121665,0.7929868121162846,4.0532547930256015,1.4194170848480252,0.21758645584520336
1642259,Alex Sarr,WAS,22.0,0.544,0.5417668957599602,0.5331093489885413,0.5496097081800345,0.161,0.18550359096531072,0.18006680869807823,0.19073707047390676,0.126,0.12188529891250623,0.1186570935096192,0.1248338898230864,120.4,116.53008704175288,115.9884272038351,117.14024006234979,-0.0022331042400398626,-0.1821846785228561,0.024503590965310712,0.9689400963358139,-0.0041147010874937745,-1.2712693675077726,3.869912958247127,1.3548159368197863,0.21757549678124286
1641729,Brice Sensabaugh,UTA,23.0,0.59,0.5744292798637377,0.5643413901814095,0.583875149478736,0.124,0.15693662401684658,0.15050407244061262,0.16282941083173724,0.063,0.061108826516386876,0.05810801612345019,0.06406955162831976,120.8,118.8933098559068,117.70866559353891,120.15021882385888,-0.015570720136262262,-0.7799598400522453,0.03293662401684658,1.313343003610305,-0.0018911734836131247,-0.3316452359141849,1.9066901440932043,0.6630673908165616,0.21620132961510913
1628401,Derrick White,BOS,32.0,0.529,0.5668701336746088,0.5601548892202106,0.5733474770714934,0.221,0.224103477864726,0.21884863573154276,0.22978341474366826,0.061,0.060508980597070314,0.05764740618954306,0.06327255196218837,108.0,111.11630006449101,110.69027277676467,111.56106816203665,0.037870133674608786,1.615191982254307,0.0031034778647260064,0.09496496511040095,-0.0004910194029296849,0.26003555089650693,-3.116300064491014,-1.1068010868345661,0.2158478528566622
1629614,Andrew Nembhard,IND,27.0,0.564,0.5725178601556355,0.5675244022783743,0.5772126693159482,0.37,0.32935163466878276,0.3193391373754964,0.33877025634813035,0.044,0.0452840458894706,0.041332607215463,0.049218134872744866,119.3,115.76475727312544,115.17107707944915,116.38160477085896,0.008517860155635604,0.29966001757772903,-0.04064836533121724,-1.6918490913762179,0.0012840458894706058,1.0101473016940323,3.535242726874557,1.2368936896487186,0.21371297938606554
1641713,GG Jackson,MEM,22.0,0.591,0.5740178634706291,0.570242013133476,0.5775409330928118,0.103,0.13366826626082778,0.1287214277474627,0.13900512690534456,0.097,0.09484033865168676,0.09275057199758938,0.09684554636095404,117.5,114.85898857705577,114.45610720188274,115.25398998817732,-0.01698213652937086,-0.843217746783139,0.03066826626082779,1.220703854547652,-0.0021596613483132465,-0.4451035425580856,2.6410114229442314,0.9218081069911245,0.213547668049388
1630249,Vít Krejčí,POR,27.0,0.609,0.6216723190109644,0.6144209683273701,0.6290080975674802,0.099,0.09212975408622243,0.08493785238656304,0.09964741289155374,0.05,0.0522005281469182,0.048165132280690394,0.05576309185004605,111.1,113.19070744355096,112.5279115963679,113.8765830476021,0.012672319010964439,0.4858576358503302,-0.006870245913777578,-0.31235935636178447,0.0022005281469182,1.397436779806286,-2.0907074435509685,-0.7454298765918507,0.20637629567574525
1630173,Precious Achiuwa,SAC,27.0,0.558,0.564369452377516,0.5585456860795347,0.5699900239670828,0.082,0.0928238672727277,0.0865615458814789,0.09882875325824762,0.139,0.13556209297833027,0.13195591481748395,0.1397207941765424,118.1,114.68885925646208,114.2054518673604,115.16909074804728,0.006369452377515961,0.20337108433890277,0.010823867272727702,0.4102636887318763,-0.0034379070216697394,-0.9852679545917687,3.4111407435379135,1.19316591412048,0.20538318314987258
1641724,Jett Howard,ORL,23.0,0.561,0.5568856668840652,0.5494280156809622,0.5641581151916697,0.095,0.09893529991206393,0.09385302554260115,0.10342445925727492,0.06,0.058368459903214306,0.05495404978847963,0.061592405480076266,118.1,114.79005727658954,114.28213333633927,115.36628750321465,-0.004114333115934898,-0.2664989895595394,0.003935299912063928,0.12893636421288926,-0.0016315400967856913,-0.22192867777267247,3.309942723410458,1.1575084315480082,0.19950428210717142
203471,Dennis Schröder,CLE,33.0,0.526,0.5445095355536589,0.5386959968081935,0.5504825990989001,0.294,0.27801062360293327,0.26932878288354206,0.28657736654439353,0.054,0.05302533526914917,0.04948025035610031,0.056525118750816686,117.0,115.06319636172141,114.47366280759509,115.61298158655958,0.018509535553658862,0.7474743362292537,-0.015989376397066712,-0.6847823068076176,-0.0009746647308508313,0.05565543865770428,1.9368036382785903,0.6736779876717102,0.19800636393776264
203076,Anthony Davis,WAS,34.0,0.551,0.5725067033877033,0.5645956221454372,0.5791741713903146,0.14,0.19399530677432536,0.18637689790716208,0.20174018475989833,0.172,0.16552286699371013,0.15993193091903246,0.1717238236605477,114.6,114.56523563523038,114.04227937806641,115.1005949743491,0.02150670338770322,0.8818036271660243,0.05399530677432535,2.1733742071789903,-0.0064771330062898536,-2.2695920491212584,0.03476436476961453,0.003487679977116559,0.19726836630021824
203924,Jerami Grant,POR,33.0,0.608,0.5895556582240239,0.5824166323255262,0.5966957217428971,0.107,0.14746615807366598,0.1408685631056178,0.15406692128218685,0.055,0.0539207600045633,0.05053354218013162,0.05740970768894501,115.2,114.98972435496019,114.32813641681207,115.68510236645162,-0.018444341775976092,-0.9087519460193102,0.04046615807366598,1.6208472436320625,-0.001079239995436701,0.011463748839608483,0.21027564503981466,0.06532970425412074,0.19722218767662036
1626164,Devin Booker,PHX,30.0,0.585,0.5935483223063054,0.5873972682306142,0.6000188749030909,0.293,0.3223167889734053,0.3129772338416286,0.3324050276663716,0.055,0.05380234133058371,0.05003374077872427,0.05723257190452471,112.0,113.81037523975839,113.12922969923308,114.4532809786337,0.008548322306305423,0.30102529283973,0.02931678897340534,1.1655098686994685,-0.0011976586694162905,-0.03857792525894633,-1.810375239758386,-0.6466538268366575,0.1953258523608986
1631245,Quenton Jackson,IND,28.0,0.589,0.5849839642398768,0.5819912735318556,0.587933426037228,0.227,0.2090189765832863,0.20395848007579126,0.21418749649724872,0.061,0.06353845019602909,0.06113465761343446,0.06569621613305934,112.9,112.11254717063626,111.85379283325334,112.36566243631519,-0.0040160357601232155,-0.2620934257612234,-0.017981023416713704,-0.7661206603559979,0.0025384501960290934,1.5402367663627792,0.787452829363744,0.2687001394201262,0.19518070491642103
1629006,Josh Okogie,HOU,28.0,0.544,0.5647272811524578,0.5589179095072856,0.5707439507683595,0.065,0.05319800431772799,0.046428375207995,0.05945887451250333,0.072,0.0731948255245028,0.07016259191987986,0.07625774927951037,109.9,111.36517269496308,110.89748590824125,111.8056252684352,0.02072728115245781,0.8468709033420174,-0.011801995682272012,-0.5137707522189894,0.0011948255245027989,0.9724443256630505,-1.4651726949630728,-0.5250204815448333,0.1951309988103113
1630696,Dru Smith,MIA,29.0,0.532,0.5573003162250513,0.55306441581223,0.5617144324550305,0.214,0.17289786149489683,0.16725434163923417,0.1785251162209126,0.066,0.06871972814563258,0.0665160390321741,0.0710397318575761,110.3,110.81653941319966,110.5098017830046,111.08345321927006,0.025300316225051245,1.0518285809711467,-0.041102138505103164,-1.7103810714330283,0.00271972814563258,1.616841678159676,-0.5165394131996663,-0.19076616837207772,0.19188075483142916
1629628,RJ Barrett,TOR,27.0,0.585,0.5842642831568928,0.5791458791174793,0.5897002832184989,0.157,0.18991084457922022,0.18065630848597009,0.1989314015513371,0.088,0.08683193116155133,0.08431282171125369,0.08945466861219872,113.5,114.6212326001427,114.01802205094233,115.20753090380286,-0.000735716843107137,-0.11507365957927936,0.03291084457922022,1.3122901779884726,-0.001168068838448666,-0.026073776815530976,-1.1212326001427044,-0.40383196499495,0.19182769414967804
1641731,Bilal Coulibaly,WAS,22.0,0.531,0.5373315008214786,0.5304649475999199,0.5441646058937144,0.137,0.13702404682975766,0.12864643977025744,0.14487997796607838,0.077,0.07461475828471596,0.07136081616304453,0.07767057818645554,121.2,118.00935176875632,117.12920495874312,118.88251340107615,0.006331500821478597,0.20167014335236919,2.4046829757651267e-05,-0.03079820867453305,-0.0023852417152840366,-0.540429886179619,3.190648231243685,1.1154745926441332,0.1864791602855876
202691,Klay Thompson,DAL,37.0,0.541,0.5471672908239764,0.5386345730029273,0.5558375646591419,0.096,0.1365803950022797,0.12568310992635393,0.1478422305948799,0.043,0.04179464631761687,0.03676085534478461,0.04724580040510411,111.0,113.90486411407863,113.07991370954502,114.75006341229007,0.006167290823976379,0.19431045789243395,0.040580395002279696,1.6255126505019557,-0.0012053536823831285,-0.0418297040378324,-2.9048641140786344,-1.0323008771710969,0.1864231317963651
1627752,Taurean Prince,MIL,33.0,0.617,0.6070706305778955,0.6021330486390039,0.6120595075917323,0.102,0.10478442634604328,0.097041169837582,0.11220850953610588,0.067,0.06666911993042658,0.06329408014615112,0.07015333898364334,117.5,115.09070908957523,114.38858333990397,115.72747737346614,-0.00992936942210454,-0.527121599647175,0.002784426346043284,0.08193498290433583,-0.0003308800695734221,0.3277076507509197,2.4092909104247724,0.8401605596730999,0.1806703984202951
203935,Marcus Smart,LAL,33.0,0.543,0.5549785463823039,0.5489612901518313,0.5612207633168664,0.133,0.13353963761294108,0.12645104275392716,0.1411422433683202,0.05,0.05023885134285072,0.046255529396135565,0.05414253512467179,110.6,111.402069510928,110.86711677863293,111.90936245703759,0.01197854638230389,0.4547636196191618,0.0005396376129410685,-0.009741613306397891,0.0002388513428507183,0.5684662465544174,-0.8020695109280069,-0.2913737145557033,0.18052863457786944
1631107,Nikola Jović,MIA,24.0,0.48,0.5324299778806144,0.5245034875674779,0.5407209879405106,0.173,0.17196464819634236,0.16685192570002114,0.17786142868668955,0.084,0.08103606597326274,0.07780058539906952,0.08443720906087304,110.1,112.02704634499112,111.51903316674387,112.55032370638244,0.05242997788061443,2.2677458786783937,-0.0010353518036576304,-0.07406377719313338,-0.0029639340267372666,-0.7849752022171318,-1.9270463449911261,-0.6877633060172562,0.18023589831271816
1642954,Will Richard,GSW,24.0,0.596,0.5851096600454997,0.5813835111891583,0.5883132977346834,0.094,0.07684692366178923,0.07239908707723851,0.08150066260105207,0.061,0.06365584657046312,0.06109208484521504,0.0659543464356567,113.6,112.39418619542516,112.11543136679462,112.70891517718528,-0.010890339954500283,-0.5701910897042809,-0.017153076338210768,-0.7323075139870411,0.0026558465704631246,1.5898464344358423,1.2058138045748308,0.41611111805195383,0.17586473719911855
1631250,Pete Nance,MIL,27.0,0.639,0.6119154498640237,0.6070467615787235,0.6167148410672005,0.092,0.08234795951806646,0.07735588676526249,0.08668756116040799,0.086,0.08713538930537652,0.08525662262225195,0.08907030402202316,117.4,113.19144935628728,112.78414951828144,113.63364706027096,-0.027084550135976326,-1.2959952125996268,-0.009652040481933535,-0.4259671331674041,0.0011353893053765302,0.9473276121649777,4.2085506437127265,1.474136130561361,0.17487534923982692
1629111,Jock Landale,ATL,31.0,0.595,0.5877365656678667,0.5844084747340775,0.5909914339928218,0.11,0.12070698646429136,0.11640298097415645,0.12520083249945593,0.123,0.12046670659317024,0.11775402262224814,0.12299224600631709,116.8,113.10730057148672,112.68975930217269,113.4838728278098,-0.007263434332133278,-0.4076377435042042,0.010706986464291357,0.40549030648801815,-0.0025332934068297563,-0.6029939586277502,3.6926994285132793,1.2923741188856772,0.17180818081043525
203903,Jordan Clarkson,NYK,35.0,0.548,0.5468285701368243,0.538505629373282,0.5543733502558352,0.11,0.14832623498318512,0.13790596990815177,0.1581832748487824,0.048,0.04742021549982246,0.04356630519796434,0.051330095883063094,111.7,114.38685031215702,113.48764368506666,115.34145267948662,-0.0011714298631757547,-0.1346017688739656,0.03832623498318512,1.5334533333744478,-0.0005797845001775381,0.222524963093698,-2.68685031215702,-0.9554829381166825,0.16647339736937444
1630202,Payton Pritchard,BOS,29.0,0.584,0.5982602033479164,0.5927948313540318,0.603696388268649,0.234,0.22664207702294975,0.22033658234008519,0.23258390075239865,0.059,0.059024968603463374,0.05658070285562136,0.06160525904331531,112.1,112.26145149568707,111.82277428377961,112.68701158279661,0.014260203347916445,0.5570246137717976,-0.007357922977050263,-0.33227596256690417,2.4968603463376704e-05,0.4780831171032951,-0.16145149568707495,-0.0656496768196371,0.15929552287213786
1628378,Donovan Mitchell,CLE,30.0,0.613,0.6034685300202923,0.5970343625300066,0.6093548809987017,0.266,0.3032883612588482,0.294514438903463,0.3120979391002243,0.065,0.06369182451091981,0.06013622760570818,0.06695320887617107,112.1,112.8150995015646,112.23240673640267,113.39153285452815,-0.009531469979707663,-0.5092882473222955,0.03728836125884821,1.4910668366228035,-0.0013081754890801878,-0.085280413018459,-0.7150995015646089,-0.26072952221580087,0.15894216351656204
1628398,Kyle Kuzma,MIL,31.0,0.581,0.5734658735987851,0.5670277278355981,0.580162038649938,0.153,0.17349698162071303,0.16670821405762978,0.18061075707709934,0.084,0.08275874619728088,0.08047870222977699,0.08501412402213891,116.8,115.93775470911653,115.0249785987722,116.87074708684494,-0.007534126401214869,-0.41976982142420205,0.020496981620713034,0.8053111981493811,-0.001241253802719125,-0.05700047112700351,0.8622452908834646,0.2950535294353935,0.15589860875839226
1642348,Justin Edwards,PHI,23.0,0.572,0.5703672509696321,0.5665920252869829,0.5741116428375233,0.114,0.1060863158116779,0.10045810770684663,0.11185909722712492,0.047,0.04775030390939952,0.045048693917148,0.050525692274851514,115.0,114.009566758126,113.2039021457435,114.85069894411431,-0.0016327490303678083,-0.15527751346209234,-0.007913684188322098,-0.3549731079169456,0.0007503039093995217,0.7845972146863184,0.9904332418740012,0.3402210102091188,0.15364190087909985
1628988,Aaron Holiday,HOU,30.0,0.578,0.5884990892157719,0.5844655747989592,0.5926966018914704,0.105,0.11053543032059693,0.10534067636296249,0.11545836864020909,0.035,0.03672407092040828,0.03324630114284414,0.0404164441909603,106.3,109.62749297229757,108.88466016342214,110.35264568371073,0.010499089215771917,0.38845621104024586,0.005535430320596932,0.19428527976311577,0.0017240709204082785,1.1960942343305587,-3.327492972297577,-1.181215659570847,0.14940501639076836
1629656,Quentin Grimes,PHI,27.0,0.585,0.5799606919120738,0.5715874356419874,0.5879434718683777,0.159,0.15178953971583975,0.1444702489826402,0.15887838439416344,0.058,0.05991497314301949,0.055831439081984256,0.06399490798266252,112.4,112.50751045674004,111.8623604012199,113.12555424842786,-0.0050393080879261865,-0.3079552038931175,-0.007210460284160253,-0.32625362400431596,0.0019149731430194855,1.276766196678713,-0.10751045674003024,-0.046643359761528586,0.14897850225493775
1641757,Jordan Miller,LAC,27.0,0.628,0.6050498330733513,0.6008749667530859,0.6089369808340193,0.157,0.1488429335359356,0.14565443129921352,0.15230806836880964,0.071,0.07289647705535109,0.07106252513164187,0.07469359327224771,114.7,112.63126789590945,112.35909017403931,112.91274092033811,-0.022950166926648752,-1.1106973595192897,-0.008157066464064389,-0.36491277764579366,0.0018964770553510923,1.2689500713996917,2.0687321040905573,0.7201634521558802,0.12837584659762213
1629012,Collin Sexton,CHI,28.0,0.615,0.610454498217078,0.6051813092104895,0.6151281110842237,0.217,0.23807306259408806,0.2289160217675624,0.24672029369829335,0.045,0.04517010570746703,0.04176799881144062,0.048700482596252835,113.6,115.22290099102511,114.36193622794755,116.16899058350751,-0.004545501782922012,-0.2858234266673461,0.02107306259408806,0.8288381973729575,0.00017010570746703313,0.5394155354971276,-1.6229009910251193,-0.5805966080434999,0.12545842453980982
1628381,John Collins,LAC,29.0,0.643,0.6330179183414947,0.6274707586581885,0.6384835032634331,0.058,0.08417377789973327,0.0759678297027302,0.09193914626925816,0.099,0.09810863594322768,0.09349388570288474,0.10252686531963673,115.1,115.36446457509082,114.37838191038514,116.35621161010059,-0.009982081658505337,-0.5294840957539932,0.026173777899733262,1.0371501024382133,-0.0008913640567723286,0.09085685617353331,-0.26446457509082677,-0.10194670198820927,0.12414404021738602
1642271,Kyle Filipowski,UTA,23.0,0.586,0.5803011321345707,0.576867354002357,0.5840038342421868,0.156,0.15599514038544063,0.15214144390724693,0.15996648235115055,0.149,0.14624356174460842,0.14244847750267434,0.15035031077246427,120.4,115.94885025402765,115.32209732453337,116.56843705023493,-0.00569886786542928,-0.33751584318599653,-4.859614559371561e-06,-0.031978740447729144,-0.002756438255391569,-0.6972910944867976,4.451149745972359,1.5596167876930433,0.12320777739313005
1641765,Olivier-Maxence Prosper,MEM,24.0,0.662,0.6103363723816781,0.6000143203521692,0.6221792344889596,0.077,0.09556224032639839,0.09089273876483277,0.10042546238787796,0.091,0.09087494717472219,0.08889467873009924,0.09287169335173286,120.4,115.43555642245155,114.86680675197546,116.03324972527093,-0.05166362761832188,-2.3975985371048636,0.018562240326398388,0.7262968598307828,-0.00012505282527780492,0.4146866679405581,4.964443577548451,1.740477696146885,0.1209656717033406
1641767,Ben Sheppard,IND,25.0,0.561,0.5632297219555321,0.5565056158060976,0.570714830427714,0.112,0.09066721147342835,0.08315142572466563,0.09745963527251005,0.065,0.06581244378498459,0.06226668671036791,0.06954677635980593,116.0,114.40114804786501,113.93589966411876,114.9289558881854,0.00222972195553206,0.017833575915793994,-0.021332788526571653,-0.903005887922614,0.0008124437849845872,0.8108564464278304,1.5988519521349929,0.5545995082328283,0.12007091066345968
1631123,Jamaree Bouyea,PHX,28.0,0.523,0.5513772880679513,0.5471723979322012,0.5559977750607661,0.191,0.17652957544370504,0.17255200254877973,0.18050884149786092,0.062,0.06462200145183039,0.06235699389974118,0.06672856939750411,104.6,109.33808563093203,108.88179770341655,109.80873570630231,0.028377288067951256,1.1897345871661438,-0.014470424556294964,-0.6227487031474903,0.0026220014518303913,1.5755440753608025,-4.738085630932034,-1.6782430033742715,0.11607173900129614
1642366,Quinten Post,GSW,27.0,0.56,0.5748441618603899,0.571165421606063,0.5785272998148403,0.116,0.12492184774385338,0.12145729220679306,0.1286708954467499,0.111,0.11006706008996338,0.10800862584283957,0.11193808678548757,110.2,111.66747898272335,111.34508863307241,112.01487467418029,0.014844161860389837,0.5831968994963485,0.008921847743853378,0.33258569892275625,-0.0009329399100366231,0.07328762296475948,-1.4674789827233496,-0.525833110245628,0.11580927778455904
1641739,Toumani Camara,POR,27.0,0.578,0.579985885880613,0.5746877306697027,0.5850400277954038,0.103,0.10033988054380208,0.09408324758133468,0.1073792901672956,0.072,0.07219355042279901,0.06969744694726633,0.07465050510500079,113.0,112.86740343953129,112.52982380990491,113.23738423984943,0.001985885880612992,0.006905149860825541,-0.0026601194561979152,-0.14041887147069135,0.00019355042279901868,0.5493228648443454,0.1325965604687127,0.03795920233272837,0.113442086391802
1628366,Lonzo Ball,CLE,29.0,0.432,0.5032503147645836,0.494094695119837,0.5121655678392849,0.236,0.18364023024571377,0.17714294778318143,0.1900723629534495,0.089,0.087793572556805,0.08504337306093719,0.0904001407706051,109.7,110.9598831805702,110.53765311132238,111.37608117008782,0.0712503147645836,3.1112496958814826,-0.05235976975428622,-2.1701398447650835,-0.0012064274431949906,-0.04228345670032436,-1.259883180570199,-0.4526859904890236,0.11153510098176278
1628971,Bruce Brown,DEN,30.0,0.562,0.568095534667393,0.5612346555449527,0.5751494553788252,0.121,0.11141263626783553,0.10661831055895939,0.11694329878086056,0.077,0.07740466892232149,0.07461309668424948,0.07990161494244465,115.2,115.06815525001038,114.07420540904428,116.05748139960848,0.006095534667392988,0.19109443724630681,-0.00958736373216447,-0.42332575129241257,0.0004046689223214939,0.6385378745572605,0.13184474998962514,0.0376942992346035,0.11100021493643956
1630183,Jaden McDaniels,MIN,26.0,0.611,0.5984804141593506,0.5936831694042115,0.6033700778928712,0.121,0.12212463251410163,0.11510712682411049,0.1291373781167533,0.065,0.0666862633475802,0.06270855247851738,0.07061438994329063,112.4,112.69108140455103,112.3210506331196,113.08475369393209,-0.012519585840649383,-0.6432118402148511,0.0011246325141016367,0.014149428442070056,0.0016862633475801941,1.1801174109602306,-0.29108140455102216,-0.11132523658222625,0.10993244065130581
203468,CJ McCollum,ATL,35.0,0.566,0.5687744444826592,0.5619720710374957,0.5757484492556497,0.194,0.2244807795162065,0.2171333227433641,0.2321461659836471,0.051,0.04922534059670039,0.04531660517101632,0.05287423185459969,112.0,113.50237881511902,112.7481650771698,114.20174281704884,0.0027744444826592884,0.042247354148409126,0.030480779516206508,1.2130469439760472,-0.0017746594032996069,-0.2824084100065848,-1.502378815119016,-0.5381301904045415,0.10868892442833253
1641824,Matas Buzelis,CHI,22.0,0.586,0.5739972916553944,0.5699466004399105,0.578083388033923,0.103,0.13138567891280992,0.12477690066494393,0.13853097210237283,0.094,0.0911828971955037,0.08887003686392914,0.09358150083259231,116.9,115.12036029237962,114.69616435699216,115.51675665650242,-0.012002708344605595,-0.6200460412375397,0.028385678912809922,1.127483572596765,-0.002817102804496305,-0.7229268788915293,1.7796397076203903,0.618300717331759,0.10070284244986372
203914,Gary Harris,MIL,32.0,0.593,0.5900878613472332,0.5826273396358155,0.5981851705449422,0.105,0.07027107450943672,0.062291185080363215,0.07873248829247631,0.048,0.049317477647409555,0.044937251961725544,0.05401115304896044,115.5,112.55240488102068,111.69516376528365,113.40976360835421,-0.002912138652766738,-0.21261814646121435,-0.03472892549056328,-1.4501006862532968,0.001317477647409554,1.0242749817220231,2.947595118979322,1.029833963471387,0.09784752811972475
1630540,Miles McBride,NYK,26.0,0.578,0.5816685600305791,0.5756681387528747,0.5876189670644489,0.136,0.13336566634326294,0.1280489455517463,0.13834590562507007,0.044,0.04531539225566148,0.041089449318487445,0.049042536855217034,110.4,112.02537296939737,111.63535690629112,112.41398108232274,0.0036685600305791377,0.08232048792602126,-0.00263433365673707,-0.1393657860331696,0.0013153922556614836,1.0233937314029837,-1.625372969397361,-0.5814676184211409,0.09622020371867362
1630168,Onyeka Okongwu,ATL,26.0,0.592,0.6148977224047929,0.6057025108024704,0.6246888773145141,0.14,0.13892734293216216,0.1316992756546549,0.14584974578767038,0.117,0.1169818330152797,0.11246106922729801,0.12103892748570945,111.3,113.97667709412558,113.19838693999974,114.70103184146363,0.02289772240479293,0.9441473491701019,-0.001072657067837851,-0.0755873146157658,-1.8166984720305313e-05,0.4598547670179924,-2.67667709412558,-0.9518983685351319,0.09412910825929915
1631212,Peyton Watson,DEN,24.0,0.594,0.5798801412570056,0.5736191369113716,0.5855355736599094,0.096,0.11501205258798945,0.10816750380185589,0.1214156341040804,0.083,0.08041293283746576,0.07770281268460014,0.08299515437706592,117.6,114.82456642168796,114.3292924417251,115.30763307839236,-0.014119858742994373,-0.7149340580484984,0.01901205258798945,0.7446670772451995,-0.0025870671625342484,-0.6257178134691184,2.7754335783120325,0.9691722318657479,0.09329685939833265
1629661,Cameron Johnson,DEN,31.0,0.629,0.6192949205920406,0.6143291434308766,0.6253014550634927,0.098,0.09763916709476328,0.09087411562272206,0.10470071688442434,0.063,0.06335080083537935,0.06066532695837045,0.06594435225665703,114.7,113.77376677344202,113.19869163106922,114.30361038964045,-0.009705079407959394,-0.5170692034409672,-0.0003608329052367243,-0.04651659835390914,0.00035080083537934736,0.6157741569738655,0.9262332265579829,0.3175999063140016,0.0924470653732477
1627747,Caris LeVert,DET,32.0,0.518,0.5439633256680877,0.5362827821566603,0.5520154016703976,0.202,0.19607114200796935,0.18691444010235442,0.20406899929414712,0.047,0.047668742945756265,0.04490599980227315,0.050389783498069905,107.7,111.06942841006234,110.62911476909322,111.50443913275095,0.025963325668087678,1.0815438299324598,-0.005928857992030662,-0.2739133150452879,0.0006687429457562649,0.7501309685729444,-3.3694284100623406,-1.19599176032245,0.09044243078441655
1642948,Ryan Nembhard,DAL,24.0,0.492,0.5301584539619175,0.5243432813796071,0.5355457352231867,0.353,0.278931746903677,0.2685659722787146,0.2908819902575022,0.054,0.05671144987418036,0.054257270705665835,0.059005896337503916,113.1,112.57458016105247,112.36987591651283,112.78416205621656,0.03815845396191753,1.6281141347333716,-0.07406825309632298,-3.0567087375735467,0.0027114498741803578,1.6133434244789864,0.5254198389475278,0.1763718826280355,0.09028017606671171
1628389,Bam Adebayo,MIA,29.0,0.551,0.5685392356058555,0.5638698144363374,0.5732137732638888,0.142,0.1809460292877456,0.17417685874845804,0.18702668319982466,0.146,0.14141396836334666,0.13685790960850955,0.1457404449448608,111.0,112.22383142321459,111.78909571376882,112.63209489353311,0.017539235605855463,0.703986713512932,0.038946029287745626,1.5587655738338795,-0.004586031636653332,-1.4704454682112875,-1.223831423214591,-0.4399830254705824,0.08808094841623541
1642265,Rob Dillingham,CHI,22.0,0.469,0.5063106351534001,0.49848105795478126,0.5139276859138631,0.206,0.20030467794753293,0.19037540531919886,0.20984843156922364,0.062,0.05910748958532678,0.05539106362747719,0.06272539950043936,113.3,113.90973562538193,113.56429976471608,114.26661911209122,0.03731063515340016,1.5901159625598378,-0.005695322052467061,-0.2643757671610026,-0.0028925104146732203,-0.7547928247445834,-0.6097356253819299,-0.2236041854352975,0.08683579630473859
1641783,Tristan da Silva,ORL,26.0,0.576,0.5745231323383341,0.5691992687480726,0.5797189466700248,0.092,0.09629583054000551,0.09193398801074294,0.10058154153891767,0.073,0.07316706942665879,0.07120216272290412,0.07501499320367544,111.6,112.114280240968,111.84171271669831,112.41446881000277,-0.0014768676616658816,-0.14829110666493692,0.004295830540005513,0.143660342604266,0.00016706942665879743,0.5381324559829657,-0.5142802409680058,-0.18997014099548293,0.08588288773170297
1630175,Cole Anthony,MIL,27.0,0.483,0.5238978666855924,0.5167853972586736,0.5308022694446131,0.354,0.3232248329625035,0.31421006258581013,0.33119727614431294,0.078,0.07662035409575879,0.0743818669374229,0.07919328161246349,113.1,113.12034881668214,112.70758538194784,113.59810742372183,0.040897866685592366,1.7508911659608337,-0.030775167037496498,-1.2886302049240081,-0.0013796459042412085,-0.11548256866658464,-0.02034881668214439,-0.015931645664377866,0.08271168667646576
1627750,Jamal Murray,DEN,30.0,0.622,0.6086011348057835,0.6033505637630965,0.6134185543199128,0.298,0.30681378622392663,0.29648066390419403,0.31779245597119343,0.063,0.06131178021965768,0.05815366983796756,0.06448599556735111,117.7,115.12669533421058,114.61395741586901,115.62578288454364,-0.013398865194216514,-0.6826200344301994,0.008813786223926645,0.32817249416002986,-0.0016882197803423232,-0.24588052723383988,2.573304665789422,0.8979513901280325,0.07440583065600578
1641740,Jaylen Clark,MIN,25.0,0.534,0.5605173998036073,0.5554698771642782,0.5658244519416825,0.064,0.059595435757374984,0.053147730450392006,0.0654140935109947,0.062,0.06138380106229456,0.058093495287703904,0.06461748899219177,108.9,111.16252008849351,110.78597429599634,111.55631431696003,0.026517399803607233,1.106376735485938,-0.004404564242625017,-0.21166154920642058,-0.0006161989377054394,0.20713685449549246,-2.2625200884935026,-0.8059686735470942,0.07397084180697891
1641718,Keyonte George,UTA,23.0,0.609,0.5793060926010446,0.5714719848836882,0.5868201356359217,0.286,0.2916532132098695,0.2835123864164895,0.2998273593173172,0.054,0.05284379698020569,0.049077520487816946,0.05675968585986864,123.6,119.2455924033598,118.14409840959887,120.21776365023352,-0.029693907398955388,-1.4129433217296083,0.005653213209869501,0.19909550275699747,-0.0011562030197943066,-0.02105948802087391,4.3544075966402005,1.525529347054479,0.07265551001524856
1642273,Kyshawn George,WAS,23.0,0.559,0.5556908599900063,0.5491578951619528,0.5622298815113413,0.226,0.21617598318436115,0.21009559359461683,0.22222006758424231,0.081,0.07890192629250424,0.07672154818248032,0.08106668071805048,119.7,115.82493772275417,115.35372482799504,116.34851392875149,-0.0033091400099937163,-0.23041124773885416,-0.009824016815638853,-0.43299060253466004,-0.0020980737074957623,-0.4190776756342709,3.8750622772458314,1.3566303176962613,0.06853769794711906
1642883,Sion James,CHA,24.0,0.531,0.5519655508652466,0.5475033043127061,0.5564840679717256,0.121,0.08857223700814196,0.08408717914359717,0.0932879866475971,0.075,0.07665625705799542,0.07447396223031401,0.07894119718382793,110.0,111.14266044055411,110.82171001701359,111.46477657593917,0.02096555086524654,0.8575498520505482,-0.03242776299185804,-1.356121799911712,0.0016562570579954222,1.1674372743411798,-1.1426604405541099,-0.4113821408291519,0.06437079641271606
1630583,Santi Aldama,MEM,26.0,0.572,0.5752591538578539,0.5693202844322275,0.5813602492952691,0.153,0.1534987809983274,0.14822809270901857,0.15801388875037986,0.112,0.11028448118414,0.10786782506831841,0.11277922834721513,116.0,114.70284252094837,114.24119563231052,115.16828292136643,0.0032591538578539136,0.06397141842693145,0.0004987809983273972,-0.011410186970031187,-0.0017155188158600038,-0.2574166253226945,1.2971574790516343,0.4482963868611653,0.06086024824884277
1629675,Naz Reid,MIN,27.0,0.565,0.5810605084220319,0.576537019999965,0.585451740016393,0.124,0.14106284840475591,0.13497155910786368,0.147791903411804,0.113,0.11038685858099945,0.10810627399579648,0.11276154949825411,109.9,111.07858634835408,110.40271026000016,111.75197974676306,0.016060508422031994,0.6377120218404619,0.017062848404755915,0.6650620782519883,-0.002613141419000556,-0.6367363412114065,-1.1785863483540737,-0.42404076230874244,0.06049924914307531
1642875,Maxime Raynaud,SAC,24.0,0.619,0.5955099483324623,0.5918838613983124,0.5989468291362612,0.074,0.08986135494019107,0.08517410979468963,0.09461431015466097,0.14,0.1356310812236626,0.13244932277897703,0.13874659423481808,121.3,115.2419183322374,114.67858242289527,115.78572014150559,-0.023490051667537704,-1.1348943142601706,0.015861354940191072,0.6159933932677559,-0.0043689187763374104,-1.3786973457791194,6.058081667762593,2.125824969673456,0.057056675725480455
1629651,Nic Claxton,BKN,28.0,0.592,0.6018322682740083,0.5952717471906663,0.6085909500743271,0.216,0.18881270533617525,0.18177683865550423,0.19565357752831755,0.124,0.12145769812262015,0.1162797369348395,0.12609914277277193,120.3,115.73326553894039,115.11823001516018,116.3321421150605,0.009832268274008293,0.35857013550205113,-0.027187294663824746,-1.1421024172501135,-0.002542301877379846,-0.6068007817599845,4.56673446105961,1.6003434734392363,0.05250260248279737
1631246,Vince Williams Jr.,UTA,26.0,0.478,0.5262225885530181,0.5193828998585208,0.5324771735751446,0.281,0.23938627589497166,0.23193584074897686,0.24676820563218496,0.084,0.08456594618744225,0.08302216553256793,0.08596085132224444,108.4,110.82631419726182,110.54331916247156,111.1177456814671,0.048222588553018086,2.0791759832420382,-0.041613724105028366,-1.7312740961439792,0.00056594618744224,0.7066908446037723,-2.426314197261817,-0.8636821107420495,0.04772765523994546
1631243,Mouhamed Gueye,ATL,24.0,0.539,0.5525520295000113,0.5468939278210991,0.5583642818846128,0.076,0.06412954760690508,0.057414105275037805,0.07029229246634452,0.111,0.11157878123312898,0.10801532425554658,0.11494118183982616,110.1,111.60007847612916,110.9323966828487,112.2271429591994,0.01355202950001122,0.5252851530153716,-0.011870452393094921,-0.5165665067340941,0.0005787812331289749,0.7121147119019854,-1.5000784761291612,-0.5373196577741776,0.04587842510227133
1642274,Yves Missi,NOP,23.0,0.556,0.5643983572159903,0.5600835881051334,0.5687491231984875,0.087,0.07195774716227613,0.06584111793059873,0.07851350123215631,0.137,0.13663192605299565,0.1317427013335629,0.14109796777710185,114.1,113.44706710738805,112.76466667010557,114.13357712245853,0.008398357215990249,0.29430404619531936,-0.015042252837723868,-0.6461020235225389,-0.00036807394700436036,0.311990164392464,0.6529328926119433,0.22130156092683043,0.04537343699801873
1642853,Rasheer Fleming,PHX,22.0,0.517,0.5377452456251586,0.5327951069603982,0.5422536703902725,0.033,0.05109962829501123,0.044445389466366725,0.0581337049062971,0.089,0.08822760532738817,0.08628625485295764,0.09008478100873822,106.6,110.87454323394212,110.48564219516328,111.32372053201469,0.02074524562515856,0.8476760484034764,0.01809962829501123,0.707403903100241,-0.000772394672611823,0.1411312508259503,-4.274543233942126,-1.5149121899704914,0.04532475308979411
1629731,Dean Wade,CLE,30.0,0.58,0.5913458578184948,0.5854267992204831,0.5971640896308147,0.082,0.05678174540869974,0.04806856879820175,0.06487312796387673,0.09,0.09014860282290182,0.08700740003637784,0.09314507188149397,110.9,110.07916170096968,109.27324120677962,110.96912032358479,0.011345857818494842,0.4264073143115641,-0.02521825459130026,-1.061687325624936,0.0001486028229018277,0.530328790092629,0.8208382990303278,0.28046362848157896,0.04387810181520903
1629632,Coby White,CHA,27.0,0.595,0.5928072597203554,0.5874437274974026,0.5982817622559962,0.242,0.2654289540874023,0.25924543957076795,0.2720586700855803,0.064,0.06223125986334263,0.05853393545112504,0.06539539488350259,114.0,114.79622417083515,114.22495395236169,115.35042325958918,-0.002192740279644556,-0.18037561660856719,0.02342895408740231,0.9250522018197797,-0.0017687401366573707,-0.27990703077087165,-0.7962241708351456,-0.2893140881694473,0.043863866567723384
1631108,Max Christie,DAL,24.0,0.601,0.586161180915848,0.5803960391847073,0.5924007456822756,0.095,0.09418360503799002,0.0876132860917258,0.10036741286459451,0.052,0.05208375698537004,0.049217590946357526,0.055013152032521107,115.2,113.8812253204709,113.45672988884223,114.34370302451566,-0.014838819084151966,-0.7471569558596755,-0.0008163949620099836,-0.06512163592910074,8.375698537003984e-05,0.5029260658485384,1.318774679529099,0.4559132843886072,0.03664018961209235
1631323,Simone Fontecchio,MIA,31.0,0.579,0.5859852778272703,0.5803237295249181,0.5916139034103207,0.121,0.1292804345719295,0.12270644154951964,0.1360992521063398,0.08,0.07961005407744395,0.07706077462686615,0.08223364163487219,110.5,112.48001920855413,111.98960920540742,112.95570187957635,0.00698527782727032,0.2309716060937004,0.008280434571929507,0.30639054946410416,-0.0003899459225560481,0.30274744755003624,-1.9800192085541255,-0.7064284830328992,0.0334202800187354
1630170,Devin Vassell,SAS,26.0,0.574,0.5798251114677713,0.5751647560772206,0.5842226692064126,0.107,0.11880322658334173,0.11259821877539701,0.12470094207824664,0.063,0.0630946683569903,0.059944360674490986,0.06607087350559851,109.9,112.75427177417613,112.16394831911734,113.36894741892074,0.005825111467771316,0.17897440971717965,0.011803226583341736,0.4502604718323985,9.466835699030451e-05,0.5075370219101103,-2.8542717741761265,-1.014474486139907,0.03057435432994532
1630264,Anthony Gill,WAS,34.0,0.682,0.6288946815614543,0.6206468573706869,0.636921759093487,0.101,0.08855847961529054,0.08288125771878323,0.09544169234227165,0.084,0.08439876411115786,0.08144953182579681,0.08726140978222766,121.4,114.35540799718815,113.56524980943274,115.01742890347374,-0.05310531843854571,-2.462213305564257,-0.01244152038470947,-0.5398887770680917,0.0003987641111578566,0.6360426039556393,7.044592002811854,2.4734253973822065,0.02684147967637418
1631128,Christian Braun,DEN,26.0,0.607,0.6057782211611129,0.5966053481306647,0.6150664740816885,0.108,0.09681137363540825,0.0910799384845071,0.10251056316114991,0.075,0.07460403637487048,0.07196320144327355,0.07715084792295862,114.1,112.86483633119882,112.402285148458,113.34173914863449,-0.0012217788388870776,-0.136858346610411,-0.011188626364591753,-0.4887209065761362,-0.00039596362512951677,0.3002044710001092,1.235163668801178,0.42645264717314907,0.02526946624667778
1628978,Donte DiVincenzo,MIN,30.0,0.567,0.5847792620961587,0.5803698411676281,0.5892587539943402,0.164,0.15191295552807133,0.14576062030122983,0.15881385988695626,0.064,0.06445810422852068,0.061610142383830294,0.06722463351668068,110.0,112.1237290000147,111.66478194210407,112.64796963623279,0.017779262096158766,0.7147443987790842,-0.012087044471928682,-0.5254120716912227,0.00045810422852067545,0.6611187065182469,-2.1237290000147055,-0.7570651395410528,0.0233464735162639
1628997,Caleb Martin,DAL,31.0,0.526,0.5445151789450874,0.5372345022213056,0.5517488793148935,0.131,0.10860122232059977,0.10266774376823395,0.11453253896630473,0.077,0.07652662840360744,0.07384124160402919,0.07943078444845832,112.1,112.04030484569026,111.63598943921339,112.41957952622712,0.018515178945087363,0.7477272659319077,-0.02239877767940024,-0.946540611563994,-0.00047337159639256055,0.26749320730834397,0.059695154309736154,0.012272132404399427,0.020237998520164273
1628384,OG Anunoby,NYK,29.0,0.62,0.6122614494906884,0.6081345403494777,0.6165576570495738,0.09,0.11072942238983345,0.10477919162710705,0.11712552787881488,0.078,0.07707346997676927,0.07406327155037658,0.07980273428143356,110.2,111.25987314804838,110.75313716216687,111.81107110004363,-0.007738550509311604,-0.4289318527189132,0.020729422389833455,0.8148040195536103,-0.0009265300232307316,0.07599632975710487,-1.059873148048382,-0.3822117436610336,0.019914188232692073
1630534,Ochai Agbaji,BKN,27.0,0.525,0.5473652831978686,0.5357756347956701,0.5578738487846177,0.07,0.06860099287806425,0.061699781174068144,0.07545220421126367,0.071,0.07100027710243505,0.06794515889225873,0.0739342549897444,109.0,112.4406400652605,111.78233850409987,113.0975859727559,0.02236528319786857,0.9202840938926773,-0.0013990071219357608,-0.08891536713656524,2.7710243505341126e-07,0.46764891778371437,-3.440640065260496,-1.2210834404856292,0.019483551013549316
1628418,Thomas Bryant,CLE,29.0,0.625,0.611301194755416,0.6073891767311158,0.6156094462176825,0.067,0.09258756063528394,0.08673166139511469,0.0984703412072608,0.129,0.12820630847272593,0.12504001014120392,0.13108751585262732,110.7,111.74615097603467,111.4764270448939,112.03120571417975,-0.013698805244584,-0.6960629700682199,0.025587560635283932,1.0132091396864926,-0.0007936915272740708,0.1321315700786707,-1.0461509760346672,-0.37737668751251174,0.017975263046107914
1630241,Sam Merrill,CLE,31.0,0.644,0.623889693467436,0.6185488392345663,0.6291929117265948,0.119,0.12443807462419167,0.11885446883278047,0.12982155985512858,0.047,0.04777558526853429,0.044722592852468344,0.05105100929175561,112.6,112.39104396017328,111.87950229682247,112.86350926800586,-0.02011030653256407,-0.9834183900989982,0.005438074624191672,0.1903092980876262,0.0007755852685342873,0.7952806777928932,0.20895603982671673,0.06486473666059155,0.01675908061052819
1642267,Bub Carrington,WAS,21.0,0.556,0.5499833297529363,0.5435587745691576,0.5566981110578614,0.231,0.1952483330476503,0.18771553113688885,0.20274184754952054,0.058,0.056663445914211,0.05329113772013816,0.059735726656705505,122.6,117.02675453625068,116.3118086866671,117.75936974800005,-0.00601667024706376,-0.3517593460349414,-0.035751666952349714,-1.4918691852828672,-0.0013365540857890046,-0.0972727149093052,5.573245463749316,1.954991207576796,0.003522490337420525
1642845,VJ Edgecombe,PHI,21.0,0.54,0.5450574456284919,0.5406004118989669,0.5493089631201165,0.172,0.1638915226696668,0.1589415941036474,0.16881378979864817,0.077,0.07633494247972063,0.07402384271839904,0.07889890023068617,113.9,113.76040734822408,113.41146225800823,114.09901744514505,0.005057445628491863,0.14456859276710238,-0.00810847733033318,-0.362928409884312,-0.0006650575202793718,0.18649006641793414,0.13959265177592783,0.040424300005076644,0.0021386373264502857
1631170,Jaime Jaquez Jr.,MIA,26.0,0.57,0.5748826258967049,0.5701447354245118,0.5798728251870909,0.24,0.2256861282299332,0.21916561382996474,0.2316487029058967,0.08,0.08085011392336287,0.07694185450413432,0.08438139571689715,111.9,112.84425402977517,112.48213265648896,113.25618948261923,0.004882625896704962,0.13673339236692908,-0.014313871770066794,-0.6163551275040171,0.0008501139233628718,0.8267751923875974,-0.9442540297751663,-0.3414729358298196,0.0014201303551724526
1629645,Kevin Porter Jr.,MIL,27.0,0.567,0.5699968135238526,0.5650534586868248,0.5748810698361697,0.336,0.3021446507253802,0.2926954319989576,0.3107195773656764,0.077,0.07731391453127338,0.07522299363091028,0.07932470361521424,116.1,113.90102560104363,113.37912377699718,114.38614790367905,0.002996813523852615,0.05221365476410799,-0.033855349274619806,-1.4144240576123137,0.00031391453127338487,0.6001866457584561,2.1989743989563664,0.7660547883058089,0.0010077578040147972
203952,Andrew Wiggins,MIA,32.0,0.586,0.5804245440576208,0.5750692511176013,0.5856309156486325,0.123,0.13710962978777438,0.13067943052164263,0.1445382324135812,0.074,0.07252309899714365,0.07010479819645472,0.07495300370156072,113.9,114.0321502478828,113.49114628747311,114.63128220260944,-0.005575455942379182,-0.33198467608612375,0.014109629787774386,0.5444533872519747,-0.0014769010028563428,-0.15658088353337837,-0.13215024788279095,-0.05532527786778971,0.0001406374411707101
1629630,Ja Morant,MEM,27.0,0.521,0.5479730760870785,0.5420825051671122,0.5542943462527117,0.447,0.41212691430045606,0.39771689165920865,0.4256471732324486,0.053,0.0524531105029446,0.049098510921709256,0.056129233378722033,113.9,113.69782134346,113.21778841839594,114.19692948107009,0.02697307608707844,1.1267995731262288,-0.03487308569954395,-1.4559881522199098,-0.0005468894970553986,0.236425819862224,0.20217865653999922,0.06247670153768378,-0.0075715144234433165
1629029,Luka Dončić,LAL,28.0,0.616,0.6089187374668749,0.60046206765697,0.617234664414361,0.387,0.4239078749696326,0.4057611175700741,0.4408822941309615,0.11,0.10606157673286062,0.10153493839295429,0.11071245839818282,115.6,115.37058798302004,114.6751377048905,116.0593268882705,-0.007081262533125132,-0.39947303270240064,0.036907874969632604,1.4755278741423858,-0.0039384232671393765,-1.196777423454263,0.22941201697994984,0.0720724730167537,-0.012162527249380991
1628386,Jarrett Allen,CLE,29.0,0.669,0.6644978292298842,0.6541814880318733,0.6753646431090093,0.092,0.11628430548447159,0.11101867531494358,0.12183440902398557,0.152,0.1490160350574176,0.14392055988126276,0.15405254062031057,112.9,112.73596566160626,112.41319974163409,113.06472953044671,-0.004502170770115832,-0.28388138519749223,0.024284305484471594,0.9599845335314772,-0.0029839649425824066,-0.7934399192159967,0.1640343383937477,0.04903641527688795,-0.017075088901280927
1626220,Royce O'Neale,PHX,34.0,0.596,0.5858186571297059,0.5791098454406678,0.5919770541349902,0.129,0.12146583925752759,0.1151518601066537,0.1280987764431461,0.081,0.08026072828921818,0.07718388096392052,0.08353642491453724,115.1,113.25702272870414,112.70551788349384,113.84384277702632,-0.010181342870294041,-0.538414732532735,-0.007534160742472415,-0.33947346771268255,-0.000739271710781822,0.15512843898363457,1.842977271295851,0.6406179333217171,-0.020535456985016465
1630178,Tyrese Maxey,PHI,26.0,0.588,0.5842207623349314,0.5788391869787866,0.5895418313048734,0.288,0.30165643081509363,0.2936155950048362,0.3098068973947349,0.052,0.050868792996877944,0.0470350025606919,0.05470259910325505,113.4,114.36764048518455,113.82977608389169,114.93556983484238,-0.003779237665068602,-0.2514804331077752,0.013656430815093656,0.5259448574251374,-0.0011312070031220534,-0.010496605681129664,-0.9676404851845462,-0.34971323662959386,-0.021436354498340318
1630532,Franz Wagner,ORL,25.0,0.588,0.5833102819886913,0.5783611846127352,0.5881908620512025,0.175,0.20322431575626915,0.19505939726459456,0.21035357809466035,0.084,0.08213677559986682,0.07950287574318582,0.08458941371136189,110.6,112.30807563345148,111.62307862018653,112.92037512303614,-0.004689718011308686,-0.29228701655400796,0.028224315756269158,1.1208935426632871,-0.0018632244001331871,-0.31983443885106794,-1.708075633451486,-0.6106081964531302,-0.02545902729872973
1642856,Egor Dëmin,BKN,21.0,0.561,0.5562569236984982,0.5523775135937994,0.5604433452384521,0.199,0.17561683601601955,0.17035571981079312,0.18143723469433876,0.063,0.06362377293801309,0.0608747557185752,0.06628813552828632,115.4,114.14662992675585,113.77727300359099,114.51067799565558,-0.004743076301501836,-0.2946784679788594,-0.023383163983980465,-0.9867426958089832,0.0006237729380130924,0.7311274246548526,1.253370073244156,0.4328677385782499,-0.029356500138685016
1630188,Jalen Smith,CHI,27.0,0.608,0.6205921225453475,0.6097959333298916,0.6316889433593393,0.081,0.0968726707858003,0.0906755423067105,0.1036700522609772,0.152,0.1490523540262882,0.14459371993762277,0.15400163156409272,113.0,114.23675674549403,113.48291241017728,114.95534126214355,0.012592122545347473,0.4822633311738965,0.01587267078580029,0.6164555295006234,-0.0029476459737118044,-0.7780921540135972,-1.2367567454940342,-0.4445373087791131,-0.030977650529547596
1642281,Jaylon Tyson,CLE,24.0,0.608,0.5895462855119007,0.5863778843793781,0.5924703367808288,0.115,0.12335157915239935,0.11977367688876434,0.1265167541851568,0.091,0.09052218580091884,0.08916280247026144,0.09188680788580154,113.4,112.78002470718367,112.57555082783152,112.99185053242992,-0.018453714488099293,-0.9091720191828357,0.008351579152399341,0.3092960758863174,-0.0004778141990811613,0.26561584060239146,0.6199752928163349,0.2096888333372758,-0.03114281733921278
1642450,Daniss Jenkins,DET,25.0,0.525,0.5483285919358168,0.544374015690714,0.5525085237855906,0.27,0.24024162373185623,0.23352517259343672,0.2468082280779259,0.055,0.057534576415836536,0.05511906888342596,0.05988717718943447,106.6,110.53931332293551,110.13934772712156,110.89852558945634,0.023328591935816823,0.9634583793804447,-0.029758376268143788,-1.2471047306474472,0.0025345764158365355,1.53859977416036,-3.9393133229355186,-1.396792737688378,-0.03545982869875508
203944,Julius Randle,MIN,32.0,0.585,0.5856681199613677,0.5807412615862378,0.5902475451631427,0.227,0.2493123679339851,0.2430683743907118,0.2551109249547474,0.099,0.09614301989699252,0.09250198868331036,0.09977943861342864,113.1,113.7697111685631,113.3506194328047,114.22041599988977,0.0006681199613677302,-0.05215546047342977,0.022312367933985083,0.8794511096493539,-0.0028569801030074865,-0.7397783323740373,-0.6697111685631114,-0.244736781538107,-0.03930486618405505
1631221,Collin Gillespie,PHX,28.0,0.575,0.5782692738349648,0.5751644555382504,0.5809231319857002,0.228,0.20046716907665793,0.19507226972780664,0.20577427258739214,0.07,0.0719991572758087,0.0701145056113381,0.07395440451092092,110.0,111.05171464993029,110.79665862468421,111.30812924902527,0.003269273834964892,0.06442498306691348,-0.027532830923342078,-1.15621402948017,0.0019991572758086967,1.3123409484955866,-1.0517146499302896,-0.3793370678116738,-0.039696291432335926
1641710,Anthony Black,ORL,23.0,0.549,0.5527123301654047,0.5460415180461785,0.5582849204601672,0.185,0.185026505907212,0.1768896890761317,0.19328359961356556,0.062,0.060683956441201545,0.05733520277752002,0.063643065069054,113.1,113.42719973323761,112.88732733140695,114.0604420693368,0.0037123301654046204,0.08428221029222589,2.650590721200996e-05,-0.03069778058189798,-0.0013160435587984548,-0.08860532257363685,-0.3271997332376202,-0.12405165824608018,-0.03976813777734728
1641737,Adem Bona,PHI,24.0,0.638,0.6252895579934556,0.6137420309842142,0.6362552153773054,0.034,0.02940178486153384,0.021929781951172116,0.03683721345224882,0.119,0.11925986081408503,0.11555925621438923,0.12287860315254696,112.9,112.60778740141603,112.25175265246644,113.01554261799296,-0.012710442006544365,-0.6517657734128424,-0.004598215138466161,-0.21957020213312212,0.00025986081408503614,0.5773444840583427,0.29221259858397275,0.09420048146263237,-0.049947752506247334
1631095,Jabari Smith Jr.,HOU,24.0,0.569,0.573169992733603,0.5687957521729072,0.5777526171926043,0.073,0.08626782186338516,0.07939139977302938,0.09355080085859967,0.096,0.09412855778770274,0.09109038707685212,0.09745138767027174,112.0,113.41756193634214,112.7849278674468,114.06937208611659,0.004169992733603078,0.10479407071461774,0.013267821863385168,0.5100741674914698,-0.001871442212297264,-0.3233071434870678,-1.417561936342139,-0.5082446612901491,-0.054170891642782326
1642859,Jase Richardson,ORL,21.0,0.574,0.563490585255682,0.559244261631727,0.5674640345500189,0.145,0.1288276170002374,0.12345902999463355,0.13347169626186328,0.053,0.05464766646030227,0.05167906793528464,0.05787548883666727,112.8,113.17531639275435,112.8434720799683,113.528770448619,-0.01050941474431799,-0.5531185011083063,-0.01617238299976259,-0.6922562495318679,0.0016476664603022745,1.1638070370177458,-0.3753163927543568,-0.14100573448198578,-0.05564336202610355
1642258,Zaccharie Risacher,ATL,22.0,0.557,0.5590710866099503,0.5548720176717317,0.5631380771759064,0.068,0.08060768868972931,0.07409242519882107,0.08731948535855401,0.081,0.07882908030692486,0.07610257940282471,0.08133553762829347,112.6,113.42382705247596,113.02747729492212,113.79708791685876,0.0020710866099502567,0.010723739340256442,0.012607688689729307,0.48311449796260336,-0.002170919693075146,-0.449861123440652,-0.8238270524759628,-0.2990400617588299,-0.06376573697415552
203084,Harrison Barnes,SAS,35.0,0.608,0.6082474428869807,0.600637718011087,0.6155196414248065,0.097,0.0964041910379068,0.08643014896414312,0.1060321279133319,0.051,0.051505992479565166,0.047241954540162494,0.05588889824567455,110.6,112.88851976331858,112.16764380724656,113.53004890365993,0.00024744288698075323,-0.07100967760264022,-0.0005958089620932,-0.05611296025913465,0.0005059924795651691,0.6813554493509809,-2.2885197633185896,-0.815129751508875,-0.06522423500491722
203932,Aaron Gordon,DEN,31.0,0.62,0.6192893634211121,0.6133859550795333,0.6247630978933968,0.13,0.15434560264843572,0.14904667068553987,0.15888864634938735,0.102,0.09874843498741649,0.09624056977448005,0.1015830593914995,112.0,112.63282908715468,112.3014432058385,112.96545406612586,-0.0007106365788879243,-0.11394959369587916,0.024345602648435716,0.962487893988849,-0.0032515650125835016,-0.9065230592455273,-0.6328290871546756,-0.2317412488843907,-0.07243150195923706
1626157,Karl-Anthony Towns,NYK,31.0,0.619,0.6187897022497884,0.6126927767664996,0.624591488057726,0.142,0.18101841533861432,0.17583807615988659,0.1870187192327033,0.192,0.18730466532968035,0.18235287379831638,0.19246166598286535,111.8,112.4696572922601,112.02645637964511,112.90079662711177,-0.000210297750211641,-0.09152503697910479,0.03901841533861433,1.5617218015888226,-0.004695334670319656,-1.5166350310977657,-0.6696572922600978,-0.24471779803098545,-0.07278901612975833
1631157,Ryan Rollins,MIL,24.0,0.583,0.5809755952841604,0.5770096912340862,0.5845986450479633,0.264,0.24990861081863727,0.24364620531684414,0.25556604304133956,0.07,0.06837169329162097,0.06596760921410286,0.07087817163722662,116.5,114.52615147706831,114.037783853833,115.00312203326143,-0.002024404715839534,-0.17283102845820755,-0.01409138918136274,-0.6072689956343365,-0.001628306708379032,-0.22056230401216254,1.9738485229316893,0.6867308846281273,-0.0784828608691448
1642869,Noah Penda,ORL,22.0,0.506,0.5325774245429302,0.5271724706152958,0.5378726183417603,0.124,0.10432249670143873,0.09976672414575316,0.10850922712447733,0.118,0.11505372671376768,0.11226560698127022,0.11768214386950919,113.4,112.92864381794347,112.60501980488233,113.21815396588529,0.026577424542930217,1.109066968772287,-0.019677503298561272,-0.8354044636887238,-0.002946273286232315,-0.7775120801352187,0.47135618205653884,0.15732236070096062,-0.08663180358767372
1629026,Kenrich Williams,OKC,32.0,0.569,0.5787000907551136,0.574462695475821,0.583100334142712,0.132,0.13781819413276292,0.13243579602142325,0.1432063196060444,0.106,0.10374355887700003,0.10135162317941336,0.10606058240129787,109.5,110.66522584969483,109.89017007161006,111.35389134524291,0.009700090755113688,0.3526461054263196,0.0058181941327629105,0.2058332813405844,-0.0022564411229999692,-0.48600099379148887,-1.165225849694835,-0.41933314305392566,-0.08671368751962763
1629130,Duncan Robinson,DET,33.0,0.629,0.6173245939586189,0.6118432321670992,0.6230860238658579,0.094,0.10268380454944531,0.09690347759735216,0.10869913910731333,0.047,0.047325988359953136,0.043684649868676276,0.05116032249904036,109.5,111.4256135592635,111.02580015339329,111.85175439479586,-0.011675406041381065,-0.6053767638568348,0.008683804549445312,0.32286407590645444,0.000325988359953136,0.6052888359756682,-1.9256135592634962,-0.6872584588666034,-0.0911205777103289
1630596,Evan Mobley,CLE,26.0,0.596,0.6073948052166416,0.6012568827720082,0.6135360717572697,0.168,0.17990273885111682,0.17517330299269704,0.18487907753299787,0.135,0.13194517174247355,0.12740571241247797,0.135767961239082,111.3,112.52438588565956,112.05177387348306,112.93034606552443,0.011394805216641601,0.4286010751051936,0.011902738851116812,0.45432452732960443,-0.003054828257526454,-0.8233855248607996,-1.224385885659558,-0.4401783922864904,-0.09515957867812301
1642272,Jared McCain,OKC,23.0,0.551,0.5616769575761725,0.5578066899616625,0.5658197582040404,0.111,0.12568987594645886,0.12089708443632358,0.1308252183121351,0.056,0.054364815960951746,0.051208158452804804,0.057726200101209504,108.9,112.10917297294152,111.76443851842203,112.45069475677377,0.010676957576172486,0.3964280471387447,0.01468987594645886,0.568150491575477,-0.0016351840390482555,-0.2234685444593119,-3.2091729729415164,-1.1395251866772083,-0.09960379810557463
203501,Tim Hardaway Jr.,DEN,35.0,0.624,0.5934454551863618,0.5860334521448652,0.6014817900437845,0.07,0.09663635421594517,0.08792567346063294,0.10505330760254643,0.047,0.045556808098413996,0.04162333146306282,0.049480248670425775,114.9,114.48333522724845,113.80990992464349,115.11394966842022,-0.030554544813638174,-1.4515160077016156,0.026636354215945166,1.0560416005701563,-0.0014431919015860037,-0.14233600303238378,0.41666477275155955,0.13805164797654113,-0.0999396905468255
1630538,Bones Hyland,MIN,26.0,0.599,0.5884272881623069,0.5854142351226284,0.5912196821122855,0.222,0.2022930886213059,0.19764647145429265,0.20711194567049782,0.051,0.054190702345096244,0.05159315136700766,0.05676248786553777,108.6,110.93827367598273,110.65553248481933,111.22421924622078,-0.010572711837693038,-0.5559553971856125,-0.019706911378694097,-0.8366054821399987,0.003190702345096247,1.815867191673286,-2.338273675982734,-0.8326607197185255,-0.10233860184271268
1630191,Isaiah Stewart,DET,26.0,0.632,0.6209347183056964,0.6161578966043035,0.6259153281575776,0.073,0.08066074567967454,0.07343416881841466,0.0885217074244836,0.103,0.10315399896646887,0.09990847443559508,0.10631136503594343,111.0,112.81360813097479,112.29490716226204,113.37641315012779,-0.011065281694303652,-0.5780317583502277,0.007660745679674549,0.2810826140161995,0.00015399896646887956,0.532609106606036,-1.8136081309747851,-0.6477929475631525,-0.10303324632278618
1630572,Sandro Mamukelashvili,TOR,28.0,0.637,0.6188893040089883,0.6140223425653633,0.6239101899481455,0.123,0.12962898419082533,0.12553893782924042,0.13401876549261918,0.111,0.11190793666978309,0.10856825877262614,0.11523222417197374,109.7,111.47353557008852,111.19452032704349,111.7622945885924,-0.01811069599101167,-0.8937983617691299,0.006628984190825332,0.2389457393944628,0.0009079366697830882,0.8512100803541911,-1.7735355700885123,-0.6336732381099739,-0.10932894503261245
1629723,John Konchar,UTA,31.0,0.568,0.5767992765698549,0.56929506106753,0.5842874920184209,0.136,0.09727861654366717,0.0901708556432991,0.10451469155074283,0.098,0.09882952889167305,0.09519671544193954,0.10265063661839083,112.0,111.88118597098527,111.32777715936565,112.43746001172218,0.008799276569854908,0.31227274715218106,-0.038721383456332845,-1.613151645757341,0.0008295288916730509,0.8180763156605368,0.11881402901472882,0.033102878320598404,-0.11242492615600615
1628969,Mikal Bridges,NYK,30.0,0.587,0.5886290015405904,0.5841073794047482,0.592948717243522,0.158,0.15269391691265555,0.1480005933881742,0.15757066240348452,0.057,0.0562102835771786,0.05304131405247165,0.05925423409456295,112.0,112.90228560233018,112.49747896379108,113.3129193215583,0.0016290015405904246,-0.009089957185608661,-0.005306083087344454,-0.24847934764106183,-0.0007897164228213988,0.13381138015290456,-0.9022856023301813,-0.3266852110469748,-0.11261078393018518
1628989,Kevin Huerter,DET,28.0,0.552,0.5665599783104593,0.5618568270730043,0.5713053091876116,0.161,0.15763413804400808,0.15267678153283318,0.16268445162182874,0.074,0.07252551475310333,0.06982390298407397,0.07528748412215201,110.8,112.81017923198158,112.32562249389831,113.25134791509088,0.014559978310459298,0.5704601503812508,-0.0033658619559919223,-0.16924121418307475,-0.0014744852468966674,-0.1555600270385948,-2.0101792319815814,-0.7170554746320963,-0.11784914136812877
202695,Kawhi Leonard,LAC,36.0,0.629,0.6063265686919324,0.5960529225974504,0.615155995977181,0.193,0.26027821908091264,0.24998112192498773,0.27104108193378995,0.102,0.09697572471003736,0.09233075429273363,0.10170777273816266,112.8,114.02720537779136,113.26441597063098,114.77479330798299,-0.02267343130806765,-1.0982944173154205,0.06727821908091264,2.7158449395363857,-0.005024275289962632,-1.6556396216135116,-1.227205377791364,-0.4411718503741731,-0.11981523744167989
1630193,Immanuel Quickley,TOR,28.0,0.577,0.584062179843047,0.5803684527178403,0.5882506862132483,0.261,0.24532826096568916,0.23614277459784927,0.25449041202534006,0.062,0.06168553850693445,0.05892388780021486,0.06432613537225752,112.1,113.21642145412258,112.8077992205294,113.65515539709772,0.007062179843047023,0.23441825767375335,-0.01567173903431085,-0.6718100783669622,-0.0003144614930655487,0.3346458559102749,-1.1164214541225874,-0.40213674057109394,-0.12622067633850698
1628369,Jayson Tatum,BOS,29.0,0.541,0.5696027120469168,0.5635041020516088,0.5763810053391084,0.246,0.27424726605873123,0.26661672063099506,0.2812311679041728,0.148,0.14207737473082493,0.13836944834848905,0.14569829108059226,110.2,112.4440224066245,111.96072687417764,112.93858420038693,0.02860271204691678,1.1998378062487145,0.028247266058731235,1.1218308271305084,-0.005922625269175058,-2.0352667139920335,-2.244022406624495,-0.7994509495042272,-0.12826225752925952
1630166,Deni Avdija,POR,26.0,0.6,0.59947514432011,0.5940123377017442,0.604552454462607,0.316,0.31411858177396795,0.3052704924278239,0.3214925909612919,0.098,0.09623254420564913,0.09286540204993218,0.09954225842148409,115.4,115.4716079748706,114.85142106645623,116.06150761934735,-0.0005248556798900239,-0.1056231275739241,-0.00188141822603205,-0.10861691291931305,-0.0017674557943508779,-0.2793642900276036,-0.07160797487058801,-0.03399299249193419,-0.13189933075319374
1642874,Danny Wolf,BKN,23.0,0.521,0.5417738170096166,0.5376566412688883,0.5460748978436744,0.178,0.17170928419588768,0.16839004515441983,0.175219694707457,0.117,0.11392503829459824,0.11170161190991341,0.11606892903130374,111.9,112.60555964045362,112.37190541942944,112.82175668142379,0.020773817009616558,0.8489565819030455,-0.006290715804112307,-0.2886914952966042,-0.003074961705401766,-0.8318935701141206,-0.7055596404536146,-0.25736811819939176,-0.13224915042676777
1642914,Javon Small,MEM,24.0,0.611,0.5912523231822507,0.5880567213308008,0.5944085097152498,0.257,0.21790096599705844,0.2114321965578778,0.22405340447939887,0.074,0.07497356384298567,0.07344069129502019,0.07653297295628211,117.4,114.02361830064311,113.65046174835193,114.35595403624652,-0.01974767681774925,-0.9671657825838739,-0.03909903400294157,-1.6285747972368856,0.000973563842985678,0.8789429834770504,3.376381699356898,1.1809184411900875,-0.13396978878840543
1629618,Jalen Pickett,DEN,27.0,0.541,0.5604674274866502,0.5562768268582903,0.5646931548665083,0.208,0.17129893284229314,0.1653156978975029,0.1771879497207752,0.067,0.06615721982674276,0.06295979297937787,0.06916272306836131,112.4,112.14757114681835,111.83200304546415,112.49088612933716,0.0194674274866502,0.790405847334906,-0.03670106715770685,-1.5306424462073511,-0.0008427801732572432,0.11138756120172078,0.2524288531816552,0.08018253717316774,-0.13716662512438915
1630692,Jordan Goodwin,PHX,28.0,0.525,0.532497860072328,0.5188275260583257,0.5450086331577274,0.136,0.13802814981458314,0.12945342859138947,0.14668393643310818,0.105,0.10300941723668998,0.10033811151360929,0.10571112517134142,110.1,111.55117288847167,111.1531739087517,111.93675581212295,0.007497860072328,0.25394489732659875,0.00202814981458313,0.05104884329755363,-0.001990582763310017,-0.3736538702772194,-1.4511728884716746,-0.5200875998999523,-0.14718693238825484
1631230,Dominick Barlow,PHI,24.0,0.597,0.5855722270371718,0.5819185524030592,0.5887884147984852,0.069,0.060659732810513026,0.05505844430286731,0.06542093332659348,0.096,0.095774661539454,0.09375054246095138,0.09759304750533943,111.9,111.86190838539993,111.59735289661126,112.14180323025472,-0.011427772962828153,-0.594278160876829,-0.00834026718948698,-0.37239464829242247,-0.0002253384605459957,0.3723077009397765,0.03809161460007715,0.004660048297114871,-0.14742626498309006
1642852,Derik Queen,NOP,22.0,0.546,0.551239272557488,0.5474997981080861,0.5547854501757865,0.208,0.19795919071836737,0.1931923293504204,0.20287311875904937,0.136,0.13081817709002783,0.12755510407906187,0.13411684529769785,119.4,115.36002370415717,114.89062605677262,115.82821353852135,0.005239272557487906,0.15271784692891904,-0.010040809281632618,-0.4418443512520164,-0.0051818229099721835,-1.7222165084386403,4.039976295842834,1.4147383591053,-0.1491511634141094
1642277,Johnny Furphy,IND,22.0,0.547,0.5541158928221042,0.5499696009196616,0.5581566506784511,0.085,0.0702601603714864,0.06494708418781668,0.07552006668164868,0.119,0.11612694793578951,0.1131404110401931,0.11890334994043635,114.8,113.27593453350107,112.91593789859627,113.63543885460719,0.0071158928221041196,0.2368256058071761,-0.014739839628513607,-0.6337515456086341,-0.002873052064210485,-0.7465700639279955,1.524065466498925,0.5282482238414353,-0.15381194497200454
1629655,Daniel Gafford,DAL,28.0,0.677,0.6807800167014338,0.6666798651042322,0.6949544001744313,0.071,0.07574566144688145,0.06977365864095088,0.0824575937722375,0.145,0.142276280176492,0.13814707727835204,0.14622914941447307,113.0,113.50239444651035,112.96162931406766,114.02579519507749,0.003780016701433797,0.08731583566598297,0.004745661446881461,0.16203132148733607,-0.0027237198235079974,-0.683464853655764,-0.5023944465103511,-0.18578213901481158,-0.15497495887931415
1630811,Keaton Wallace,ATL,28.0,0.52,0.5453210181878888,0.5390071744943202,0.5517316088350226,0.264,0.21704357147874753,0.2097930261797614,0.2236554447159262,0.05,0.05019332702728851,0.046846314365759104,0.053305735605908316,110.8,111.59827169358691,111.23450671908735,111.97686006427988,0.02532101818788879,1.0527564168959085,-0.04695642852125248,-1.9494687744300712,0.00019332702728850487,0.5492284617831008,-0.7982716935869121,-0.2900355400985058,-0.15937985896239193
1630559,Austin Reaves,LAL,29.0,0.641,0.6273733068014746,0.6216595680419406,0.6328136939550074,0.237,0.2543172703633057,0.247479350549565,0.2608801639035633,0.071,0.06966655220851192,0.06668321351388289,0.07239148291512613,112.3,113.86925439763189,113.34212685675921,114.363933537673,-0.013626693198525386,-0.6928309989036349,0.017317270363305715,0.6754526057957008,-0.001333447791488071,-0.09596004890961407,-1.5692543976318944,-0.5616940399242605,-0.16875812048545216
1631094,Paolo Banchero,ORL,24.0,0.566,0.5634086439410487,0.557433022361591,0.5693045898975007,0.235,0.257574190343199,0.2497931682076387,0.26563914820422574,0.119,0.11492863206141105,0.11185396503461308,0.11788831892774199,114.1,114.47706155930214,113.99564756165205,114.95447612270995,-0.002591356058951222,-0.19824107425236498,0.02257419034319902,0.8901438697004328,-0.004071367938588949,-1.2529575316943333,-0.3770615593021489,-0.14162065012643796,-0.17566884659317586
1628976,Wendell Carter Jr.,ORL,28.0,0.617,0.6113968973577886,0.6031869776869987,0.6188355097832714,0.095,0.09594358996598157,0.09044914613641274,0.10188172567517804,0.124,0.12239671710865377,0.11832568206988416,0.12619155536957483,111.3,111.74975031711904,111.29035551300656,112.2289522261341,-0.005603102642211422,-0.3332237663843121,0.0009435899659815672,0.0067556972030375995,-0.0016032828913462305,-0.209987673723082,-0.44975031711904023,-0.1672327926545824,-0.1759221338897347
1642276,Kel'el Ware,MIA,23.0,0.616,0.5973714786185915,0.5930823817882497,0.6015308478602474,0.046,0.06906850510179993,0.06216359650488909,0.07550098543177042,0.18,0.17684612577342954,0.17123505133476793,0.1825391016645247,114.1,113.60513877189706,113.29494676822546,113.94004572661544,-0.01862852138140847,-0.9170066441785922,0.023068505101799933,0.9103315576806,-0.003153874226570458,-0.8652406304544484,0.4948612281029341,0.1656044473337711,-0.17657781740466738
1627739,Kris Dunn,LAC,33.0,0.581,0.5744860802172155,0.5677159895149874,0.5814919246776896,0.179,0.15362845466522965,0.14372656545417284,0.1631238611498383,0.063,0.0632589297624545,0.06016076445895374,0.06640500396707515,114.1,113.70937727624914,112.84528283365202,114.63505952584416,-0.006513919782784483,-0.3740454445287552,-0.025371545334770346,-1.0679476802786807,0.0002589297624544934,0.5769510378163034,0.3906227237508517,0.1288756393231637,-0.18404161191699223
201144,Mike Conley,MIN,39.0,0.517,0.5400445299904144,0.5262075959706969,0.5530795334605884,0.205,0.17884241997521122,0.1634367929326055,0.19523811942494845,0.045,0.0428238914420879,0.03572785755923814,0.05035348307179271,112.1,112.49333878439819,111.47749915304509,113.5794979045948,0.023044529990414397,0.9507270804272802,-0.026157580024788768,-1.1000491354498596,-0.0021761085579121014,-0.4520538475641895,-0.39333878439819614,-0.14735598832237798,-0.1871829727272867
1641796,Pelle Larsson,MIA,26.0,0.605,0.5919875832997895,0.5876845324372949,0.5967248545414283,0.163,0.14749430164905114,0.14273135335185363,0.15197100132974042,0.062,0.061748720671355714,0.05918801907820024,0.06432409564068776,113.3,112.66153807748724,112.31218937838725,113.06282721477297,-0.013012416700210472,-0.6652998992032824,-0.015505698350948866,-0.6650290194376015,-0.0002512793286442855,0.3613455408041888,0.6384619225127608,0.21620266310779723,-0.1881951786822245
1629013,Landry Shamet,NYK,30.0,0.598,0.5958503742278923,0.5906494987709446,0.6011818900651855,0.084,0.08810389194519802,0.08188787486715302,0.0953949188094866,0.038,0.03929856673023973,0.035514166204932654,0.043006436946681145,107.0,111.8983051531902,110.97065394518098,112.89865931014288,-0.002149625772107644,-0.1784432786324498,0.0041038919451980155,0.13582161961267952,0.0012985667302397308,1.016283556703363,-4.8983051531901936,-1.7346969222898265,-0.19025875615155846
203500,Steven Adams,HOU,33.0,0.535,0.5544233435904086,0.54877094931337,0.560008151704943,0.084,0.07683293879254041,0.07054782266907314,0.08219707242371155,0.177,0.1763620793629848,0.16916058876500686,0.1830041088233896,105.5,109.53008410187469,108.92087175964164,110.16625165266635,0.019423343590408537,0.7884300625768392,-0.0071670612074595935,-0.32448121684103404,-0.0006379206370151769,0.1979576417818622,-4.030084101874692,-1.428776144715875,-0.1917174142995519
1642907,Cedric Coward,MEM,23.0,0.585,0.5746145275458638,0.5717969653995976,0.5772779836962801,0.154,0.15815336132612406,0.15512369227041095,0.1615113013272129,0.106,0.10376208022329154,0.101979023884889,0.10559709925663643,113.5,113.16027794249528,112.91706099263442,113.38764853225427,-0.010385472454136124,-0.5475635636209573,0.0041533613261240665,0.13784193644386974,-0.0022379197767084524,-0.47817419465720445,0.33972205750471574,0.11094060840741185,-0.19423880335672003
1642843,Cooper Flagg,DAL,20.0,0.548,0.5433275932833808,0.5370116577952302,0.5491174827543348,0.212,0.22386080972232902,0.2168380792742989,0.2315973444429128,0.093,0.08976213995696938,0.08632479557351191,0.09310294709384727,114.7,114.80230468452724,114.32125932382883,115.3064715251232,-0.004672406716619282,-0.2915111461091129,0.01186080972232903,0.4526121524621339,-0.003237860043030616,-0.9007315772364117,-0.1023046845272404,-0.0448090873941441,-0.19610991456938373
1631124,Julian Strawther,DEN,25.0,0.59,0.5696073398286828,0.5585706254466384,0.5797594540949551,0.101,0.11402508397243818,0.10856943379939317,0.11991161362616976,0.065,0.0638163760438478,0.06054186205461282,0.06718355780202094,113.5,114.21183356213832,113.72201692165643,114.6966264753273,-0.020392660171317134,-0.9960731248977285,0.013025083972438178,0.500160814272417,-0.0011836239561522077,-0.0326470992867779,-0.7118335621383238,-0.2595787568349284,-0.19703454168675444
1628368,De'Aaron Fox,SAS,29.0,0.578,0.580896370769821,0.5763691229527335,0.5852353134315904,0.286,0.28074273737968336,0.273220042023753,0.2876522781277572,0.056,0.05613517500450724,0.05323845673760338,0.059111527287412584,108.9,112.1203808207427,111.65882011240825,112.59581902258621,0.0028963707698210772,0.04771193691716767,-0.005257262620316616,-0.24648553228706843,0.00013517500450723613,0.5246544273475053,-3.2203808207426903,-1.1434743117405437,-0.2043983699407348
203937,Kyle Anderson,MIN,33.0,0.573,0.5649766540161695,0.5569238689918431,0.5733166707379476,0.204,0.17635778272460187,0.16708556372257213,0.18521622163022078,0.084,0.0841485016004734,0.08068017705918798,0.08748285414460934,111.6,110.87149294663686,110.17932341171338,111.63140174386619,-0.008023345983830477,-0.44169602752406534,-0.027642217275398118,-1.16068134004732,0.00014850160047338856,0.5302860152531109,0.7285070533631313,0.2479303854485026,-0.20604024171744295
1630245,Ayo Dosunmu,MIN,27.0,0.63,0.6174689612006646,0.612837467298316,0.6228319673232675,0.202,0.19279336855492063,0.1869979193390117,0.1983670438596452,0.059,0.059012225258138894,0.055502051652784636,0.06221484026511861,113.2,113.87434374560085,113.28640310978457,114.38735309674504,-0.01253103879933537,-0.6437251474117126,-0.009206631445079383,-0.40777674232208855,1.22252581388968e-05,0.4726980007848766,-0.6743437456008508,-0.2463690865454656,-0.20629324387359751
202685,Jonas Valanciunas,DEN,35.0,0.63,0.6119992396878229,0.6047730041169997,0.6189614988398066,0.15,0.19466689517783325,0.1865292730842001,0.203228635965301,0.187,0.18070819904128957,0.17377959083003766,0.18743940313871155,116.6,115.26708940995675,114.54769937623034,115.97366021471805,-0.018000760312177122,-0.8888711829776204,0.04466689517783326,1.792404269737581,-0.006291800958710431,-2.191273945959709,1.332910590043241,0.4608941227703186,-0.20671168410735744
202699,Tobias Harris,DET,34.0,0.574,0.5768387921293402,0.5717838828451732,0.581796253852838,0.12,0.1346656859876227,0.12785643062955937,0.14152112303452793,0.088,0.08605503792123129,0.08322130864588931,0.08882929378857247,108.6,111.6933943598505,111.24055741433872,112.15348446427494,0.0028387921293402396,0.045131334702957576,0.014665685987622717,0.5671625798598339,-0.0019449620787687083,-0.35437536164974875,-3.0933943598505067,-1.098730180279276,-0.2102029068415583
201566,Russell Westbrook,SAC,38.0,0.528,0.5219364636402049,0.510246444514791,0.5337004597358747,0.33,0.3304355662449426,0.3169216092925681,0.34315512631566536,0.093,0.08686635972439885,0.08100688496168532,0.09275667033789495,122.1,117.39041146433507,116.37269518352375,118.34408036067566,-0.006063536359795174,-0.3538598262351705,0.0004355662449425646,-0.013991861287602044,-0.006133640275601149,-2.12443798932061,4.7095885356649205,1.6506786150677972,-0.21040276544389624
1631114,Jalen Williams,OKC,26.0,0.56,0.5805034565291305,0.5740390825365884,0.587070399737493,0.274,0.27139754299101604,0.26488138231104413,0.27781029286715075,0.079,0.07802005517139944,0.07499849697538293,0.08133656768078573,106.4,110.90810735674481,110.26843143856149,111.54732799657887,0.020503456529130437,0.8368393653666533,-0.0026024570089839827,-0.1380639519133177,-0.0009799448286005596,0.05342416109040135,-4.508107356744802,-1.5972093399335225,-0.2112524413474464
1630631,Jose Alvarado,NYK,29.0,0.543,0.5559218984839258,0.5501395964142225,0.5623343887210427,0.244,0.208976512937704,0.19988408807102623,0.21857284004612337,0.06,0.05941715165979039,0.0561251602124483,0.06227683534104594,110.7,110.98264901634612,110.10776904864727,111.80095579490592,0.012921898483925776,0.4970434737785418,-0.035023487062295994,-1.462130505306077,-0.0005828483402096074,0.22123023753038573,-0.28264901634611306,-0.10835405458595627,-0.2130527121457764
1628963,Marvin Bagley III,DAL,28.0,0.661,0.6226393891431689,0.616528507252808,0.6279514417987676,0.107,0.11692832856459652,0.11291231680186699,0.12114065474163303,0.143,0.13904324952867772,0.1356411862898189,0.1424669766999448,119.0,113.93503961714545,113.46992866935418,114.4212264327375,-0.03836061085683118,-1.8013740652574943,0.009928328564596522,0.3736901175419652,-0.003956750471322268,-1.2045221815066627,5.064960382854551,1.7758951502524953,-0.2140777447424242
1631133,Jabari Walker,PHI,24.0,0.568,0.5734499711629698,0.566647806547527,0.579887226957122,0.061,0.05946005369089976,0.05240525330795451,0.06697805222825576,0.12,0.11760938128820571,0.11315606362960057,0.12181168107816347,112.8,113.92797112569696,113.20334151391235,114.69980712314275,0.005449971162969858,0.16216109330113337,-0.0015399463091002388,-0.09467128739819751,-0.0023906187117942873,-0.5427021114795021,-1.1279711256969591,-0.40620630845752337,-0.2203546535085224
1628379,Luke Kennard,LAL,31.0,0.689,0.6610456356852349,0.6530977278193728,0.6686844521587644,0.139,0.125473873314861,0.11862483273281771,0.13197882359690752,0.053,0.054090227178902925,0.05071400037591513,0.05732810005970221,113.7,113.3717438110275,112.86102831317213,113.91511524939965,-0.027954364314765057,-1.3349791895915908,-0.013526126685139,-0.5841838202433498,0.0010902271789029264,0.9282428822094698,0.3282561889725031,0.10690056882115612,-0.22100488970107868
1630570,Trendon Watford,PHI,26.0,0.573,0.5858261885457228,0.5801507543969999,0.5920176881815012,0.229,0.19665950664876405,0.1900431509768454,0.20341935385009846,0.094,0.09154510388888001,0.08852699580774732,0.0947257221594926,115.6,114.04894201495735,113.58237185412402,114.53639382559498,0.012826188545722816,0.49275387478165916,-0.032340493351235955,-1.3525577301679592,-0.0024548961111199863,-0.569864623614317,1.5510579850426467,0.5377591338211726,-0.22297733629486113
202331,Paul George,PHI,37.0,0.57,0.5673649891502323,0.5574494471804938,0.5773937821663059,0.175,0.20185293438359073,0.19117644659708832,0.2122051365313909,0.081,0.0773831446232454,0.07285149718297818,0.08227499649143437,111.4,113.3703229987401,112.65948649523136,114.07774512845705,-0.002635010849767694,-0.200197627045225,0.026852934383590737,1.0648866790774139,-0.003616855376754602,-1.0608884202218145,-1.9703229987400874,-0.7030119889945017,-0.22480283929603184
1642885,Mohamed Diawara,NYK,22.0,0.55,0.5544955275952324,0.5511414417463869,0.5580284817857045,0.114,0.11155904335073581,0.10736524954316205,0.11558595213203378,0.075,0.0752685149749737,0.07318419312655708,0.0771451249972384,106.7,110.97484745190691,110.56677825753808,111.39371244872873,0.004495527595232307,0.11938413358702171,-0.002440956649264192,-0.1314683186371927,0.0002685149749736965,0.5810015820837896,-4.274847451906908,-1.5150193822531446,-0.23652549630488148
1630200,Tre Jones,CHI,27.0,0.637,0.6225646082080796,0.6176631795500541,0.6272100463853828,0.284,0.25418898228060005,0.2446505445219046,0.2649640788257211,0.054,0.054383840410698325,0.05172581166697334,0.05706741423703564,114.8,113.67961433757472,113.34789510878902,114.0557832807356,-0.014435391791920438,-0.7290758522609905,-0.029811017719399924,-1.2492545940174786,0.0003838404106983259,0.6297361074408329,1.120385662425278,0.3860102081126112,-0.2406460326812562
201572,Brook Lopez,LAC,39.0,0.552,0.5587645783803398,0.5468818292576112,0.5711572474228394,0.087,0.10967189081606807,0.09439487300007424,0.12546242029894167,0.085,0.07989751653631995,0.07311561850355103,0.08645407259335205,112.7,113.84353826584527,112.78966540545872,114.7627892166826,0.006764578380339725,0.22108013459197953,0.022671890816068074,0.89413393195829,-0.0051024834636800576,-1.6886890369589758,-1.1435382658452653,-0.4116914456948166,-0.24629160402588068
1630192,Zeke Nnaji,DEN,26.0,0.558,0.5659848406622662,0.5593696078755475,0.5734133046294091,0.069,0.06488468253928932,0.058052060595344276,0.0715942572530246,0.103,0.0992608001814861,0.0956911950524422,0.10343865187524098,113.7,113.54864643756326,112.99324900463331,114.15016215924504,0.007984840662266124,0.27577075459201816,-0.004115317460710685,-0.1998487848069091,-0.003739199818513894,-1.1125890555738314,0.15135356243673925,0.04456829873544809,-0.24802469676331856
1641706,Brandon Miller,CHA,24.0,0.574,0.567450634925764,0.5615630563111393,0.5734726090441,0.173,0.20365477675324697,0.19626310260744392,0.21115658773309964,0.078,0.07549198155554299,0.07234972813493787,0.07868166762820024,111.3,114.91720439190465,114.15950181347098,115.75925567798214,-0.00654936507423598,-0.3756340578902238,0.030654776753246987,1.2201529465172747,-0.0025080184444570136,-0.5923131986816623,-3.61720439190465,-1.2832965094004631,-0.25777270486376863
201935,James Harden,CLE,37.0,0.61,0.5907807460569462,0.5817828909475599,0.6002953420569166,0.347,0.3577942413251931,0.34439872390695414,0.37133016311910416,0.07,0.06685429754751956,0.06178448322603477,0.07197145430797935,117.0,115.993674322652,115.07149115250573,116.91150888435641,-0.019219253943053793,-0.9434825342631327,0.010794241325193132,0.40905377263178355,-0.0031457024524804422,-0.861787380708635,1.006325677348002,0.34582076641220066,-0.2625988439819459
1630578,Alperen Sengun,HOU,24.0,0.569,0.5716850835262446,0.5661182920631351,0.5773983363586146,0.282,0.28203204916906977,0.27427481881268473,0.29001136624294366,0.133,0.1299809962733886,0.12578138438729733,0.13403902837106763,113.7,114.43004292579238,113.79749538976931,114.9869844106686,0.002685083526244636,0.03824230852625119,3.204916906979216e-05,-0.030471395189129207,-0.0030190037266114023,-0.8082467005475531,-0.7300429257923753,-0.2659948909285833,-0.26661766953475363
1642868,Carter Bryant,SAS,21.0,0.526,0.5388467883245242,0.533899294305352,0.5436469776798073,0.08,0.08226769059166293,0.07637875566877299,0.08816101503902657,0.1,0.09784771021592982,0.09546385118122551,0.10053204025309348,108.4,111.73508044407113,111.33280417119221,112.16082076904377,0.012846788324524128,0.4936771309464968,0.0022676905916629297,0.06083162720613191,-0.0021522897840701855,-0.441988447589944,-3.3350804440711244,-1.1838891322553287,-0.267842205423161
1630541,Moses Moody,GSW,25.0,0.6,0.5944143074876854,0.5899291784937631,0.5985243130269097,0.093,0.09837919355995643,0.09178404648529026,0.10515228438435581,0.061,0.059972116008348265,0.05717580654073282,0.0628542412409711,108.9,111.61838281590224,111.18630166155174,112.07243298659803,-0.005585692512314555,-0.33244346626978455,0.005379193559956433,0.18790461052360213,-0.0010278839916517332,0.03316590372824081,-2.718382815902231,-0.9665935280407261,-0.2694916200146669
1630611,Gui Santos,GSW,25.0,0.609,0.595196236099009,0.5919013554370042,0.5986768118820616,0.168,0.1579411766715822,0.15440624053305171,0.16187256735536262,0.094,0.09413810988362033,0.0921419557295016,0.09620956402455079,110.7,112.06851827817593,111.64751202737983,112.51847978413541,-0.013803763900991028,-0.7007670849771962,-0.010058823328417815,-0.44258004030323744,0.00013810988362032706,0.5258946562671541,-1.3685182781759266,-0.4909639537807585,-0.2771041056985095
1631093,Jaden Ivey,CHI,25.0,0.571,0.570461673211063,0.564610385974689,0.5761454815909559,0.145,0.1523328699946056,0.1463478788497164,0.15854552886504245,0.065,0.06482363746834699,0.061832010369609815,0.0678561117543516,108.2,112.95277242773248,112.25127261777324,113.67296062884078,-0.0005383267889369492,-0.10622688573049138,0.007332869994605612,0.26769225511777306,-0.00017636253165301263,0.3930040775328726,-4.752772427732481,-1.6834179484996583,-0.282237125394876
1630163,LaMelo Ball,CHA,25.0,0.546,0.5553938388063607,0.549351501429164,0.5623869675662618,0.384,0.3867925281335656,0.3710824312480439,0.401111937979437,0.084,0.080883407245143,0.07740009244679211,0.08417443513160879,114.1,116.10361691996924,115.18045948024282,117.00783146613614,0.009393838806360688,0.33892027844502487,0.0027925281335656194,0.08226585782914173,-0.0031165927548570116,-0.8494861282741561,-2.0036169199692466,-0.7147432206381917,-0.28576080315954533
1642263,Reed Sheppard,HOU,23.0,0.564,0.5544009454309641,0.5450709235327372,0.5636656482056446,0.183,0.18088860826752182,0.17663958495376508,0.18495435196153306,0.053,0.051907950315533566,0.04888390193904894,0.05480343461992717,111.6,113.0519046347914,112.75746207218019,113.35002136316483,-0.00959905456903587,-0.5123173035731963,-0.0021113917324781795,-0.1180089719486241,-0.0010920496844664326,0.00605059682407293,-1.4519046347914042,-0.5203454333201158,-0.28615527800446583
1642346,Ryan Dunn,PHX,24.0,0.532,0.5481877161784842,0.5423907702126396,0.5537592314537249,0.105,0.09179879159487339,0.08471884034609752,0.09836827114110773,0.105,0.10330211714747174,0.1010545040906454,0.10556247038643045,108.7,111.47250808914553,111.02781084069493,111.90241192593899,0.016187716178484135,0.6434133134170553,-0.013201208405126605,-0.5709142410090415,-0.001697882852528254,-0.24996397364367307,-2.772508089145532,-0.9856647607088409,-0.29078241548612505
1641854,Craig Porter Jr.,CLE,27.0,0.524,0.5604643354837385,0.5534301845725733,0.5680808575403292,0.225,0.1784214262708878,0.16773479440756311,0.18813001868588577,0.092,0.08957199543268907,0.08622195096752684,0.09308964174046484,111.6,112.47667062178643,112.02066548780556,112.91067820443527,0.03646433548373851,1.5521858762782594,-0.0465785737291122,-1.934037281615394,-0.002428004567310932,-0.5585007244413567,-0.8766706217864311,-0.317659681484414,-0.31450295281572627
1630591,Jalen Suggs,ORL,26.0,0.561,0.5743851003266616,0.5680073319629138,0.5808450181720567,0.284,0.2586647361318771,0.2512099167359979,0.2659185970331213,0.068,0.0678755903026351,0.06469055624400195,0.0709276036791638,108.4,111.6316837087363,110.96038511559547,112.2387253298787,0.013385100326661514,0.5178035975155352,-0.025335263868122848,-1.0664659544847441,-0.0001244096973649078,0.4149584426221968,-3.2316837087362984,-1.1474569245539474,-0.3202902097252399
1642285,Cam Spencer,MEM,27.0,0.649,0.6161697269695245,0.6111791233568354,0.6212370909037911,0.332,0.26361193151506135,0.2539340275314427,0.27465908608192374,0.051,0.054644693120325216,0.05196782875676292,0.05725660329229483,116.0,112.97372250126543,112.64668157773944,113.309854420637,-0.032830273030475476,-1.5535112827943858,-0.06838806848493867,-2.8247314546598625,0.0036446931203252195,2.007715805192419,3.026277498734572,1.057557980021808,-0.32824223806000524
1641711,Gradey Dick,TOR,23.0,0.538,0.5480946847814597,0.5422863538682636,0.553837276545456,0.066,0.07991302182398125,0.0727510363688936,0.0866271282362096,0.066,0.064956036725986,0.06118665350039247,0.06841150638731865,106.7,113.05786089464736,112.20234506521649,113.97524693192489,0.010094684781459695,0.3703313131630579,0.013913021823981242,0.5364239684284181,-0.001043963274014001,0.02637107837958063,-6.357860894647359,-2.2489765825935772,-0.32896255565563015
1629028,Deandre Ayton,LAL,28.0,0.676,0.6394482124169267,0.6327818813093796,0.6459681976194293,0.044,0.06370820452190627,0.056817775595327205,0.0698170969483002,0.154,0.151033404855744,0.14600311558927173,0.1564583253275615,115.5,114.34028707356221,113.75612246992196,114.86549614618264,-0.036551787583073314,-1.7203048821994507,0.019708204521906275,0.7730977437065445,-0.0029665951442559846,-0.7860997442436081,1.1597129264377912,0.3998673095596852,-0.3333598932942073
1627780,Gary Payton II,GSW,34.0,0.632,0.6219702153215237,0.6161508451391183,0.6281953652827976,0.164,0.1599930443061226,0.15290576075646753,0.1679561728943925,0.113,0.10971847129834901,0.10646099511251368,0.11286482005783793,113.5,112.60942853497862,112.1206912921895,113.09114780902783,-0.010029784678476261,-0.5316220850836031,-0.0040069556938774065,-0.1954233180375141,-0.003281528701650993,-0.9191851936261596,0.890571465021381,0.3050343577104471,-0.33529905975920743
202696,Nikola Vučević,BOS,36.0,0.574,0.5679689543058898,0.5590920494583993,0.5766403044340089,0.175,0.19216654239052902,0.18402382253125027,0.200681567524576,0.141,0.13603209209420708,0.1306357120082631,0.1412932641462201,114.8,114.87415811245505,114.10464818482347,115.5725802487657,-0.006031045694110171,-0.3524036354827024,0.017166542390529033,0.6692969140398828,-0.0049679079057929065,-1.631819744447047,-0.0741581124550521,-0.03489154254618336,-0.3374545021090125
203507,Giannis Antetokounmpo,MIL,32.0,0.658,0.638525069556446,0.6288157129440424,0.6481010267070751,0.344,0.38561287937407474,0.3751469610027951,0.3973447217747351,0.168,0.16205516722729174,0.15650402864389928,0.16801098649754967,114.9,114.92612236098256,114.29888718817516,115.55390651043858,-0.019474930443554084,-0.9549416332936511,0.04161287937407476,1.6676790474778262,-0.0059448327727082695,-2.0446512191296526,-0.026122360982554937,-0.017965974547630683,-0.33746994487327703
201587,Nicolas Batum,LAC,38.0,0.603,0.5919372048108722,0.5811639862496022,0.6028548618776512,0.069,0.059811720156552,0.04709947335947918,0.07286328362927637,0.071,0.06854112969110725,0.06211091585227077,0.07434027877161073,113.8,113.24020295298644,112.1677483050449,114.29695836419083,-0.011062795189127783,-0.5779203163170551,-0.009188279843448006,-0.4070272676175114,-0.0024588703088927466,-0.5715440505413737,0.5597970470135607,0.18848481424429583,-0.34200170505791105
1630198,Isaiah Joe,OKC,27.0,0.657,0.6393647541477624,0.6331725291256851,0.6455056286270301,0.089,0.10100401696605993,0.09558749847021074,0.10701304081002046,0.057,0.05726915165177225,0.05442740946055545,0.06006555752204736,105.2,109.59315550131696,108.81133878172739,110.29666340356138,-0.017635245852237635,-0.8724892848159304,0.012004016966059933,0.45846069957232305,0.0002691516517722495,0.5812706306365947,-4.393155501316954,-1.5567056445407734,-0.34736589978694654
1629750,Javonte Green,DET,33.0,0.607,0.5908319497703121,0.585269734542207,0.5967278202754259,0.052,0.0678481504536711,0.06032710175609314,0.07517723960209968,0.077,0.07680240824659333,0.0744188478524874,0.07918052007893603,105.4,109.9093195194284,109.21953380183348,110.52792721529815,-0.016168050229687925,-0.8067314232093988,0.0158481504536711,0.6154541254244125,-0.00019759175340666735,0.3840329772776422,-4.509319519428388,-1.5976364497693727,-0.35122019256917925
1631169,Josh Minott,BKN,24.0,0.653,0.6134655829166525,0.6081247481124828,0.6186560533006665,0.083,0.08825929175713776,0.08386728644997166,0.09256507185168103,0.091,0.09080109671296416,0.08935119617108622,0.0922468651004789,111.7,112.04999153107757,111.83766397616358,112.26007977114331,-0.039534417083347484,-1.8539825833104637,0.0052592917571377545,0.1830078516438673,-0.00019890328703583982,0.3834787459538591,-0.3499915310775634,-0.13208242933477843,-0.3548946037618789
1642268,Isaiah Collier,UTA,22.0,0.567,0.5562215845811518,0.5484078544713735,0.5632530621018063,0.404,0.3295843051352974,0.31647678117206923,0.34407955124861883,0.048,0.04745108730843248,0.04446453208136968,0.05035620728214827,122.6,116.95428427602683,116.2373433703315,117.64399068769646,-0.010778415418848164,-0.5651747728528189,-0.07441569486470262,-3.0708981702968945,-0.0005489126915675241,0.2355708530144174,5.645715723973169,1.9805263617003637,-0.3549939321087331
1642854,Asa Newell,ATL,21.0,0.624,0.5893247967496288,0.5840850820448749,0.594432628886109,0.072,0.07774904963507503,0.07177525155662434,0.08400051226749303,0.091,0.08956261371040097,0.08719034957754943,0.09203637343368579,114.0,113.54703064068129,113.1999590539953,113.90857685818781,-0.03467520325037121,-1.6361987337443704,0.00574904963507504,0.20300943778628933,-0.0014373862895990241,-0.13988265227923172,0.45296935931871474,0.1508436982675321,-0.35555706249244523
1631200,Kris Murray,POR,26.0,0.55,0.5430711465241945,0.5306971058321673,0.554009498390887,0.082,0.058100363598168,0.05096454725467305,0.06494033132412638,0.073,0.07365844665660555,0.0704335528616286,0.07664027778675958,109.1,111.34880214429226,110.79794729237733,111.890807324098,-0.006928853475805519,-0.3926422505321345,-0.023899636401832,-1.0078352969108797,0.0006584466566055547,0.7457799356759442,-2.24880214429227,-0.801135107083348,-0.36395817971260447
1631159,Leonard Miller,CHI,23.0,0.633,0.600186806505077,0.5956111621360829,0.604390892087082,0.077,0.09022885328074481,0.08556476400298124,0.09498974002550593,0.118,0.11510155985441461,0.11275353636613016,0.11719647559111451,114.1,113.1415605498234,112.90206290743417,113.38618094395922,-0.032813193494922954,-1.5527457995023795,0.013228853280744815,0.5084827005694637,-0.002898440145585379,-0.7572986259989491,0.9584394501765985,0.32894788383332013,-0.3681534602746362
1629640,Keldon Johnson,SAS,27.0,0.613,0.6001724233509109,0.5956467102229132,0.6048980367521439,0.085,0.11301968232230732,0.10785943503255298,0.11880812276149443,0.106,0.10390121065998267,0.10148307558785266,0.1060924674739245,108.2,112.46824894590792,111.82357956363118,113.06186267640511,-0.012827576649089067,-0.6570156006992676,0.02801968232230731,1.1125363656960763,-0.0020987893400173235,-0.41938008950376304,-4.268248945907914,-1.5126943751792201,-0.3691384249215436
1630558,Davion Mitchell,MIA,28.0,0.582,0.58485665958771,0.5799185894815414,0.5900795296451414,0.285,0.2224165959338536,0.2137836194462887,0.2310537805853061,0.044,0.04515382679948513,0.04134030421096838,0.048876996872977765,113.0,112.66538513109707,112.27229855110235,113.06288112405582,0.0028566595877100864,0.04593213170418025,-0.06258340406614638,-2.587670448332991,0.0011538267994851345,0.9551189768236956,0.334614868902932,0.10914107232624082,-0.36936956686971856
1631248,Baylor Scheierman,BOS,26.0,0.616,0.5993151256264017,0.5952036388482245,0.6033897143970772,0.108,0.08514751192630743,0.08056706520101256,0.0897432308430734,0.089,0.08991139222999252,0.08783870337614633,0.09191370149191412,109.0,110.52119248130039,110.1966002445767,110.86470231507329,-0.016684874373598335,-0.8298948310112262,-0.02285248807369257,-0.9650700277183012,0.000911392229992522,0.852670340058317,-1.521192481300389,-0.5447592526445112,-0.37176344282893037
203994,Jusuf Nurkić,UTA,32.0,0.548,0.562520729982879,0.5576153453434315,0.5670582092410964,0.261,0.23520685565897795,0.2285367668509371,0.24274189974297697,0.182,0.17599109618271275,0.16921843744989729,0.1833935760160973,117.4,114.29131250885467,113.84089574538628,114.762883475549,0.01452072998287901,0.568701089725912,-0.025793144341022062,-1.0851656755799897,-0.006008903817287248,-2.0717265293339184,3.108687491145332,1.0865954341585908,-0.37539892025735133
201939,Stephen Curry,GSW,39.0,0.637,0.5997315840045094,0.5876169413396576,0.6127631011855809,0.245,0.2976873331463563,0.28327297333232987,0.31318554783025265,0.057,0.05237007047682846,0.04529538832710232,0.05946515232759648,114.8,115.94483464801459,114.8553085277667,117.02077406863197,-0.03726841599549058,-1.7524232658987902,0.05268733314635632,2.1199568996268923,-0.004629929523171539,-1.4889959523278222,-1.1448346480145943,-0.41214823056621913,-0.3834026372914848
1630695,Micah Potter,IND,29.0,0.679,0.633738522121978,0.6266705426402508,0.6409926613436878,0.111,0.1188369073720975,0.11205722432525295,0.1256725109190622,0.125,0.12313919171090311,0.12087230445198156,0.1254972401930706,114.8,113.06553852873304,112.63728637324068,113.43084090069867,-0.04526147787802204,-2.1106622416739085,0.007836907372097496,0.28827701236019837,-0.0018608082890968908,-0.3188134323070738,1.734461471266954,0.6023820049557783,-0.3847041641662514
201567,Kevin Love,UTA,38.0,0.568,0.5550327735510325,0.5457096622314491,0.5648624568936823,0.145,0.14635099264484538,0.13512641420517038,0.1579901675727921,0.167,0.15796885190364054,0.15121679666303897,0.16544040538648747,122.5,115.71221946258572,114.68646635781172,116.68083427295375,-0.012967226448967417,-0.6632745290061977,0.0013509926448453946,0.023393918134303138,-0.009031148096359465,-3.348874450156109,6.787780537414278,2.3829369635147084,-0.40145452437832385
1629684,Grant Williams,CHA,28.0,0.609,0.5971003343313216,0.593010421959648,0.6006467474914444,0.106,0.09290335095359703,0.08841495923387939,0.09724699805868095,0.094,0.09454382609892192,0.09264954460717116,0.09661192326388812,106.3,109.52940591323164,109.12399357453008,109.94848479008152,-0.011899665668678394,-0.6154277981627598,-0.013096649046402967,-0.5666440636117622,0.0005438260989219235,0.6973432795317664,-3.229405913231645,-1.14665433520083,-0.4078457293608964
1630568,Luka Garza,BOS,28.0,0.682,0.6337858110972864,0.6267192607582535,0.6404992023012666,0.085,0.09599320414952485,0.09098186691723391,0.10048187607128654,0.12,0.11804698348144134,0.1155933321637229,0.12039969883242692,113.6,112.11912333982949,111.86373119467254,112.38635965648932,-0.04821418890271367,-2.242999034356217,0.010993204149524843,0.4171793633558595,-0.0019530165185586562,-0.35777902795903777,1.4808766601705088,0.5130304942154824,-0.4176420511859782
1631207,Dalen Terry,PHI,24.0,0.523,0.538171139915555,0.5299411425865295,0.5464155737122893,0.167,0.13740772308195265,0.13092673071081992,0.14333048034949816,0.069,0.06735523704603429,0.0642102299581579,0.07067812057871542,109.7,111.97329979561738,111.53341894442782,112.39788666290508,0.015171139915554965,0.5978516444870375,-0.02959227691804736,-1.2403212757836963,-0.00164476295396572,-0.22751642746972425,-2.273299795617376,-0.8097669417189594,-0.41993825012133557
1641717,Cason Wallace,OKC,23.0,0.538,0.5629500735039963,0.5566162897543665,0.5700717698080818,0.127,0.10587193385663195,0.0986546647357395,0.11266372759381144,0.056,0.05584652431653044,0.05219765404007531,0.05926377274112671,103.8,110.10238672600234,109.38231898162215,110.76616125420831,0.02495007350399625,1.0361311429295819,-0.021128066143368054,-0.8946450782911801,-0.00015347568346955887,0.4026756619160662,-6.302386726002339,-2.229430061829724,-0.42131708381881394
1641775,Jordan Walsh,BOS,23.0,0.623,0.5966753150220205,0.5919208222348957,0.6012326820478051,0.059,0.047728236347492944,0.041964741989347576,0.05360643997940629,0.108,0.10655931479544097,0.10417572982914099,0.10906893390818892,112.8,112.301307953988,111.98999220999507,112.612936736447,-0.026324684977979462,-1.261939012368911,-0.011271763652507052,-0.49211621209503614,-0.0014406852045590335,-0.1412767164226631,0.4986920460119961,0.16695424965854636,-0.432094422807016
1642278,Tyler Kolek,NYK,26.0,0.533,0.5550328364539371,0.5514187563263948,0.558890993300777,0.328,0.2633806329795889,0.25358485198470715,0.2735764711727755,0.064,0.06637614245509312,0.06438701286025977,0.06841295138852553,105.7,109.8433454025042,109.44950019543421,110.26161738205887,0.022032836453937055,0.905384249152819,-0.0646193670204111,-2.670818653286869,0.0023761424550931137,1.4716483351412737,-4.143345402504195,-1.4686841671084623,-0.4406175590253097
1630579,Jericho Sims,MIL,28.0,0.772,0.7175672157353294,0.7030385853821031,0.7315990180834605,0.109,0.07277135207997855,0.06442819141412201,0.08118396932664992,0.143,0.14224904937670174,0.13798968139398768,0.14661829275281107,120.3,114.26813553386545,113.53801339159592,114.99245928444935,-0.054432784264670575,-2.5217086535193056,-0.03622864792002145,-1.5113489656865295,-0.0007509506232982466,0.15019313347537339,6.03186446613455,2.11658724536844,-0.4415693100905056
201142,Kevin Durant,HOU,38.0,0.641,0.612109966184813,0.6007085051346224,0.6221802893145126,0.203,0.24308399591174043,0.23059260217272096,0.25530137628387184,0.073,0.06883756262342908,0.06293058944256953,0.0743769713539459,112.4,114.46303771401601,113.56357879553647,115.44187337616195,-0.028890033815187066,-1.3769147192323345,0.04008399591174042,1.6052398389399276,-0.004162437376570918,-1.2914418938534447,-2.063037714016005,-0.7356803489090429,-0.4496992807637236
1631255,Karlo Matković,NOP,26.0,0.696,0.6501364061179266,0.6420086560770779,0.6572191827290053,0.079,0.07174573564921749,0.06620114240374743,0.07708169572833526,0.115,0.11579184488713455,0.11230334712790044,0.11909304039101622,111.6,111.97385823826917,111.62492644984292,112.31039946317068,-0.045863593882073395,-2.1376483233231163,-0.0072542643507825105,-0.3280425708521412,0.0007918448871345463,0.8021517101023853,-0.37385823826917886,-0.14049194855931932,-0.45100778315804785
1630703,Scoot Henderson,POR,23.0,0.553,0.5434215309395775,0.5339342025047895,0.5532569205178379,0.231,0.24386529578544588,0.23355855496914313,0.25349770456566567,0.05,0.049100381345996195,0.04560217628915303,0.052553166393954256,109.0,114.31264595578197,113.46534254661566,115.18688910701496,-0.00957846906042259,-0.5113946869802298,0.012865295785445874,0.4936351056914164,-0.0008996186540038073,0.08736860680719022,-5.312645955781974,-1.8806913787907795,-0.4527705883181007
1641708,Amen Thompson,HOU,24.0,0.594,0.5909393175712996,0.5860882055565461,0.5953459937785932,0.202,0.18976979093500623,0.18403904124678877,0.19504569733004323,0.101,0.09885542024806772,0.09489209543093814,0.10260028630067564,110.4,112.25786462757978,111.74631278476618,112.74995603208221,-0.0030606824287003898,-0.21927569158350818,-0.01223020906499378,-0.5312588769591576,-0.002144579751932288,-0.4387303219703263,-1.8578646275797723,-0.6633868816581422,-0.4631629430427836
1630228,Jonathan Kuminga,ATL,24.0,0.557,0.5676022415681578,0.5612955588727216,0.5741310991857675,0.148,0.16468523716275565,0.159218163538913,0.17063646832283688,0.118,0.11351346486316945,0.1105823850131833,0.11657605048332488,108.0,112.22932689475279,111.71727825496698,112.71391175894917,0.0106022415681577,0.3930793696758917,0.01668523716275566,0.6496405319625742,-0.004486535136830547,-1.4283999761385011,-4.229326894752788,-1.4989800519246665,-0.47116503160617546
1642266,Ja'Kobe Walter,TOR,22.0,0.61,0.5833921450142203,0.5761564359142898,0.5902457673844665,0.079,0.07271327031569515,0.06696843155105875,0.0783475619273539,0.062,0.06164217997894335,0.05880808143411927,0.0645390351259502,110.7,112.51563475700067,112.12209201276492,112.89838580934212,-0.026607854985779666,-1.2746303358010835,-0.006286729684304854,-0.28852870318586044,-0.00035782002105665123,0.31632329533593684,-1.815634757000666,-0.6485070364564702,-0.4738356950268694
203083,Andre Drummond,PHI,33.0,0.539,0.5580924558070963,0.5523934318350484,0.564408170269412,0.09,0.08735103175973151,0.07792734559246346,0.09609675227947953,0.202,0.19462731683747564,0.18390301588630742,0.20494713178238746,113.6,113.26982643517465,112.65922712851562,113.92750771606657,0.019092455807096287,0.7736000884902707,-0.002648968240268487,-0.13996345867172916,-0.007372683162524374,-2.64803598495626,0.3301735648253441,0.10757616302716379,-0.4767057980276386
1631109,Mark Williams,PHX,25.0,0.68,0.6608434005242901,0.651351037218124,0.6705878677538601,0.064,0.07448991065720838,0.06465435047398813,0.08444147100909306,0.162,0.15850275866626212,0.15293095359307346,0.1639853298352532,113.3,114.27931218373217,113.55173197301694,114.93032532383698,-0.019156599475709912,-0.9406744398759166,0.010489910657208376,0.3966249861932377,-0.0034972413337378827,-1.0103416039377136,-0.9793121837321763,-0.35382580115436524,-0.47705421469368936
1642270,Donovan Clingan,POR,23.0,0.604,0.5882809510975292,0.5844680369617985,0.5921837506340267,0.112,0.1090802552147173,0.10331059768303916,0.11473781490775865,0.199,0.19525071354812407,0.18871051832259483,0.20175533346043714,113.8,113.40922445799774,113.0503363323671,113.7906266593432,-0.015719048902470778,-0.7866077487092088,-0.002919744785282702,-0.1510219033327107,-0.003749286451875944,-1.1168514915773142,0.3907755420022596,0.12892948537795282,-0.48138791456032026
1627936,Alex Caruso,OKC,33.0,0.54,0.5686389124501385,0.5624533558815491,0.5754945000879955,0.145,0.13891985339849902,0.13345028265908288,0.14464290493346374,0.073,0.07233854502675015,0.06917196643163452,0.07513262215851443,99.3,107.92824297359188,106.96552432986708,108.83004404902722,0.0286389124501385,1.2014602627695552,-0.006080146601500969,-0.2800919030599049,-0.0006614549732498476,0.18801244019833335,-8.628242973591881,-3.0489537887766125,-0.4848932472171572
204456,T.J. McConnell,IND,35.0,0.567,0.5684143330804946,0.5618383469143065,0.575113679311802,0.469,0.41830235503210794,0.4020274837551597,0.43647950286366044,0.063,0.06109942404012359,0.057631801274039184,0.06452744395408791,116.7,115.28855325838363,114.6472458594354,115.92402254029122,0.0014143330804946563,-0.018711127446281565,-0.05069764496789203,-2.102259094720721,-0.001900575959876409,-0.3356185590149635,1.4114467416163734,0.48856661530032025,-0.4920055414704115
1642851,Kon Knueppel,CHA,21.0,0.633,0.5924798334727907,0.5868966834374497,0.5981655355514565,0.158,0.16400654210669563,0.15913852866104333,0.16895831897669222,0.082,0.08071969538078147,0.07825486657291238,0.08311891408014796,113.0,113.60777594753735,113.26500428203474,113.96233790869708,-0.040520166527209356,-1.8981626329997736,0.006006542106695628,0.21352536429641653,-0.0012803046192185336,-0.07350266767146649,-0.6077759475373483,-0.2229136859719402,-0.49526340558669096
1628436,Luke Kornet,SAS,31.0,0.689,0.6846301075301392,0.6709166657269481,0.7001134634791388,0.114,0.08413152598257102,0.07690887227089241,0.09160326493167419,0.132,0.13024113713146487,0.12665786142061075,0.13421557212578022,110.5,110.99706400082013,110.43155585720429,111.58883469109587,-0.004369892469860748,-0.2779528382279988,-0.02986847401742898,-1.2516010944950064,-0.0017588628685351326,-0.2757330688800108,-0.49706400082013147,-0.18390393750392106,-0.4972977347767343
1642347,Jamal Shead,TOR,24.0,0.491,0.5247192881662711,0.5169639970234505,0.53120681551517,0.306,0.2368499259747211,0.22550593530310403,0.2483558543382448,0.038,0.03791684444555581,0.03419856543627213,0.041862676692282,108.3,111.39585791586447,111.0215227074224,111.75970875144763,0.03371928816627112,1.4291563096471167,-0.0691500740252789,-2.8558515655201715,-8.315555444418643e-05,0.4323917266294959,-3.095857915864471,-1.0995982230090013,-0.5234754380631401
1630577,Julian Champagnie,SAS,26.0,0.609,0.5998773923998136,0.595306144667102,0.6048648801411893,0.071,0.07214506164701705,0.066394324029973,0.07833817925101008,0.099,0.09713300829893384,0.09406820593845953,0.1003217264296052,108.0,111.67229616889969,111.16021350414546,112.16663342648327,-0.00912260760018635,-0.49096354995034114,0.0011450616470170538,0.014983748991529454,-0.0018669917010661619,-0.32142643476846516,-3.672296168899692,-1.3027082931054512,-0.5250286322081821
1641764,Brandin Podziemski,GSW,24.0,0.583,0.573828637545104,0.5679380457091665,0.5793658101541567,0.198,0.18839096193728444,0.18273288326163922,0.19372035614557095,0.087,0.08492504078834184,0.08221128178265125,0.08751267280684041,110.4,112.6120868478463,111.95194975128673,113.23295879587683,-0.009171362454895915,-0.49314868118939614,-0.00960903806271557,-0.42421092539399724,-0.0020749592116581506,-0.40930989130780954,-2.212086847846294,-0.7881983417047698,-0.5287169598989931
1629637,Jaxson Hayes,LAL,27.0,0.758,0.7207179535807982,0.7061071893043058,0.7340054004686288,0.071,0.059288208211327645,0.051831444173166534,0.06746999994383747,0.111,0.11015959746023728,0.10687285370942666,0.11330620387345741,113.1,113.09267972801587,112.55322464743332,113.60912065661037,-0.03728204641920185,-1.7530341643381453,-0.011711791788672349,-0.5100868483360863,-0.0008404025397627246,0.11239230780510712,0.0073202719841276576,-0.006182343793934469,-0.5392277621657647
1628404,Josh Hart,NYK,32.0,0.612,0.5956660798400114,0.5872178941560448,0.6039367149512559,0.212,0.1889174766339196,0.18287053776730797,0.1943277978312084,0.123,0.12085758306548158,0.11769464266069858,0.12385611330350843,112.5,112.42139567499656,112.01233213810298,112.79796992280541,-0.01633392015998858,-0.8141655047686396,-0.023082523366080382,-0.9744646100696263,-0.002142416934518415,-0.43781635291019017,0.07860432500343961,0.018934845999205183,-0.5518779054373127
1631217,Moussa Diabaté,CHA,25.0,0.653,0.6234597854333965,0.6178051762293001,0.6293082110134546,0.099,0.07681801546157166,0.07025685990346023,0.08333353111896218,0.164,0.16355985479971794,0.1578167832449017,0.16944688269954672,111.5,111.91631239062365,111.53221446332066,112.27332909745756,-0.029540214566603495,-1.4060550023777905,-0.022181984538428345,-0.9376868352807041,-0.0004401452002820716,0.2815341049957911,-0.416312390623645,-0.1554508202427954,-0.5544146382263748
1641842,Ronald Holland II,DET,21.0,0.525,0.5383607698199279,0.5327262314140345,0.5433350720338856,0.088,0.10159258439544687,0.0952658456285637,0.10829200975834848,0.097,0.0937087420097163,0.09077360497867148,0.09656918996900173,104.5,111.1371990973043,110.54046816339562,111.7528610793278,0.013360769819927842,0.5167131348192049,0.013592584395446874,0.5233373860194117,-0.003291257990283708,-0.9232966219558926,-6.637199097304304,-2.3474023925108134,-0.5576621234070224
1628983,Shai Gilgeous-Alexander,OKC,28.0,0.665,0.6442930876222381,0.6359245303035919,0.6524201007898699,0.332,0.3539276192879155,0.34458366047326694,0.36400010482793926,0.062,0.06063707834361595,0.05694756847291175,0.06413118563099132,105.2,110.90427997672654,110.09490071569482,111.6592246802459,-0.0207069123777619,-1.0101575133619136,0.02192761928791548,0.8637380736080493,-0.0013629216563840474,-0.10841519210606212,-5.704279976726539,-2.0186850199611284,-0.5683799129552637
203110,Draymond Green,GSW,37.0,0.54,0.5481265103287742,0.5389666884587638,0.5578201888592409,0.278,0.2467686121446576,0.235012527822854,0.25879397890404654,0.098,0.09367464216822222,0.08824696072114499,0.0990743776689862,113.6,113.27668777670955,112.53727103769742,114.0224539216978,0.008126510328774206,0.2821202107796618,-0.031231387855342435,-1.3072621461324765,-0.004325357831777787,-1.3602892474799138,0.3233122232904435,0.10515854491668737,-0.5700681594790102
1630581,Josh Giddey,CHI,24.0,0.562,0.5645736438307489,0.5591121441528628,0.5698494154897044,0.41,0.3602282828038896,0.34996283834849956,0.3719932155610158,0.121,0.1177049450672952,0.11458479453549553,0.12118368771618056,117.1,115.22282905189411,114.78386440529862,115.68603610687778,0.002573643830748873,0.03324772160051484,-0.0497717171961104,-2.0644444419642367,-0.003295054932704794,-0.9249011438511445,1.877170948105885,0.652666197046708,-0.5758579167920397
203991,Clint Capela,HOU,33.0,0.54,0.5645784020917809,0.5587189833261917,0.5700775556284935,0.072,0.07202700005020077,0.06331662151699329,0.07926541474860604,0.169,0.16480106202165354,0.1582738213597673,0.17140749904497332,105.1,110.72528961493077,110.08804835227689,111.44073929028077,0.02457840209178086,1.019473297914279,2.700005020077334e-05,-0.03067759990895393,-0.004198937978346473,-1.3068664139656043,-5.625289614930779,-1.9908524848425742,-0.5772308002007134
1627751,Jakob Poeltl,TOR,31.0,0.698,0.6684354720782204,0.6600133594757135,0.6767201172041475,0.111,0.10949145302456449,0.1043768498294601,0.11473829097698632,0.145,0.14223418942952895,0.13754163711202738,0.1471296376447898,112.6,112.9188761849463,112.46918918114778,113.33119897013579,-0.02956452792177955,-1.4071446963628904,-0.0015085469754355096,-0.09338894666331268,-0.002765810570471039,-0.701251671995347,-0.3188761849463049,-0.1211188263807443,-0.5807260353505737
1642857,Kasparas Jakučionis,MIA,21.0,0.614,0.5849909354702948,0.5793895746306184,0.5899543789216484,0.178,0.135433049279576,0.12947041534062737,0.141548937977026,0.067,0.06784434758964425,0.06478306565450298,0.07057676390083173,112.9,112.98239713687511,112.61428787801484,113.37889729393072,-0.029009064529705197,-1.3822495260787506,-0.04256695072042399,-1.770203626673198,0.0008443475896442454,0.8243384399481913,-0.08239713687510175,-0.037794592124644276,-0.5914773262321004
1642419,Jamison Battle,TOR,26.0,0.635,0.6130994903401145,0.6086499940058644,0.6176538628724998,0.062,0.06344981019600515,0.057541873274095434,0.06912548433107242,0.084,0.08324502686915829,0.08104790972134569,0.0857115345366123,105.9,110.1768377972479,109.71118686486449,110.65299393021145,-0.021900509659885548,-1.0636530416237964,0.0014498101960051524,0.027429601583091247,-0.0007549731308417185,0.14849329167859654,-4.276837797247893,-1.5157206875180105,-0.6008627089700298
1630619,Moussa Cisse,DAL,24.0,0.564,0.5682648558502649,0.5650925125677624,0.5711165739710717,0.023,0.034434436973434,0.02749461035847448,0.041180549949603795,0.182,0.17463231268625948,0.1688204089793804,0.17984342995770694,110.7,111.5515664924636,111.30215986824251,111.81370410846918,0.004264855850264926,0.10904571623559711,0.011434436973434,0.43519919873544105,-0.0073676873137405174,-2.6459248260631067,-0.8515664924636042,-0.3088141521677498,-0.6026235158149545
1630567,Scottie Barnes,TOR,25.0,0.577,0.5729647158524688,0.5671447880877377,0.5790598729506884,0.255,0.24871932456629925,0.24041281353210275,0.25631645982865675,0.11,0.10723410949144545,0.10466196348598096,0.11007939516108071,110.0,113.33619559267024,112.72072013079446,113.90303500773858,-0.004035284147531182,-0.2629561142642891,-0.006280675433700755,-0.28828144914372905,-0.0027658905085545527,-0.7012854524405152,-3.3361955926702365,-1.184282058833225,-0.6092012686704396
1630595,Cade Cunningham,DET,25.0,0.564,0.565445711621807,0.5596165925785628,0.5720250967613874,0.43,0.4109544074493826,0.3968863409165389,0.42478839440956734,0.079,0.07779342170220539,0.0741666991876699,0.08153374886382418,109.0,113.88733137922725,113.10322779211948,114.62759101477604,0.0014457116218070665,-0.017304780708788905,-0.019045592550617385,-0.8095973907886316,-0.0012065782977946082,-0.04234720523302313,-4.887331379227248,-1.7308302739764985,-0.6500199126767355
1641709,Ausar Thompson,DET,24.0,0.545,0.5529622090176345,0.5457295117942257,0.5602855832501331,0.155,0.14016520341438024,0.13402203083365347,0.14624367241324976,0.108,0.10538375771432246,0.1020332614306152,0.10856472960191325,107.2,111.74142556331513,111.24778719902906,112.30630873349881,0.007962209017634447,0.2747564327573935,-0.014834796585619758,-0.637629563386276,-0.002616242285677542,-0.6380467135915224,-4.54142556331513,-1.6089491286036093,-0.6524672432060035
1630700,Dyson Daniels,ATL,24.0,0.542,0.5504283866125793,0.5442315659268174,0.5573585805928599,0.23,0.18995419632901525,0.1830951777140294,0.19674364201401642,0.1,0.09751595502567505,0.09483335157321351,0.10035043412568367,110.6,112.6142505673762,112.20876652293188,113.0511092838211,0.008428386612579275,0.2956499259639607,-0.04004580367098476,-1.6672406276920377,-0.0024840449743249587,-0.5821824267430532,-2.014250567376209,-0.7184900241489522,-0.6680657881550206
1642864,Hugo González,BOS,21.0,0.561,0.55806083163872,0.5530911414947015,0.5626421990981458,0.047,0.03822326646072216,0.03104889253927383,0.04555008340588967,0.107,0.10473012670953585,0.10173250263581977,0.1078499865765551,106.2,110.72855814644001,110.21641401384973,111.25847122791498,-0.0029391683612800534,-0.21382958398485874,-0.00877673353927784,-0.39021982209131795,-0.0022698732904641444,-0.4916771943778535,-4.528558146440005,-1.604415248470385,-0.6750354622311039
1630543,Isaiah Jackson,LAC,25.0,0.653,0.6158404490064778,0.610643664505908,0.6210983932148544,0.083,0.08417299650663108,0.07991051075871726,0.08886992557557774,0.155,0.14995045987426495,0.1459280149695673,0.15395036851198068,114.7,112.751751447321,112.48520202069786,113.03418395185523,-0.037159550993522195,-1.7475440734971721,0.00117299650663108,0.016124601494606407,-0.0050495401257350525,-1.666316102234253,1.9482485526790043,0.6777106439950474,-0.6800062325604429
1630552,Jalen Johnson,ATL,25.0,0.581,0.5823142283316866,0.5777655555207549,0.5874315520449584,0.325,0.3078346255323621,0.2993267541130137,0.3160545772556822,0.14,0.13565955471408506,0.1323319679979774,0.13912651302717097,112.3,114.23038301280819,113.68857829379519,114.81264205558462,0.0013142283316865955,-0.02319769632442312,-0.017165374467637884,-0.7328097664391366,-0.004340445285914957,-1.366664943453669,-1.9303830128081927,-0.6889389927983546,-0.7029028497538958
1642844,Dylan Harper,SAS,21.0,0.574,0.5621907104164044,0.5579047687310033,0.5660755855672084,0.246,0.2219773440769186,0.21503746154834627,0.22885926799063167,0.07,0.06975209696571882,0.06728546700186633,0.07252807301815495,107.4,111.77536829926368,111.34769312751895,112.26009613320535,-0.011809289583595506,-0.6113772557510445,-0.024022655923081393,-1.0128593826118233,-0.00024790303428118277,0.36277230413889977,-4.37536829926367,-1.550438260589692,-0.702975648703415
1642349,Ajay Mitchell,OKC,25.0,0.585,0.5833739784031043,0.5802571273580894,0.586253031720747,0.194,0.18993397409456064,0.1862892379274707,0.19409077625938226,0.062,0.060727031677782886,0.05784605304858882,0.06362518416573948,102.5,109.48768522931194,108.53946758167193,110.49846370095726,-0.0016260215968956215,-0.15497599835910802,-0.004066025905439363,-0.19783573032985677,-0.0012729683222171134,-0.07040247602687377,-6.987685229311936,-2.470897428562062,-0.7235279083194752
1642345,Oso Ighodaro,PHX,24.0,0.636,0.6124825501780831,0.60733826593183,0.6179266258516327,0.139,0.1074676735901929,0.10169708809358269,0.11373052152995883,0.113,0.111798012857742,0.10929189118860634,0.11442233362464518,109.7,111.58012534217195,111.18809869751442,111.95847357275947,-0.023517449821916947,-1.1361222650639045,-0.03153232640980712,-1.3195523995247296,-0.0012019871422579986,-0.0404070626746088,-1.8801253421719508,-0.671230523674277,-0.7918280627343799
202710,Jimmy Butler III,GSW,37.0,0.646,0.6181067208053218,0.6086761313824286,0.6269012924813235,0.24,0.2502865895147133,0.23941476396784755,0.26003567989232546,0.087,0.08306439465187217,0.07841515329020622,0.08785773667706746,109.2,112.30861441054589,111.57699328237511,113.03397984903954,-0.02789327919467821,-1.3322414313736997,0.010286589514713285,0.3883214028730078,-0.003935605348127827,-1.195586619841343,-3.108614410545883,-1.1040930193124803,-0.8108999169136288
1631119,Jaylin Williams,OKC,25.0,0.597,0.5921391278929129,0.5870450293343499,0.5973735916364707,0.169,0.1473274707846284,0.1413685885134241,0.15299763487398316,0.131,0.13010411783901366,0.12583110576878473,0.134105107373163,103.1,109.08714024028491,108.24824567222899,109.94024649636366,-0.0048608721070870775,-0.2999579277608093,-0.021672529215371605,-0.9168808105307772,-0.0008958821609863499,0.08894758383477759,-5.987140240284916,-2.118351840572584,-0.8115607487573483
1629048,Goga Bitadze,ORL,27.0,0.7,0.6649431928439543,0.6571444420096401,0.6727480237380034,0.124,0.10259762543412294,0.09641879527416694,0.10856879822831363,0.157,0.15484766065893266,0.14974103238958286,0.15896915519173216,111.0,111.67499627080689,111.1708907402773,112.17732521757283,-0.035056807156045644,-1.653301740618289,-0.021402374565877055,-0.9058477639233411,-0.002152339341067344,-0.44200938951589014,-0.6749962708068864,-0.24659900612425786,-0.8119394750454446
201950,Jrue Holiday,POR,37.0,0.573,0.5685198192207127,0.5602010216202294,0.577593146526646,0.302,0.2907442186201253,0.27871311952381733,0.30189015694689353,0.074,0.0697397331263441,0.06490384741597374,0.07451996020313653,108.6,112.15424842125795,111.39432379555844,112.93486917905302,-0.004480180779287246,-0.2828958214789186,-0.011255781379874708,-0.49146350017919344,-0.004260266873655896,-1.3327829395334172,-3.5542484212579524,-1.2611137490723425,-0.842064002565968
1630182,Josh Green,CHA,26.0,0.644,0.6202827428305718,0.6133629923932771,0.6273499272592808,0.069,0.05166449172619157,0.04552481664824913,0.058477554912551494,0.054,0.05409023501258296,0.050362061261478755,0.05773523005210335,106.0,111.67011790120937,110.80737232044842,112.56839054832223,-0.023717257169428185,-1.1450773789585187,-0.017335508273808434,-0.7397579874543668,9.023501258296346e-05,0.5056635675929555,-5.670117901209366,-2.0066478910641514,-0.8464549224710204
201143,Al Horford,GSW,41.0,0.554,0.5499921367915095,0.5312998298874443,0.5661185695271321,0.171,0.1706621991627499,0.15114901517822898,0.19125042083757568,0.111,0.10312737439035771,0.09390970265007625,0.11243734822676449,113.5,114.13348150262674,112.80209475629,115.50315554383344,-0.0040078632084905585,-0.26172714228070254,-0.0003378008372501018,-0.04557597460363321,-0.00787262560964229,-2.859302976605066,-0.6334815026267364,-0.2319711297980264,-0.849644305821857
1642867,Collin Murray-Boyles,TOR,22.0,0.621,0.5916088013330189,0.5870116376995286,0.5958299073831008,0.122,0.10781193285956733,0.10357617758081247,0.11196220957673225,0.112,0.10944080208399316,0.10703496766672271,0.1118826965953041,109.1,111.61598868944307,111.28620245560627,111.95484014525934,-0.029391198666981144,-1.39937629726585,-0.014188067140432664,-0.6112172986908484,-0.002559197916006839,-0.6139407541149723,-2.515988689443077,-0.8952792372285291,-0.8799533968250499
1629674,Neemias Queta,BOS,27.0,0.674,0.6433364985501009,0.6353829188733464,0.651821144580381,0.091,0.08911576845899674,0.08336754124650594,0.0946252971311009,0.157,0.1548799066260431,0.1508000755583187,0.15862396213757818,105.6,109.91478947665357,109.430194280321,110.39267197516841,-0.030663501449899155,-1.456399307036923,-0.0018842315410032562,-0.10873180798129621,-0.0021200933739569106,-0.42838280408890617,-4.314789476653573,-1.5290930968329326,-0.8806517539850145
1642928,Dylan Cardwell,SAC,25.0,0.591,0.5850390508872413,0.5814894380085327,0.588888022974395,0.095,0.07101591033221824,0.06600361032689242,0.0759611569803974,0.174,0.16785212495183088,0.16220265499897651,0.17264472830191577,111.1,111.29565117581458,110.99165662140801,111.61890029867358,-0.0059609491127586844,-0.34926199491019866,-0.02398408966778176,-1.0112843466352401,-0.006147875048169105,-2.1304533568785633,-0.19565117581458935,-0.07770005583490898,-0.8921749385647277
1631105,Jalen Duren,DET,23.0,0.688,0.6607908909251364,0.6512189506701787,0.6707923496968996,0.104,0.13616525141241176,0.12968831062522365,0.14262519020293224,0.182,0.1765269673485204,0.17013652460159778,0.1834579290052317,108.2,113.50208585395313,112.81234963296139,114.17138709388033,-0.027209109074863513,-1.3015777875060093,0.03216525141241176,1.2818403442544448,-0.005473032651479581,-1.8452766854285405,-5.30208585395313,-1.8769704893262298,-0.9354961545015836
1631096,Chet Holmgren,OKC,25.0,0.653,0.6326768656052031,0.625726361946574,0.6394967755386769,0.082,0.1133425431833644,0.10724013398470839,0.11888127149791784,0.149,0.14442632250538837,0.14096060651364228,0.1479143718759946,102.3,109.52818828140225,108.76254919368711,110.26938061640487,-0.020323134394796938,-0.9929570670795101,0.031342543183364394,1.2482411511538134,-0.004573677494611628,-1.4652248224377606,-7.228188281402254,-2.5556395349563963,-0.9413950683299634
203497,Rudy Gobert,MIN,35.0,0.664,0.6524636334801853,0.6422484054721759,0.6629425623661733,0.074,0.07239311285428686,0.06265065069567782,0.0822862339262296,0.173,0.166213866856609,0.15940934277092358,0.17357877356234008,108.0,110.17259970903103,109.45229137620838,110.89145436817104,-0.011536366519814711,-0.5991451874559253,-0.0016068871457131373,-0.09740513399929321,-0.006786133143390993,-2.4001701381808362,-2.172599709031033,-0.7742849078019267,-0.9677513418594954
1642275,Tidjane Salaün,CHA,21.0,0.629,0.5820605239811286,0.5693017225092996,0.5942201484690227,0.071,0.07192459350336179,0.06477749714998157,0.07827513130314112,0.125,0.12141984309484294,0.11798326328818272,0.12485785985016304,111.1,113.01047092662027,112.58655703857988,113.46984898062712,-0.046939476018871384,-2.1858680068943874,0.000924593503361798,0.005979886541061341,-0.0035801569051570614,-1.0453802837608732,-1.9104709266202775,-0.6819228983596205,-0.976797825618455
203939,Dwight Powell,DAL,35.0,0.699,0.6818667573146964,0.6678492418200259,0.695237518662203,0.095,0.07121409270767433,0.06295127032610655,0.0799933920000056,0.136,0.13086433845050538,0.12603740461243168,0.1360796993737886,110.9,112.22617212917054,111.5398306695979,112.91430758620241,-0.017133242685303585,-0.8499901345527068,-0.023785907292325673,-1.003190629243108,-0.00513566154949463,-1.7027095195547604,-1.32617212917053,-0.4760431374617289,-1.0079833552030761
203999,Nikola Jokić,DEN,32.0,0.67,0.6509086484753815,0.6421985010651738,0.6593749379837592,0.458,0.4360730525568826,0.4210271207881372,0.45085192421878695,0.185,0.17776934384194887,0.17128230816711829,0.18359135817746836,115.3,114.19614160630948,113.66617229824628,114.67808086042903,-0.019091351524618494,-0.9377501088105586,-0.021926947443117406,-0.9272711857094111,-0.00723065615805113,-2.58801784058598,1.1038583936905155,0.380186766150623,-1.0182130922388317
1630549,Day'Ron Sharpe,BKN,25.0,0.638,0.6157092402576512,0.6100660957247532,0.6216487879118548,0.207,0.18948995280332692,0.183312081592984,0.19484608193582081,0.18,0.17383325380026818,0.16706045606235875,0.1806313656185769,111.7,112.20267090962321,111.6297639238778,112.76789934634375,-0.022290759742348842,-1.0811435592617669,-0.017510047196673068,-0.746886112305744,-0.006166746199731815,-2.1384279776425856,-0.5026709096232054,-0.1858795517766039,-1.038084300246675
1628392,Isaiah Hartenstein,OKC,29.0,0.631,0.6333497072659645,0.6237117465758117,0.6428014153810587,0.189,0.16215274066729252,0.15564646567949378,0.16816833619836927,0.188,0.1837316898261583,0.17865777027286295,0.1889811035970992,103.2,109.13459493815309,108.43698318384428,109.82699904428542,0.002349707265964507,0.023211166549906053,-0.026847259332707485,-1.128215461525269,-0.004268310173841688,-1.3361818984395408,-5.934594938153083,-2.0998373163489745,-1.1352558774409696
1642264,Stephon Castle,SAS,22.0,0.575,0.5623966665023624,0.5562035952455875,0.5682864754324984,0.344,0.30702057909982955,0.29804846311118594,0.31637678803401975,0.084,0.08045755083118455,0.077497211127389,0.08347822586156745,108.4,112.61928344982616,112.06909418676933,113.18835096395105,-0.012603333497637537,-0.6469653048200195,-0.03697942090017042,-1.542010341669083,-0.003542449168815451,-1.0294456495550695,-4.2192834498261504,-1.4954412083584772,-1.178465626100662
1630194,Paul Reed,DET,28.0,0.65,0.6164369738011073,0.6109545809004459,0.6214019146812222,0.134,0.1451851448064619,0.14165293575450585,0.14907769211795052,0.159,0.1535289802983685,0.14943334651560414,0.15792201778421705,104.4,109.3829666149649,108.91358588477969,109.87826069549894,-0.03356302619889273,-1.5863523577676018,0.011185144806461905,0.42501817056428853,-0.0054710197016314965,-1.8444260477977563,-4.982966614964894,-1.7645276896703472,-1.1925719811678541
2544,LeBron James,LAL,42.0,0.594,0.5627805505856781,0.5442978561499353,0.5816865638059776,0.338,0.35302459172232215,0.32956229504778084,0.37635976912780933,0.093,0.08541369487434455,0.07520025690111308,0.09596754228486867,112.4,115.64756980949055,114.06492854274805,117.17667821864356,-0.031219449414321865,-1.4813161952439708,0.015024591722322123,0.5818201980278843,-0.007586305125655446,-2.7383089148924715,-3.2475698094905425,-1.1530544486959766,-1.1977148402011337
1641750,Ryan Kalkbrenner,CHA,25.0,0.762,0.6730779619904769,0.6613209236423547,0.6844607683514987,0.053,0.044618831606445995,0.038559035734426594,0.05039553181742183,0.121,0.11913212687044393,0.11660912988032097,0.12206119284712015,111.2,111.36185964100683,111.06877554736695,111.67163806165986,-0.08892203800952314,-4.067473607973919,-0.008381168393554003,-0.3740650429778962,-0.0018678731295560663,-0.32179891113347314,-0.16185964100682781,-0.06579348827570901,-1.2072827625902491
1641705,Victor Wembanyama,SAS,23.0,0.626,0.5987808129591496,0.5915486988945435,0.6054790899696288,0.17,0.2294493591051193,0.22132294736078434,0.23823513877409025,0.186,0.17710016784493057,0.17074186096783542,0.18337086872678396,103.6,111.50203894943768,110.75869184884493,112.28814653736093,-0.027219187040850357,-1.3020294692602707,0.05944935910511928,2.3961163057422756,-0.008899832155069426,-3.293382614982261,-7.9020389494376815,-2.7930732161851344,-1.2480922486713477
1629011,Mitchell Robinson,NYK,29.0,0.676,0.6326111660316354,0.6253145104144896,0.639570585338273,0.058,0.046372929643036125,0.04032263889579573,0.05279612648404497,0.214,0.20503699536564995,0.19738214557412626,0.21223918316146007,109.9,110.41532254134052,110.05155339359877,110.7725122254821,-0.04338883396836468,-2.026732698021395,-0.011627070356963878,-0.5066268467909079,-0.008963004634350041,-3.320078207104016,-0.5153225413405096,-0.19033739924145476,-1.5109437877894434
1629057,Robert Williams III,POR,29.0,0.722,0.6556135714149488,0.6458074296855149,0.6643797812862174,0.089,0.08077883175037488,0.07589474056304697,0.08582043915654228,0.192,0.18455612871634475,0.1784258061643362,0.19071761217538158,107.2,109.73239637098146,109.33734386480249,110.09963739473193,-0.06638642858505117,-3.0574559504934387,-0.008221168249625113,-0.3675306781299592,-0.007443871283655257,-2.6781188480521094,-2.532396370981459,-0.901060542216242,-1.7510415047229373
